calendar_commit_frequency,avg_commit_size_norm,burst_concentration_ratio,commit_coefficient_variation,generic_message_ratio,pr_rejection_rate,language_diversity_norm,skill_mismatch,audio_resume_mismatch,rule_score,label
0.512214,0.258020,0.167000,0.076800,0.600000,0.173000,0.333333,0.382358,0.071252,0.000000,0
0.291781,0.540870,0.225000,0.131800,0.350000,0.000000,0.333333,0.300432,0.196688,0.000000,1
0.362121,0.328882,0.195000,0.120200,0.200000,0.310000,0.333333,0.185077,0.303630,0.000000,0
0.310638,0.245679,0.208000,0.126600,0.450000,0.283000,0.333333,0.166620,0.108462,0.000000,0
0.026020,0.032969,0.144000,1.000000,0.100000,0.390000,1.000000,0.158240,0.282794,0.000000,0
0.302439,0.141588,0.927000,1.000000,0.150000,0.036000,0.666667,0.179987,0.079335,0.293000,0
0.010444,0.427185,0.277000,1.000000,0.150000,0.298000,1.000000,0.465954,0.430926,0.000000,0
0.117647,0.123512,0.480000,1.000000,0.150000,0.176000,1.000000,0.289833,0.339846,0.000000,0
0.144068,0.086735,0.894000,1.000000,0.250000,0.186000,0.333333,0.542046,0.309262,0.268000,0
0.023012,0.246920,0.180000,1.000000,0.100000,0.367000,0.666667,0.133691,0.149819,0.000000,0
0.118000,0.625205,0.831000,1.000000,0.600000,0.000000,0.500000,0.676389,0.455846,0.219000,1
0.364045,0.376307,0.194000,0.098200,0.350000,0.000000,0.500000,0.369850,0.637130,0.000000,1
0.074330,0.337281,0.119000,0.943800,0.450000,0.051000,0.333333,0.230128,0.333631,0.000000,0
0.231776,0.778691,0.597000,1.000000,0.400000,0.000000,0.333333,0.674513,0.170736,0.037000,1
0.244079,0.066606,0.216000,0.137400,0.450000,0.302000,0.333333,0.431293,0.244523,0.000000,0
0.035321,0.287248,0.186000,1.000000,0.250000,0.413000,0.333333,0.185809,0.177292,0.000000,0
0.234545,0.288185,0.202000,0.131400,0.250000,0.033000,0.500000,0.158712,0.333482,0.000000,0
0.088889,0.713194,0.516000,0.743000,0.350000,0.279000,0.166667,0.176546,0.540809,0.000000,1
0.151923,0.087844,0.253000,0.187000,0.450000,0.177000,1.000000,0.209882,0.069176,0.000000,0
0.256000,0.289071,0.227000,0.154800,0.150000,0.129000,0.333333,0.390785,0.452184,0.000000,0
0.049306,0.258625,0.192000,1.000000,0.400000,0.223000,0.333333,0.042803,0.525761,0.000000,0
0.006863,0.380516,0.333000,1.000000,0.100000,0.225000,0.666667,0.101556,0.273246,0.000000,0
0.360204,0.157530,0.184000,0.105800,0.250000,0.115000,1.000000,0.229912,0.190503,0.000000,0
0.040224,0.151538,0.152000,1.000000,0.200000,0.182000,1.000000,0.169270,0.326220,0.000000,0
0.005455,1.000000,0.667000,1.000000,0.750000,0.387000,0.333333,0.370495,0.571719,0.500000,1
0.036345,0.346025,0.133000,1.000000,0.350000,0.247000,0.833333,0.347869,0.212417,0.000000,0
0.067933,0.174633,0.175000,0.985200,0.250000,0.251000,0.500000,0.125022,0.078552,0.000000,0
0.012558,0.062787,0.165000,1.000000,0.100000,0.586000,0.666667,0.287907,0.166836,0.150000,0
0.008131,0.229278,0.228000,1.000000,0.350000,0.326000,0.333333,0.039474,0.282595,0.000000,0
0.157265,0.068474,0.212000,0.156200,0.400000,0.243000,0.833333,0.138558,0.148573,0.000000,0
0.137143,0.121800,0.896000,1.000000,0.150000,0.261000,0.833333,0.441852,0.270360,0.269000,0
0.017841,0.319834,0.204000,1.000000,0.250000,0.014000,0.500000,0.023349,0.383055,0.000000,0
0.163918,0.266345,0.214000,0.157800,0.450000,0.398000,0.500000,0.198570,0.175753,0.000000,0
0.047884,0.412373,0.182000,0.957000,0.100000,0.358000,1.000000,0.180070,0.386752,0.000000,0
0.179412,0.140835,0.197000,0.164000,0.050000,0.419000,0.333333,0.088168,0.353210,0.000000,0
0.015431,0.208326,0.167000,1.000000,0.150000,0.200000,0.833333,0.053780,0.147345,0.000000,0
0.116901,0.272037,0.153000,0.675000,0.250000,0.018000,0.833333,0.156497,0.194023,0.000000,0
0.337879,0.301536,0.202000,0.152400,0.150000,0.201000,1.000000,0.143049,0.094813,0.000000,0
0.542045,0.123562,0.187000,0.088200,0.450000,0.190000,0.500000,0.434730,0.233537,0.000000,0
0.030543,0.036254,0.236000,1.000000,0.050000,0.181000,0.666667,0.415874,0.372556,0.000000,0
0.005556,1.000000,0.667000,1.000000,0.250000,0.000000,0.333333,0.301608,0.605961,0.300000,1
0.030700,0.267687,0.233000,1.000000,0.200000,0.221000,0.333333,0.242335,0.018343,0.000000,0
0.338806,0.172380,0.196000,0.108600,0.400000,0.362000,0.833333,0.121996,0.582854,0.000000,0
0.187097,0.520402,1.000000,1.000000,0.650000,0.505000,0.500000,0.280888,0.563774,0.700000,1
0.377273,0.010000,0.193000,0.120000,0.350000,0.260000,0.333333,0.259093,0.283325,0.000000,0
0.188462,0.397601,0.208000,0.148200,0.600000,0.000000,0.833333,0.128139,0.259766,0.000000,0
0.151079,0.297414,0.205000,0.170600,0.150000,0.192000,1.000000,0.424155,0.274606,0.000000,0
0.193333,0.417220,0.591000,1.000000,0.150000,0.523000,1.000000,0.248567,0.164550,0.182000,0
0.698276,0.438149,0.365000,0.859600,0.650000,0.306000,0.500000,0.834902,0.215106,0.200000,1
0.026291,0.293216,0.208000,1.000000,0.050000,0.226000,0.666667,0.376389,0.249342,0.000000,0
0.025735,0.079305,0.129000,0.981600,0.600000,0.232000,0.833333,0.329916,0.021541,0.000000,0
0.037500,1.000000,0.333000,0.561800,0.550000,0.000000,0.166667,0.237050,0.536698,0.300000,1
0.224444,0.549210,0.723000,0.898800,0.350000,0.552000,0.500000,0.536653,0.531762,0.285000,1
0.201515,0.172459,0.195000,0.156000,0.400000,0.129000,1.000000,0.186065,0.112926,0.000000,0
0.403571,0.118187,0.181000,0.120000,0.550000,0.345000,0.500000,0.115942,0.225311,0.000000,0
0.473469,0.518306,0.213000,0.106200,0.250000,0.032000,1.000000,0.189454,0.176967,0.000000,0
0.553226,0.347116,0.176000,0.084600,0.450000,0.102000,0.666667,0.037226,0.618952,0.000000,0
0.030796,0.219951,0.126000,1.000000,0.000000,0.347000,0.833333,0.147797,0.068300,0.000000,0
0.007563,1.000000,0.444000,1.000000,0.650000,0.000000,0.500000,0.663844,0.664158,0.500000,1
0.289109,0.426652,0.192000,0.127200,0.500000,0.186000,0.500000,0.052490,0.272508,0.000000,0
0.004343,0.102032,0.333000,1.000000,0.200000,0.111000,1.000000,0.128356,0.079125,0.000000,0
0.025806,1.000000,0.500000,0.761600,0.350000,0.000000,0.333333,0.440783,0.399949,0.300000,1
0.296053,0.326531,0.178000,0.137000,0.400000,0.352000,0.833333,0.070032,0.374543,0.000000,0
0.215000,0.161525,0.544000,1.000000,0.550000,0.629000,0.166667,0.269781,0.672563,0.150000,1
0.047989,0.276487,0.192000,0.898800,0.100000,0.163000,0.333333,0.114069,0.422999,0.000000,0
0.232394,0.336284,0.200000,0.119000,0.400000,0.294000,0.500000,0.021652,0.249790,0.000000,0
0.182927,0.110278,0.213000,0.149600,0.150000,0.308000,0.833333,0.418742,0.276683,0.000000,0
0.233708,0.299208,0.202000,0.119000,0.100000,0.025000,0.833333,0.426169,0.081882,0.000000,0
0.407692,0.238864,0.193000,0.109600,0.150000,0.276000,0.666667,0.219020,0.265804,0.000000,0
0.507042,0.237175,0.181000,0.095000,0.050000,0.402000,0.666667,0.394557,0.338669,0.000000,0
0.016667,1.000000,0.600000,0.764200,0.800000,0.574000,0.333333,0.544684,0.696414,0.650000,1
0.098936,0.680753,1.000000,1.000000,0.800000,0.000000,0.333333,0.696996,0.370904,0.550000,1
0.239560,0.010000,0.216000,0.145400,0.200000,0.363000,0.833333,0.409049,0.059112,0.000000,0
0.203356,0.187053,0.205000,0.148800,0.050000,0.369000,0.500000,0.357112,0.296557,0.000000,0
0.200000,0.213198,0.265000,0.194800,0.250000,0.381000,0.333333,0.188123,0.125367,0.000000,0
0.400000,0.033833,0.181000,0.093400,0.400000,0.048000,0.666667,0.082590,0.033296,0.000000,0
0.561290,0.361079,0.188000,0.097600,0.100000,0.127000,1.000000,0.489353,0.190342,0.000000,0
0.015871,0.267448,0.203000,1.000000,0.200000,0.063000,0.500000,0.097745,0.443572,0.000000,0
0.022727,1.000000,0.400000,0.747200,0.650000,0.420000,0.333333,0.620221,0.540092,0.500000,1
0.018966,1.000000,0.364000,0.718400,0.600000,0.000000,0.166667,0.690508,0.328726,0.300000,1
0.317647,0.219236,0.954000,1.000000,0.300000,0.377000,0.666667,0.253733,0.115792,0.314000,0
0.009777,0.013562,0.143000,1.000000,0.050000,0.117000,0.833333,0.523302,0.084482,0.000000,0
0.009128,0.156075,0.244000,1.000000,0.350000,0.122000,1.000000,0.141616,0.452896,0.000000,0
0.302326,0.398229,0.192000,0.174400,0.300000,0.000000,0.500000,0.165885,0.081944,0.000000,0
0.035484,0.124526,0.212000,1.000000,0.150000,0.163000,0.333333,0.420222,0.289241,0.000000,0
0.166234,0.081860,0.203000,0.128000,0.450000,0.100000,0.333333,0.356442,0.159895,0.000000,0
0.005171,0.153646,0.260000,1.000000,0.050000,0.068000,1.000000,0.195420,0.160170,0.000000,0
0.358940,0.312487,0.199000,0.120600,0.150000,0.139000,0.666667,0.299131,0.113446,0.000000,0
0.303731,0.137456,0.199000,0.123000,0.200000,0.329000,1.000000,0.215910,0.472002,0.000000,0
0.381890,0.361871,0.184000,0.097600,0.200000,0.335000,0.500000,0.277203,0.267213,0.000000,0
0.392793,0.388646,0.204000,0.099200,0.600000,0.491000,0.500000,0.524114,0.608691,0.000000,1
0.518421,0.264654,0.178000,0.104600,0.250000,0.000000,0.833333,0.103047,0.147497,0.000000,0
0.308333,0.112583,0.600000,1.000000,0.200000,0.567000,1.000000,0.194868,0.421816,0.189000,0
0.273846,0.264526,0.219000,0.165600,0.050000,0.199000,1.000000,0.328938,0.358791,0.000000,0
0.253704,0.257578,0.234000,0.142000,0.350000,0.000000,0.333333,0.089639,0.139618,0.000000,0
0.197872,0.246259,0.237000,0.166200,0.500000,0.102000,0.666667,0.407657,0.023720,0.000000,0
0.614286,0.319190,0.151000,0.070800,0.250000,0.115000,1.000000,0.113155,0.174821,0.000000,0
0.304950,0.201869,0.195000,0.123000,0.100000,0.064000,0.333333,0.379179,0.409840,0.000000,0
0.033333,0.151699,0.176000,1.000000,0.500000,0.033000,0.666667,0.161459,0.446573,0.000000,0
0.119838,0.297911,0.193000,0.744200,0.100000,0.109000,0.833333,0.540295,0.067655,0.000000,0
0.536264,0.337946,0.184000,0.089400,0.400000,0.246000,0.333333,0.100570,0.102282,0.000000,0
0.150746,0.281835,0.228000,0.181000,0.300000,0.078000,1.000000,0.361792,0.142334,0.000000,0
0.026957,0.264747,0.234000,1.000000,0.350000,0.377000,0.666667,0.287201,0.149410,0.000000,0
0.370139,0.200774,0.178000,0.111200,0.350000,0.013000,0.666667,0.062106,0.332130,0.000000,0
0.363636,0.324624,0.184000,0.116400,0.050000,0.319000,1.000000,0.185709,0.439922,0.000000,0
0.020025,0.070959,0.253000,1.000000,0.100000,0.000000,1.000000,0.087808,0.345931,0.000000,0
0.581333,0.389896,0.171000,0.077200,0.200000,0.180000,0.666667,0.090462,0.176180,0.000000,0
0.150794,0.121918,0.216000,0.162600,0.050000,0.045000,1.000000,0.370336,0.096722,0.000000,0
0.410843,0.230050,0.202000,0.103600,0.200000,0.291000,1.000000,0.124874,0.062409,0.000000,0
0.010112,0.145788,0.159000,1.000000,0.550000,0.000000,1.000000,0.210724,0.173555,0.000000,0
0.027000,0.063227,0.198000,1.000000,0.100000,0.180000,0.500000,0.029786,0.149232,0.000000,0
0.020833,0.286711,0.152000,1.000000,0.000000,0.000000,1.000000,0.153621,0.167901,0.000000,0
0.164045,0.298287,0.603000,1.000000,0.300000,0.000000,0.833333,0.158921,0.166754,0.041000,0
0.370779,0.482980,0.193000,0.110400,0.400000,0.264000,0.333333,0.300441,0.199676,0.000000,0
0.411111,0.352710,0.176000,0.103600,0.500000,0.374000,0.333333,0.255562,0.200226,0.000000,0
0.236585,0.661876,0.845000,1.000000,0.300000,0.000000,0.500000,0.593156,0.539308,0.229000,1
0.329286,0.213640,0.189000,0.097800,0.150000,0.370000,1.000000,0.085717,0.176583,0.000000,0
0.175000,0.293237,0.783000,1.000000,0.100000,0.286000,0.833333,0.189092,0.292821,0.181000,0
0.169737,0.944566,0.682000,1.000000,0.550000,0.000000,0.166667,0.506955,0.647524,0.103000,1
0.471111,0.299737,0.151000,0.074600,0.200000,0.289000,1.000000,0.619050,0.039965,0.000000,0
0.043825,0.465280,0.236000,0.856400,0.550000,0.207000,0.833333,0.250428,0.099342,0.000000,0
0.594118,0.145757,0.163000,0.095400,0.500000,0.033000,0.833333,0.297833,0.317165,0.000000,0
0.016633,0.263970,0.183000,1.000000,0.050000,0.026000,0.333333,0.504631,0.195651,0.000000,0
0.042500,1.000000,0.235000,0.535400,0.300000,0.845000,0.333333,0.286122,0.664025,0.450000,1
0.016954,0.085252,0.167000,1.000000,0.400000,0.199000,0.500000,0.219578,0.313191,0.000000,0
0.423810,0.176782,0.169000,0.085000,0.300000,0.140000,0.833333,0.304514,0.037365,0.000000,0
0.375000,0.341396,0.160000,0.124400,0.150000,0.129000,0.333333,0.145324,0.231756,0.000000,0
0.532468,0.132574,0.190000,0.099600,0.200000,0.000000,0.833333,0.041061,0.126744,0.000000,0
0.336765,0.242934,0.214000,0.113000,0.150000,0.133000,0.666667,0.537507,0.125322,0.000000,0
0.472932,0.120610,0.169000,0.107000,0.200000,0.000000,0.500000,0.178986,0.082121,0.000000,0
0.334375,0.224542,0.776000,0.825000,0.600000,0.496000,0.166667,0.462294,0.675701,0.176000,1
0.004202,1.000000,0.800000,1.000000,0.300000,0.000000,0.166667,0.695331,0.293575,0.300000,1
0.019735,0.055076,0.134000,1.000000,0.200000,0.247000,0.666667,0.059121,0.037077,0.000000,0
0.115068,0.414448,0.940000,1.000000,0.200000,0.267000,0.833333,0.495041,0.463838,0.303000,0
0.126364,0.964612,0.489000,0.796800,0.300000,0.390000,0.500000,0.311961,0.789953,0.000000,1
0.123256,0.223770,0.245000,0.194400,0.250000,0.251000,1.000000,0.430807,0.107549,0.000000,0
0.183696,0.326650,0.787000,1.000000,0.350000,0.000000,0.333333,0.539592,0.241013,0.184000,0
0.019303,0.103529,0.181000,1.000000,0.350000,0.082000,1.000000,0.071714,0.146858,0.000000,0
0.050725,0.360219,0.800000,1.000000,0.450000,0.056000,1.000000,0.073742,0.120724,0.194000,0
0.222388,0.020973,0.208000,0.138800,0.150000,0.326000,0.666667,0.534024,0.430264,0.000000,0
0.317000,0.069522,0.202000,0.118400,0.100000,0.079000,0.666667,0.055875,0.359390,0.000000,0
0.484848,0.222661,0.202000,0.105200,0.600000,0.297000,1.000000,0.241953,0.503256,0.000000,0
0.685417,0.612334,0.514000,0.880600,0.750000,1.000000,0.333333,0.350526,0.612382,0.350000,1
0.138073,0.080932,0.243000,0.801600,0.550000,0.235000,0.666667,0.061778,0.209496,0.000000,0
0.258824,0.260730,0.214000,0.131200,0.050000,0.159000,0.500000,0.348759,0.296070,0.000000,0
0.338095,0.124684,0.204000,0.133400,0.500000,0.237000,0.666667,0.379881,0.292550,0.000000,0
0.102128,0.085825,0.229000,0.215600,0.050000,0.000000,0.833333,0.109568,0.091140,0.000000,0
0.502941,0.138764,1.000000,1.000000,0.300000,0.000000,0.166667,0.872655,0.582605,0.350000,1
0.560526,0.374491,0.181000,0.082600,0.100000,0.171000,1.000000,0.238813,0.258544,0.000000,0
0.520690,0.215982,0.179000,0.109800,0.250000,0.000000,0.833333,0.019544,0.040538,0.000000,0
0.269930,0.228497,0.202000,0.130800,0.400000,0.485000,0.666667,0.486123,0.198151,0.000000,0
0.252688,0.406894,0.209000,0.133600,0.200000,0.187000,0.666667,0.414931,0.176644,0.000000,0
0.120000,0.233094,0.208000,0.208200,0.450000,0.447000,0.500000,0.145475,0.163064,0.000000,0
0.035000,0.195048,0.183000,1.000000,0.350000,0.073000,0.333333,0.400474,0.609793,0.000000,0
0.278947,0.179910,0.201000,0.129400,0.050000,0.132000,0.833333,0.252876,0.132659,0.000000,0
0.019516,0.132221,0.161000,1.000000,0.100000,0.092000,0.833333,0.162982,0.290183,0.000000,0
0.350000,0.249629,0.217000,0.114600,0.050000,0.308000,0.500000,0.396497,0.268533,0.000000,0
0.365854,0.048274,0.187000,0.105600,0.250000,0.122000,0.666667,0.632018,0.492483,0.000000,0
0.368519,0.344105,0.211000,0.133200,0.300000,0.333000,0.833333,0.319379,0.190050,0.000000,0
0.062500,0.147510,0.195000,0.921200,0.100000,0.358000,1.000000,0.215256,0.356664,0.000000,0
0.024539,0.304878,0.188000,1.000000,0.150000,0.264000,0.666667,0.367629,0.140320,0.000000,0
0.010212,0.104305,0.273000,1.000000,0.200000,0.278000,1.000000,0.062033,0.203884,0.000000,0
0.062005,0.010000,0.145000,0.873400,0.150000,0.274000,0.833333,0.252447,0.317946,0.000000,0
0.311268,0.064460,0.719000,1.000000,0.650000,0.293000,0.166667,0.174886,0.579078,0.331000,1
0.446465,0.259721,0.174000,0.081800,0.500000,0.060000,0.833333,0.170578,0.229497,0.000000,0
0.020000,1.000000,0.500000,0.748400,0.600000,0.530000,0.500000,0.733602,0.316970,0.450000,1
1.000000,0.607990,0.455000,0.646200,0.250000,0.000000,0.500000,0.694347,0.287007,0.000000,1
0.326829,0.079175,0.187000,0.153600,0.150000,0.194000,1.000000,0.126074,0.119333,0.000000,0
0.007018,1.000000,0.500000,1.000000,0.500000,0.619000,0.166667,0.528086,0.521327,0.450000,1
0.124096,0.672561,0.670000,1.000000,0.400000,0.364000,0.500000,0.218590,0.527816,0.093000,1
0.019106,0.288147,0.298000,1.000000,0.350000,0.213000,0.666667,0.234211,0.275268,0.000000,0
0.405455,0.195297,0.529000,1.000000,0.150000,0.394000,0.333333,0.227437,0.238642,0.000000,0
0.153521,0.377316,0.211000,0.148000,0.400000,0.000000,0.500000,0.593478,0.712755,0.000000,1
0.259223,0.284636,0.232000,0.154400,0.250000,0.411000,0.833333,0.272334,0.115635,0.000000,0
0.558252,0.281690,0.170000,0.096600,0.300000,0.286000,0.666667,0.054838,0.099128,0.000000,0
0.246078,0.182926,0.474000,1.000000,0.700000,0.812000,0.500000,0.510300,0.541457,0.350000,1
0.010526,1.000000,0.500000,1.000000,0.650000,0.000000,0.166667,0.745627,0.515011,0.500000,1
0.105000,0.170731,0.464000,1.000000,0.200000,0.069000,0.666667,0.046499,0.267153,0.000000,0
0.176119,0.395026,0.195000,0.157000,0.200000,0.458000,1.000000,0.554543,0.228772,0.000000,0
0.403333,0.111277,0.186000,0.128400,0.050000,0.365000,0.666667,0.162190,0.269748,0.000000,0
0.114423,0.111550,0.958000,1.000000,0.200000,0.073000,0.666667,0.314719,0.227994,0.317000,0
0.041212,0.182019,0.176000,1.000000,0.200000,0.363000,0.333333,0.552143,0.223058,0.000000,0
0.101408,0.258009,0.847000,1.000000,0.250000,0.000000,0.500000,0.130774,0.210242,0.231000,0
0.185185,0.080451,0.627000,1.000000,0.050000,0.000000,0.666667,0.197152,0.265872,0.060000,0
0.480000,0.074533,0.208000,0.131200,0.100000,0.173000,0.833333,0.135469,0.135897,0.000000,0
0.433010,0.389400,0.200000,0.131400,0.200000,0.135000,1.000000,0.111831,0.285547,0.000000,0
0.408911,0.288513,0.184000,0.089800,0.150000,0.178000,0.500000,0.186326,0.301779,0.000000,0
0.022370,0.350058,0.208000,1.000000,0.250000,0.000000,0.333333,0.253702,0.047123,0.000000,0
0.481538,0.263845,0.176000,0.103600,0.100000,0.598000,0.666667,0.061056,0.050173,0.150000,0
0.195946,0.272274,0.210000,0.152400,0.050000,0.200000,0.833333,0.077295,0.179728,0.000000,0
0.084783,0.507698,0.923000,1.000000,0.150000,0.257000,0.666667,0.255484,0.278560,0.290000,0
0.315152,0.162561,0.199000,0.103800,0.250000,0.000000,0.666667,0.185966,0.136719,0.000000,0
0.217910,0.348060,0.212000,0.137200,0.500000,0.131000,1.000000,0.095690,0.101375,0.000000,0
0.038704,0.354103,0.199000,1.000000,0.250000,0.422000,0.500000,0.289953,0.062546,0.000000,0
0.029622,0.348488,0.149000,1.000000,0.550000,0.267000,1.000000,0.046482,0.054232,0.000000,0
0.322917,0.297134,0.194000,0.145400,0.350000,0.557000,1.000000,0.128937,0.246997,0.150000,0
0.572932,0.331890,0.169000,0.085600,0.450000,0.006000,0.666667,0.110018,0.062795,0.000000,0
0.442308,0.374177,0.200000,0.128400,0.250000,0.000000,0.500000,0.040382,0.116896,0.000000,0
0.007407,1.000000,0.667000,1.000000,0.700000,0.989000,0.166667,0.162690,0.818299,0.650000,1
0.557718,0.257399,0.173000,0.096200,0.400000,0.561000,1.000000,0.254916,0.691039,0.150000,0
0.230233,0.463800,0.172000,0.096600,0.300000,0.037000,0.666667,0.055951,0.163712,0.000000,0
0.298462,0.450131,0.211000,0.131200,0.050000,0.052000,1.000000,0.249790,0.262544,0.000000,0
0.305806,0.426920,0.200000,0.124200,0.200000,0.367000,0.833333,0.453472,0.498797,0.000000,0
0.357143,0.337241,0.173000,0.151800,0.300000,0.093000,0.333333,0.112846,0.074606,0.000000,0
0.187805,0.282850,0.942000,1.000000,0.150000,0.173000,0.833333,0.315989,0.092849,0.305000,0
0.008247,0.215849,0.297000,1.000000,0.050000,0.223000,1.000000,0.128641,0.244952,0.000000,0
0.506977,0.188551,0.191000,0.093400,0.050000,0.028000,0.833333,0.104766,0.127420,0.000000,0
0.301429,0.276349,0.692000,1.000000,0.450000,0.393000,0.833333,0.493789,0.239717,0.110000,0
0.537349,0.153251,0.161000,0.105800,0.250000,0.342000,0.333333,0.091638,0.073079,0.000000,0
0.169841,0.037604,0.897000,1.000000,0.400000,0.229000,0.333333,0.388365,0.525267,0.270000,0
0.282979,0.319563,0.195000,0.117000,0.150000,0.179000,0.666667,0.261558,0.075825,0.000000,0
0.202857,0.303234,1.000000,1.000000,0.650000,0.250000,0.333333,0.677487,0.547300,0.550000,1
0.191200,0.471932,0.222000,0.146200,0.300000,0.280000,0.833333,0.376608,0.031546,0.000000,0
0.579508,0.317586,0.175000,0.089600,0.200000,0.150000,1.000000,0.176094,0.217306,0.000000,0
0.094286,0.819392,0.576000,0.855200,0.350000,0.667000,0.500000,0.365007,0.535414,0.170000,1
0.007168,0.477570,0.333000,1.000000,0.250000,0.204000,0.666667,0.348193,0.241054,0.000000,0
0.556000,0.230745,0.171000,0.076400,0.050000,0.323000,1.000000,0.013382,0.128293,0.000000,0
0.276316,0.311379,0.210000,0.145800,0.150000,0.344000,1.000000,0.069648,0.432509,0.000000,0
0.206818,0.099941,0.725000,0.901600,0.600000,0.864000,0.333333,0.794906,0.546296,0.286000,1
0.150000,1.000000,0.438000,0.540600,0.350000,0.483000,0.500000,0.867530,0.339252,0.000000,1
0.226923,0.347706,0.246000,0.177200,0.300000,0.202000,0.833333,0.275931,0.221864,0.000000,0
0.024767,0.120030,0.215000,1.000000,0.150000,0.156000,0.500000,0.154278,0.226092,0.000000,0
0.396939,0.201077,0.193000,0.096600,0.150000,0.663000,0.333333,0.410926,0.431916,0.150000,1
0.497500,0.010000,0.199000,0.098200,0.700000,0.398000,1.000000,0.213649,0.406169,0.200000,0
0.208197,0.527658,0.213000,0.157800,0.200000,0.258000,0.833333,0.122732,0.142680,0.000000,0
0.037815,0.255605,0.178000,1.000000,0.150000,0.123000,0.333333,0.109085,0.034809,0.000000,0
0.232143,0.273124,0.195000,0.143200,0.500000,0.434000,0.500000,0.341975,0.505659,0.000000,0
0.229730,0.377503,0.212000,0.131000,0.250000,0.426000,0.333333,0.005944,0.215226,0.000000,0
0.063275,0.010000,0.192000,0.995600,0.350000,0.247000,0.666667,0.107646,0.139999,0.000000,0
0.437234,0.010000,0.202000,0.109800,0.450000,0.257000,1.000000,0.008014,0.061308,0.000000,0
0.304895,0.276003,0.188000,0.113800,0.300000,0.291000,0.500000,0.078265,0.094034,0.000000,0
0.019271,0.153977,0.270000,1.000000,0.550000,0.152000,0.500000,0.309855,0.076170,0.000000,0
0.552419,0.237408,0.177000,0.087400,0.300000,0.193000,0.833333,0.238196,0.208392,0.000000,0
0.292391,0.388423,0.219000,0.124800,0.250000,0.179000,0.333333,0.196624,0.091532,0.000000,0
0.367241,0.089918,0.197000,0.111400,0.350000,0.093000,0.500000,0.079980,0.374829,0.000000,0
0.508989,0.408560,0.172000,0.103000,0.500000,0.171000,0.833333,0.184033,0.134661,0.000000,0
0.705405,0.487373,0.586000,0.849800,0.250000,0.759000,0.333333,0.580299,0.695243,0.178000,1
0.417105,0.377421,0.196000,0.127000,0.450000,0.354000,0.500000,0.361951,0.182312,0.000000,0
0.065306,0.327017,0.938000,1.000000,0.050000,0.001000,1.000000,0.172419,0.036818,0.302000,0
0.340909,0.387694,0.191000,0.144800,0.300000,0.089000,0.500000,0.274708,0.057179,0.000000,0
0.007703,0.251096,0.364000,1.000000,0.250000,0.428000,0.333333,0.167758,0.170492,0.000000,0
0.075714,0.849462,0.679000,1.000000,0.650000,0.186000,0.500000,0.346118,0.560034,0.300000,1
0.445802,0.218220,0.195000,0.101400,0.100000,0.247000,0.500000,0.117977,0.139940,0.000000,0
0.021272,0.190473,0.114000,1.000000,0.450000,0.019000,0.833333,0.174219,0.492639,0.000000,0
0.026531,1.000000,0.308000,0.623800,0.350000,0.000000,0.166667,0.257026,0.493381,0.300000,1
0.406349,0.398658,0.191000,0.102200,0.450000,0.556000,0.333333,0.834480,0.455112,0.150000,1
0.098571,0.366466,0.884000,1.000000,0.250000,0.243000,0.666667,0.362489,0.243556,0.260000,0
0.188095,0.292809,0.207000,0.139000,0.250000,0.297000,0.500000,0.171140,0.092871,0.000000,0
0.130357,0.055435,0.966000,1.000000,0.250000,0.171000,0.666667,0.350218,0.142154,0.324000,0
0.018835,0.010000,0.155000,1.000000,0.300000,0.000000,0.666667,0.090613,0.096911,0.000000,0
0.505970,0.554117,0.516000,1.000000,0.300000,0.617000,0.166667,0.746468,0.692838,0.150000,1
0.422308,0.307138,0.213000,0.116400,0.150000,0.296000,0.333333,0.149750,0.039030,0.000000,0
0.288696,0.273171,0.190000,0.130000,0.400000,0.000000,0.666667,0.334561,0.239780,0.000000,0
0.220202,0.073859,0.615000,1.000000,0.050000,0.131000,0.833333,0.492901,0.260409,0.051000,0
0.023918,0.113608,0.172000,1.000000,0.350000,0.182000,0.500000,0.373556,0.308737,0.000000,0
0.105970,0.545829,1.000000,1.000000,0.800000,0.668000,0.166667,0.698695,0.668869,0.700000,1
0.297647,0.547869,0.206000,0.142400,0.300000,0.142000,0.666667,0.243943,0.213237,0.000000,0
0.032709,0.378968,0.158000,1.000000,0.350000,0.053000,0.833333,0.449235,0.111052,0.000000,0
0.505085,0.010000,0.173000,0.093000,0.400000,0.000000,0.333333,0.427949,0.205416,0.000000,0
0.257627,0.397818,0.204000,0.122200,0.150000,0.000000,0.166667,0.568396,0.399814,0.000000,1
0.200000,0.010000,0.947000,1.000000,0.250000,0.428000,1.000000,0.273737,0.057186,0.309000,0
0.510714,0.245494,0.179000,0.101400,0.200000,0.196000,1.000000,0.243585,0.037698,0.000000,0
0.130000,0.090301,0.923000,1.000000,0.100000,0.228000,1.000000,0.144539,0.336920,0.290000,0
0.333962,0.291980,0.209000,0.126800,0.500000,0.018000,0.666667,0.415038,0.093783,0.000000,0
0.223171,0.173584,0.650000,1.000000,0.350000,0.203000,0.833333,0.216514,0.179559,0.078000,0
0.468841,0.010000,0.187000,0.110800,0.100000,0.394000,0.500000,0.256978,0.167862,0.000000,0
0.200000,0.143717,0.756000,1.000000,0.050000,0.366000,0.333333,0.190792,0.288117,0.160000,0
0.251136,0.328106,0.199000,0.142600,0.400000,0.434000,0.333333,0.286833,0.249888,0.000000,0
0.494231,0.327037,0.181000,0.091000,0.300000,0.390000,0.833333,0.066921,0.073419,0.000000,0
0.449180,0.045074,0.150000,0.105600,0.100000,0.000000,0.666667,0.121312,0.100512,0.000000,0
0.048948,0.240621,0.164000,1.000000,0.250000,0.010000,0.833333,0.286274,0.400159,0.000000,0
0.515217,0.384531,0.160000,0.091200,0.200000,0.320000,0.500000,0.152638,0.211744,0.000000,0
0.286250,0.432970,0.197000,0.119800,0.050000,0.186000,0.500000,0.181584,0.077148,0.000000,0
0.483000,0.314562,0.166000,0.128000,0.100000,0.073000,1.000000,0.280918,0.010623,0.000000,0
0.315894,0.336282,0.191000,0.116000,0.150000,0.262000,0.333333,0.233828,0.146325,0.000000,0
0.119737,0.308837,1.000000,1.000000,0.500000,0.797000,0.166667,0.307966,0.617919,0.500000,1
0.027778,1.000000,0.300000,0.552800,0.300000,0.353000,0.500000,0.676042,0.180920,0.300000,1
0.238217,0.010000,0.217000,0.138400,0.200000,0.000000,0.333333,0.024453,0.244746,0.000000,0
0.350370,0.319991,0.195000,0.116000,0.400000,0.121000,0.833333,0.050378,0.319090,0.000000,0
0.458865,0.318400,0.184000,0.104800,0.050000,0.486000,0.833333,0.217257,0.411449,0.000000,0
0.022000,0.217230,0.161000,1.000000,0.450000,0.211000,0.333333,0.184405,0.379918,0.000000,0
0.353030,0.335645,0.206000,0.099800,0.200000,0.291000,1.000000,0.159841,0.198285,0.000000,0
0.264179,0.298284,0.706000,1.000000,0.050000,0.252000,0.500000,0.101864,0.276870,0.121000,0
0.248485,0.141431,0.189000,0.123200,0.550000,0.282000,0.500000,0.291580,0.436536,0.000000,0
0.249333,0.380978,0.594000,1.000000,0.200000,0.254000,0.500000,0.321017,0.252190,0.034000,0
0.010000,1.000000,0.571000,1.000000,0.550000,0.000000,0.333333,0.573332,0.459162,0.300000,1
0.479720,0.411253,0.166000,0.102400,0.100000,0.323000,1.000000,0.517819,0.078649,0.000000,0
0.186207,0.769066,0.213000,0.141000,0.250000,0.000000,0.166667,0.396633,0.463502,0.000000,1
0.456757,0.582243,1.000000,1.000000,0.500000,0.537000,0.166667,0.547115,0.369210,0.500000,1
0.304348,0.032303,0.219000,0.113200,0.150000,0.255000,0.333333,0.149470,0.189352,0.000000,0
0.190566,0.249952,0.847000,1.000000,0.400000,0.679000,0.166667,0.344479,0.849776,0.381000,1
0.054071,0.208186,0.154000,0.974000,0.200000,0.000000,0.500000,0.054957,0.011951,0.000000,0
0.252459,0.386575,0.201000,0.115200,0.400000,0.027000,0.333333,0.363734,0.321626,0.000000,0
0.400000,0.125870,0.180000,0.094000,0.400000,0.143000,0.333333,0.306522,0.321377,0.000000,0
0.014885,0.152983,0.169000,1.000000,0.250000,0.142000,0.333333,0.158281,0.174061,0.000000,0
0.063636,0.030288,0.183000,0.942400,0.250000,0.406000,0.500000,0.304229,0.242338,0.000000,0
0.006460,0.264961,0.458000,1.000000,0.450000,0.359000,1.000000,0.493041,0.318826,0.000000,0
0.227778,0.388310,0.189000,0.135800,0.300000,0.188000,0.833333,0.028595,0.027440,0.000000,0
0.502222,0.326849,0.628000,0.929800,0.250000,0.044000,0.666667,0.465767,0.252795,0.061000,0
0.377778,0.031210,0.191000,0.103800,0.200000,0.169000,0.833333,0.542753,0.066334,0.000000,0
0.136893,0.421258,0.936000,1.000000,0.300000,0.313000,0.333333,0.555540,0.126030,0.300000,0
0.161739,0.385325,0.226000,0.170800,0.050000,0.315000,0.833333,0.231524,0.234497,0.000000,0
0.014000,0.102556,0.203000,1.000000,0.050000,0.104000,0.833333,0.303506,0.475654,0.000000,0
0.338562,0.137513,0.201000,0.119800,0.400000,0.187000,0.833333,0.426496,0.286933,0.000000,0
0.221359,0.177993,0.184000,0.151400,0.400000,0.224000,0.833333,0.223074,0.134906,0.000000,0
0.137624,0.848038,0.561000,0.917800,0.350000,0.728000,0.333333,0.601083,0.644672,0.159000,1
0.338333,0.013244,0.177000,0.140000,0.050000,0.453000,0.500000,0.241479,0.150851,0.000000,0
0.200000,0.026480,0.190000,0.155600,0.450000,0.011000,0.666667,0.336193,0.385937,0.000000,0
0.278431,0.206021,0.711000,1.000000,0.400000,0.233000,0.833333,0.607623,0.243560,0.125000,0
0.428947,0.134284,0.187000,0.112200,0.550000,0.219000,0.333333,0.235927,0.255630,0.000000,0
0.221569,0.241286,0.206000,0.140000,0.400000,0.463000,0.500000,0.055622,0.132552,0.000000,0
0.285075,0.070806,0.524000,1.000000,0.150000,0.190000,0.833333,0.124529,0.277892,0.000000,0
0.461905,0.284324,0.196000,0.105600,0.250000,0.395000,0.333333,0.186232,0.441312,0.000000,0
0.003337,0.215627,0.357000,1.000000,0.500000,0.271000,0.833333,0.387293,0.271269,0.000000,0
0.286207,0.183454,0.209000,0.119000,0.500000,0.150000,1.000000,0.277286,0.286858,0.000000,0
0.131959,0.111196,0.758000,1.000000,0.450000,0.515000,0.333333,0.031349,0.231172,0.312000,0
0.524627,0.391240,0.185000,0.102600,0.150000,0.426000,1.000000,0.041008,0.025344,0.000000,0
0.230556,0.310961,0.524000,1.000000,0.100000,0.742000,0.500000,0.101965,0.285097,0.150000,1
0.470667,0.150828,0.173000,0.092800,0.200000,0.261000,0.666667,0.063655,0.116742,0.000000,0
0.210714,0.389718,1.000000,1.000000,0.700000,0.000000,0.166667,0.444261,0.497094,0.550000,1
0.361702,0.604917,0.435000,1.000000,0.400000,0.000000,0.500000,0.344235,0.799604,0.000000,1
0.484694,0.292801,0.173000,0.081200,0.100000,0.000000,1.000000,0.316360,0.259713,0.000000,0
0.215556,0.259523,0.155000,0.158800,0.450000,0.006000,1.000000,0.260700,0.021567,0.000000,0
0.128000,0.456480,1.000000,1.000000,0.500000,0.390000,0.166667,0.507463,0.507571,0.350000,1
0.192424,0.162058,0.220000,0.176600,0.350000,0.393000,0.666667,0.235617,0.166125,0.000000,0
0.235484,0.204322,0.205000,0.144000,0.100000,0.167000,0.666667,0.184017,0.426570,0.000000,0
0.014815,0.145586,0.176000,1.000000,0.400000,0.384000,0.500000,0.117697,0.286662,0.000000,0
0.005556,1.000000,0.600000,1.000000,0.250000,0.279000,0.333333,0.875330,0.432123,0.300000,1
0.013596,0.177087,0.234000,1.000000,0.200000,0.000000,0.500000,0.461460,0.278494,0.000000,0
0.353947,0.220799,0.182000,0.128200,0.050000,0.337000,0.833333,0.272867,0.183541,0.000000,0
0.540000,0.116645,0.181000,0.096800,0.050000,0.290000,0.666667,0.553385,0.214374,0.000000,0
0.037482,0.339208,0.181000,1.000000,0.150000,0.209000,1.000000,0.259668,0.508499,0.000000,0
0.347692,0.260996,0.206000,0.124000,0.100000,0.246000,0.500000,0.300049,0.228896,0.000000,0
0.409211,0.088914,0.174000,0.110200,0.250000,0.213000,1.000000,0.400153,0.096392,0.000000,0
0.207018,0.372354,0.212000,0.145800,0.200000,0.028000,1.000000,0.511782,0.356295,0.000000,0
0.025813,0.182686,0.146000,1.000000,0.500000,0.000000,1.000000,0.374093,0.243375,0.000000,0
0.186957,0.028985,0.203000,0.129400,0.300000,0.157000,0.333333,0.746402,0.380592,0.000000,0
0.058551,0.111510,0.168000,1.000000,0.150000,0.418000,0.500000,0.125148,0.089758,0.000000,0
0.411628,0.360582,0.196000,0.116400,0.650000,0.195000,0.833333,0.129449,0.256526,0.200000,0
0.004673,1.000000,0.600000,1.000000,0.350000,0.694000,0.333333,0.648113,0.344119,0.450000,1
0.406400,0.395690,0.185000,0.099200,0.600000,0.094000,1.000000,0.293640,0.204540,0.000000,0
0.443478,0.149138,0.183000,0.120800,0.100000,0.000000,0.500000,0.112159,0.136914,0.000000,0
0.171053,0.287701,0.192000,0.158400,0.300000,0.353000,1.000000,0.264601,0.117896,0.000000,0
0.016028,0.088692,0.239000,1.000000,0.550000,0.153000,0.833333,0.321629,0.106473,0.000000,0
0.285714,0.139130,0.192000,0.109200,0.150000,0.431000,0.333333,0.021288,0.172689,0.000000,0
0.461017,0.109556,0.184000,0.083800,0.150000,0.250000,0.500000,0.064823,0.189810,0.000000,0
0.524528,0.441321,0.193000,0.104200,0.150000,0.255000,0.833333,0.456009,0.087018,0.000000,0
0.168657,0.098877,0.575000,1.000000,0.250000,0.330000,0.666667,0.422053,0.296751,0.019000,0
0.155696,0.195369,0.935000,1.000000,0.350000,0.178000,0.500000,0.163427,0.428137,0.299000,0
0.606667,0.342592,0.577000,0.723400,0.350000,0.076000,0.666667,0.168850,0.104861,0.021000,0
0.136538,1.000000,0.563000,0.940800,0.500000,0.672000,0.333333,0.702413,0.469114,0.160000,1
0.018347,0.391675,0.225000,1.000000,0.250000,0.164000,1.000000,0.162575,0.026481,0.000000,0
0.260000,0.432264,0.231000,0.160800,0.400000,0.265000,0.666667,0.272131,0.172032,0.000000,0
0.227419,0.094910,0.199000,0.147400,0.150000,0.362000,0.333333,0.247559,0.129886,0.000000,0
0.285185,0.112990,0.208000,0.138000,0.450000,0.404000,1.000000,0.362697,0.157244,0.000000,0
0.146610,0.271817,0.243000,0.185200,0.350000,0.248000,0.333333,0.621999,0.073973,0.000000,0
0.044063,0.203716,0.205000,1.000000,0.450000,0.000000,1.000000,0.384158,0.499491,0.000000,0
0.026393,0.286828,0.167000,1.000000,0.300000,0.308000,0.833333,0.125984,0.459378,0.000000,0
0.333929,0.246132,0.168000,0.100800,0.200000,0.456000,1.000000,0.176329,0.240467,0.000000,0
0.412048,0.185327,0.196000,0.105600,0.200000,0.338000,0.500000,0.265141,0.209450,0.000000,0
0.428125,0.189663,0.204000,0.133600,0.400000,0.184000,0.333333,0.224858,0.262083,0.000000,0
0.342718,0.695202,0.195000,0.102000,0.100000,0.499000,0.333333,0.562520,0.231368,0.000000,1
0.025488,0.207039,0.165000,1.000000,0.100000,0.196000,1.000000,0.189841,0.203974,0.000000,0
0.207627,0.405424,0.494000,1.000000,0.250000,0.157000,0.833333,0.234880,0.732966,0.000000,0
0.082377,0.157543,0.189000,0.769000,0.400000,0.344000,0.666667,0.216167,0.454681,0.000000,0
0.019717,0.317388,0.188000,1.000000,0.350000,0.186000,0.666667,0.390184,0.091602,0.000000,0
0.517164,0.263260,0.176000,0.097000,0.500000,0.000000,0.833333,0.199299,0.143942,0.000000,0
0.470079,0.368906,0.186000,0.106200,0.400000,0.000000,0.833333,0.189067,0.120557,0.000000,0
0.156881,0.522143,0.234000,0.160400,0.250000,0.410000,0.500000,0.348342,0.355240,0.000000,0
0.021699,0.368838,0.139000,1.000000,0.400000,0.351000,0.333333,0.297797,0.269299,0.000000,0
0.106311,0.134600,0.174000,0.693200,0.350000,0.314000,0.500000,0.617346,0.081402,0.000000,0
0.394872,0.065807,0.195000,0.098200,0.600000,0.386000,1.000000,0.328669,0.242116,0.000000,0
0.302941,0.269151,0.199000,0.122000,0.050000,0.000000,0.500000,0.146366,0.256564,0.000000,0
0.516216,0.452388,0.168000,0.089600,0.150000,0.313000,0.333333,0.132109,0.157983,0.000000,0
0.544595,0.327330,0.417000,1.000000,0.500000,0.280000,0.500000,0.521819,0.446725,0.000000,1
0.193939,0.276975,0.203000,0.145800,0.300000,0.309000,1.000000,0.036352,0.193298,0.000000,0
0.401493,0.290615,0.191000,0.115600,0.150000,0.117000,0.333333,0.085018,0.108100,0.000000,0
0.391860,0.314721,0.199000,0.118000,0.400000,0.112000,0.333333,0.343183,0.207100,0.000000,0
0.344048,0.252590,0.180000,0.105200,0.100000,0.443000,1.000000,0.257249,0.476665,0.000000,0
0.124359,0.361865,0.237000,0.204800,0.050000,0.000000,0.833333,0.245898,0.225999,0.000000,0
0.073810,0.319879,0.774000,1.000000,0.250000,0.214000,0.500000,0.445540,0.376731,0.174000,0
0.467010,0.325571,0.196000,0.095400,0.050000,0.000000,0.666667,0.138751,0.162299,0.000000,0
0.303158,0.170626,0.215000,0.144400,0.200000,0.417000,0.833333,0.415390,0.041874,0.000000,0
0.330189,0.268044,0.191000,0.113800,0.100000,0.537000,1.000000,0.277815,0.559766,0.150000,0
0.515385,0.193949,0.493000,0.969400,0.150000,0.401000,0.500000,0.354675,0.102052,0.000000,0
0.506731,0.392474,0.176000,0.097000,0.150000,0.257000,0.500000,0.224614,0.409903,0.000000,0
0.022727,1.000000,0.400000,0.747200,0.200000,0.567000,0.333333,0.600222,0.327008,0.450000,1
0.021745,0.205592,0.145000,1.000000,0.300000,0.138000,0.333333,0.432860,0.332164,0.000000,0
0.039759,0.257348,0.140000,1.000000,0.150000,0.000000,0.500000,0.253841,0.230974,0.000000,0
0.477193,0.122401,0.199000,0.089600,0.250000,0.001000,0.666667,0.248534,0.460374,0.000000,0
0.390698,0.102297,0.179000,0.118200,0.050000,0.186000,0.666667,0.134758,0.125421,0.000000,0
0.044475,0.262302,0.141000,1.000000,0.100000,0.352000,0.500000,0.077251,0.264281,0.000000,0
0.020661,0.297795,0.176000,1.000000,0.400000,0.138000,0.833333,0.165931,0.163291,0.000000,0
0.022254,0.364142,0.288000,1.000000,0.050000,0.000000,0.666667,0.128871,0.104938,0.000000,0
0.029412,1.000000,0.300000,0.509200,0.500000,0.781000,0.500000,0.541739,0.703483,0.450000,1
0.070133,0.049486,0.126000,0.930000,0.250000,0.152000,0.666667,0.189794,0.125891,0.000000,0
0.457447,0.219067,0.186000,0.122600,0.100000,0.000000,1.000000,0.296083,0.610240,0.000000,0
0.041727,0.315924,0.155000,1.000000,0.150000,0.099000,0.500000,0.115538,0.409982,0.000000,0
0.448462,0.230341,0.194000,0.101400,0.500000,0.106000,0.500000,0.228524,0.090118,0.000000,0
0.055527,0.309744,0.236000,1.000000,0.350000,0.083000,0.833333,0.147496,0.223709,0.000000,0
0.125714,0.242683,0.962000,1.000000,0.350000,0.139000,0.833333,0.292026,0.244350,0.320000,0
0.221739,0.288046,0.196000,0.135600,0.200000,0.000000,0.333333,0.536506,0.298002,0.000000,0
0.223188,0.216581,0.201000,0.134000,0.350000,0.000000,1.000000,0.120138,0.225918,0.000000,0
0.245652,0.426414,0.938000,1.000000,0.250000,0.351000,0.500000,0.476335,0.272045,0.302000,0
0.011229,0.281224,0.235000,1.000000,0.200000,0.423000,0.666667,0.346789,0.210407,0.000000,0
0.305000,0.143136,0.902000,1.000000,0.400000,0.000000,0.666667,0.034551,0.112356,0.274000,0
0.173404,0.427489,0.902000,1.000000,0.500000,0.144000,0.666667,0.184662,0.239526,0.274000,0
0.022222,1.000000,0.333000,0.748400,0.400000,0.188000,0.333333,0.632535,0.293971,0.300000,1
0.210526,0.302212,0.225000,0.153800,0.350000,0.237000,0.333333,0.814614,0.641019,0.000000,1
0.339437,0.216022,0.199000,0.104000,0.100000,0.000000,0.333333,0.075545,0.305750,0.000000,0
0.030202,0.266707,0.187000,1.000000,0.450000,0.000000,1.000000,0.212488,0.211167,0.000000,0
0.023052,0.448788,0.124000,1.000000,0.450000,0.256000,0.666667,0.217909,0.255008,0.000000,0
0.016301,0.272873,0.202000,1.000000,0.400000,0.136000,0.833333,0.135649,0.137166,0.000000,0
0.137634,1.000000,0.391000,0.512200,0.350000,0.484000,0.500000,0.764925,0.268493,0.000000,1
0.038592,0.204991,0.153000,1.000000,0.400000,0.152000,0.333333,0.341488,0.277183,0.000000,0
0.237037,0.218886,0.234000,0.160200,0.200000,0.252000,0.333333,0.035699,0.270124,0.000000,0
0.239560,0.362556,0.211000,0.143800,0.500000,0.000000,0.333333,0.321127,0.595454,0.000000,1
0.015327,0.271503,0.246000,1.000000,0.450000,0.386000,1.000000,0.168575,0.373583,0.000000,0
0.255556,0.437507,0.482000,1.000000,0.250000,0.395000,0.333333,0.090234,0.059637,0.000000,0
0.340909,0.276632,0.551000,1.000000,0.100000,0.276000,1.000000,0.129523,0.089155,0.001000,0
0.377941,0.435712,0.560000,1.000000,0.750000,0.561000,0.500000,0.367086,0.573579,0.358000,1
0.138356,0.463609,0.218000,0.152600,0.350000,0.000000,0.166667,0.333158,0.606706,0.000000,1
0.163208,0.240441,0.538000,1.000000,0.200000,0.151000,0.666667,0.110006,0.125374,0.000000,0
0.281915,0.749984,0.672000,1.000000,0.350000,0.582000,0.333333,0.299423,0.431107,0.245000,1
0.149505,0.277511,0.219000,0.187800,0.150000,0.169000,0.333333,0.374078,0.339351,0.000000,0
0.077377,0.380814,0.182000,0.839400,0.250000,0.160000,0.333333,0.301919,0.060336,0.000000,0
0.503061,0.189586,0.195000,0.097400,0.150000,0.207000,0.666667,0.310154,0.099449,0.000000,0
0.427333,0.385472,0.181000,0.087200,0.150000,0.231000,0.333333,0.280346,0.063377,0.000000,0
0.321176,0.391048,0.201000,0.142600,0.450000,0.155000,1.000000,0.248755,0.100316,0.000000,0
0.045423,0.223945,0.163000,1.000000,0.500000,0.309000,1.000000,0.394117,0.243259,0.000000,0
0.004891,0.235435,0.158000,1.000000,0.400000,0.087000,0.833333,0.194214,0.375757,0.000000,0
0.033000,0.090251,0.848000,1.000000,0.150000,0.083000,0.500000,0.081754,0.184076,0.232000,0
0.050597,0.312833,0.123000,1.000000,0.050000,0.319000,0.333333,0.157765,0.117773,0.000000,0
0.130864,0.245514,0.943000,1.000000,0.150000,0.382000,0.833333,0.032823,0.300590,0.306000,0
0.296226,0.340926,0.166000,0.131800,0.400000,0.173000,1.000000,0.106511,0.035782,0.000000,0
0.008086,0.240989,0.165000,1.000000,0.300000,0.226000,1.000000,0.240638,0.096410,0.000000,0
0.052207,0.405288,0.173000,1.000000,0.350000,0.015000,0.833333,0.088414,0.163074,0.000000,0
0.126471,0.205057,0.442000,1.000000,0.350000,0.248000,0.333333,0.100945,0.238444,0.000000,0
0.008974,0.271351,0.111000,1.000000,0.300000,0.194000,1.000000,0.071067,0.221619,0.000000,0
0.488608,0.317495,0.412000,1.000000,0.450000,0.710000,0.166667,0.397723,0.470400,0.150000,1
0.039277,0.115507,0.123000,1.000000,0.000000,0.000000,0.500000,0.367109,0.389682,0.000000,0
0.222772,0.246964,0.489000,1.000000,0.350000,0.273000,0.833333,0.092731,0.366393,0.000000,0
0.288889,0.331329,0.200000,0.111000,0.300000,0.133000,0.500000,0.206562,0.221310,0.000000,0
0.296226,0.187343,0.210000,0.125800,0.150000,0.312000,1.000000,0.302714,0.227787,0.000000,0
0.583133,0.107849,0.176000,0.095600,0.150000,0.208000,0.500000,0.219989,0.143431,0.000000,0
0.216154,0.354303,0.206000,0.147400,0.150000,0.208000,0.333333,0.075111,0.629211,0.000000,0
0.184536,0.267080,0.207000,0.145400,0.200000,0.030000,1.000000,0.007276,0.312481,0.000000,0
0.250000,0.234317,0.211000,0.150000,0.300000,0.000000,0.833333,0.251072,0.363954,0.000000,0
0.231646,0.213832,0.590000,1.000000,0.150000,0.000000,0.500000,0.131130,0.287754,0.031000,0
0.546809,0.197622,0.160000,0.102600,0.350000,0.196000,1.000000,0.269301,0.195582,0.000000,0
0.389706,0.010000,0.189000,0.113200,0.100000,0.000000,0.666667,0.325303,0.207690,0.000000,0
0.272340,0.077749,0.219000,0.158600,0.250000,0.219000,1.000000,0.100935,0.200480,0.000000,0
0.098765,0.131822,0.863000,1.000000,0.100000,0.172000,0.833333,0.047108,0.295262,0.243000,0
0.013150,0.122656,0.220000,1.000000,0.450000,0.317000,0.333333,0.169667,0.329886,0.000000,0
0.007692,0.136951,0.400000,1.000000,0.200000,0.481000,0.500000,0.031228,0.257599,0.000000,0
0.225714,0.015365,0.703000,1.000000,0.500000,0.357000,1.000000,0.131637,0.270364,0.119000,0
0.814634,0.669409,0.533000,0.885200,0.450000,0.000000,0.166667,0.555783,0.307244,0.000000,1
0.020775,0.163089,0.218000,1.000000,0.050000,0.211000,0.333333,0.097880,0.480676,0.000000,0
0.007515,0.010000,0.213000,1.000000,0.150000,0.318000,0.500000,0.161516,0.115357,0.000000,0
0.285965,0.177344,0.202000,0.112600,0.100000,0.162000,0.500000,0.460292,0.291448,0.000000,0
0.471154,0.010000,0.180000,0.103000,0.250000,0.387000,0.333333,0.056324,0.044019,0.000000,0
0.017255,0.268926,0.182000,1.000000,0.700000,0.139000,0.833333,0.061583,0.508289,0.200000,0
0.612963,0.370406,0.178000,0.080400,0.150000,0.253000,0.833333,0.057316,0.140525,0.000000,0
0.153465,0.418067,0.226000,0.168600,0.150000,0.000000,0.666667,0.177743,0.177070,0.000000,0
0.034432,0.154375,0.266000,1.000000,0.500000,0.215000,0.666667,0.628192,0.297185,0.000000,0
0.483133,0.177000,0.195000,0.105200,0.300000,0.236000,0.666667,0.254223,0.191438,0.000000,0
0.155814,0.380525,1.000000,1.000000,0.600000,0.956000,0.500000,0.333370,0.381288,0.500000,1
0.034146,0.147002,0.198000,1.000000,0.150000,0.248000,0.666667,0.305830,0.152566,0.000000,0
0.010212,0.261605,0.171000,1.000000,0.150000,0.181000,0.500000,0.135623,0.238339,0.000000,0
0.052538,0.362083,0.213000,0.969600,0.200000,0.263000,0.500000,0.190177,0.094000,0.000000,0
0.142222,0.280500,0.945000,1.000000,0.150000,0.302000,0.666667,0.045911,0.093418,0.307000,0
0.153488,0.010000,0.197000,0.169400,0.100000,0.341000,0.666667,0.115565,0.355979,0.000000,0
0.038554,0.114635,0.812000,1.000000,0.000000,0.323000,0.666667,0.411910,0.209539,0.204000,0
0.156897,0.061636,0.198000,0.153600,0.050000,0.046000,0.833333,0.338021,0.101863,0.000000,0
0.360656,0.219259,0.180000,0.089400,0.200000,0.162000,0.666667,0.122535,0.312288,0.000000,0
0.818605,0.669712,0.469000,0.787200,0.350000,0.283000,0.500000,0.524078,0.728984,0.000000,1
0.056268,0.238981,0.124000,1.000000,0.300000,0.382000,0.833333,0.101635,0.230637,0.000000,0
0.755000,0.216061,0.523000,0.790800,0.500000,0.259000,0.166667,0.408488,0.564315,0.000000,1
0.334667,0.786833,0.466000,1.000000,0.500000,0.693000,0.166667,0.352039,0.252933,0.150000,1
0.344898,0.326384,0.189000,0.086200,0.250000,0.000000,0.333333,0.161896,0.115713,0.000000,0
0.300000,0.236336,0.487000,1.000000,0.100000,0.313000,1.000000,0.091456,0.438892,0.000000,0
0.134615,0.218905,0.210000,0.171200,0.250000,0.197000,1.000000,0.062152,0.107234,0.000000,0
0.001106,0.210700,0.364000,1.000000,0.350000,0.080000,0.833333,0.487765,0.461528,0.000000,0
0.190968,0.180112,0.199000,0.158000,0.300000,0.014000,0.333333,0.258464,0.101949,0.000000,0
0.385455,0.198998,0.698000,1.000000,0.100000,0.000000,0.333333,0.124239,0.229476,0.115000,0
0.016786,0.346103,0.134000,1.000000,0.400000,0.555000,0.500000,0.066996,0.048409,0.150000,0
0.414706,0.182658,0.182000,0.120400,0.200000,0.355000,0.333333,0.669667,0.395455,0.000000,0
0.448077,0.134601,0.200000,0.114200,0.200000,0.192000,0.833333,0.187695,0.418153,0.000000,0
0.483784,0.045281,0.198000,0.108600,0.250000,0.293000,0.333333,0.222901,0.576774,0.000000,0
0.258065,0.342491,0.198000,0.143000,0.100000,0.236000,0.500000,0.125894,0.238430,0.000000,0
0.014432,0.087182,0.230000,1.000000,0.150000,0.288000,0.666667,0.144202,0.095688,0.000000,0
0.116000,0.106563,0.862000,1.000000,0.500000,0.278000,0.833333,0.297149,0.112931,0.243000,0
0.379167,0.228708,0.179000,0.108200,0.050000,0.429000,0.833333,0.314050,0.400310,0.000000,0
0.271250,0.083392,0.203000,0.108200,0.250000,0.064000,0.833333,0.088143,0.290801,0.000000,0
0.007547,1.000000,0.375000,1.000000,0.400000,0.772000,0.500000,0.701079,0.335327,0.450000,1
0.534507,0.179250,0.178000,0.108800,0.200000,0.188000,0.666667,0.152453,0.307451,0.000000,0
0.276087,0.175294,0.217000,0.121000,0.350000,0.095000,0.500000,0.136596,0.139845,0.000000,0
0.065294,0.206817,0.207000,0.955200,0.300000,0.000000,0.333333,0.179247,0.111860,0.000000,0
0.007684,0.391709,0.206000,1.000000,0.100000,0.270000,0.500000,0.209055,0.636432,0.000000,0
0.242308,0.155992,0.206000,0.132600,0.250000,0.000000,0.833333,0.172710,0.198334,0.000000,0
0.538732,0.199247,0.174000,0.098200,0.350000,0.134000,0.500000,0.025087,0.216917,0.000000,0
0.013318,0.160759,0.147000,1.000000,0.300000,0.481000,1.000000,0.134094,0.118841,0.000000,0
0.180992,0.191429,0.201000,0.146400,0.350000,0.321000,0.833333,0.211012,0.051569,0.000000,0
0.254286,0.036122,0.944000,1.000000,0.050000,0.106000,0.833333,0.038645,0.233512,0.306000,0
0.042997,0.116228,0.140000,1.000000,0.450000,0.511000,1.000000,0.200853,0.253353,0.150000,0
0.006000,0.021534,0.485000,1.000000,0.250000,0.220000,1.000000,0.031954,0.160452,0.000000,0
0.402941,0.129908,0.192000,0.102200,0.200000,0.341000,0.333333,0.292735,0.128983,0.000000,0
0.361538,0.138779,0.179000,0.134000,0.400000,0.086000,0.500000,0.043599,0.435541,0.000000,0
0.202469,0.370435,0.220000,0.147200,0.250000,0.150000,1.000000,0.390922,0.231791,0.000000,0
0.017747,0.072104,0.308000,1.000000,0.250000,0.092000,0.833333,0.214385,0.095580,0.000000,0
0.021954,0.375241,0.148000,1.000000,0.050000,0.234000,1.000000,0.014564,0.058734,0.000000,0
0.380165,0.318032,0.193000,0.124000,0.650000,0.043000,1.000000,0.377350,0.281899,0.200000,0
0.286538,0.292481,0.205000,0.134400,0.250000,0.273000,0.833333,0.188504,0.061688,0.000000,0
0.343820,0.448236,0.196000,0.125400,0.600000,0.358000,0.333333,0.211449,0.200352,0.000000,0
0.250459,0.308172,0.198000,0.133200,0.300000,0.114000,0.833333,0.117562,0.207787,0.000000,0
0.146018,0.157514,0.782000,1.000000,0.350000,0.411000,0.833333,0.040321,0.315570,0.180000,0
0.234483,0.175448,0.221000,0.140800,0.550000,0.230000,0.666667,0.254853,0.069916,0.000000,0
0.125301,0.347091,0.587000,1.000000,0.100000,0.275000,0.500000,0.086366,0.161728,0.029000,0
0.297521,0.126731,0.192000,0.113800,0.150000,0.103000,0.333333,0.143298,0.404948,0.000000,0
0.003448,1.000000,0.750000,1.000000,0.750000,0.290000,0.500000,0.624689,0.226090,0.500000,1
0.070035,0.311874,0.184000,0.834400,0.400000,0.111000,0.333333,0.155981,0.189259,0.000000,0
0.191667,0.179852,0.210000,0.150400,0.100000,0.319000,0.500000,0.401338,0.324906,0.000000,0
0.081250,0.040000,1.000000,1.000000,0.250000,0.000000,0.500000,0.502377,0.516973,0.350000,1
0.209524,0.114651,1.000000,1.000000,0.550000,0.738000,0.166667,0.186836,0.628790,0.500000,1
0.007366,0.318734,0.151000,1.000000,0.250000,0.334000,0.500000,0.261834,0.147515,0.000000,0
0.180000,0.394728,0.222000,0.160800,0.050000,0.171000,0.333333,0.153326,0.321960,0.000000,0
0.375200,0.141745,0.188000,0.120000,0.200000,0.000000,0.666667,0.153849,0.561748,0.000000,0
0.144444,0.098454,0.879000,1.000000,0.300000,0.479000,0.500000,0.094602,0.233861,0.256000,0
0.168966,0.179692,0.265000,0.205200,0.050000,0.000000,0.333333,0.228002,0.188153,0.000000,0
0.414667,0.236588,0.180000,0.104600,0.300000,0.173000,0.500000,0.123554,0.505317,0.000000,0
0.244444,0.266693,0.227000,0.151000,0.150000,0.000000,0.500000,0.285153,0.155907,0.000000,0
0.232759,0.233916,0.948000,1.000000,0.200000,0.010000,0.500000,0.074762,0.153571,0.310000,0
0.171429,0.902876,0.567000,0.592600,0.750000,0.000000,0.166667,0.556220,0.215129,0.213000,1
0.014221,0.276653,0.277000,1.000000,0.150000,0.127000,0.666667,0.170965,0.330872,0.000000,0
0.353226,0.110423,0.169000,0.105000,0.450000,0.431000,0.666667,0.326849,0.547006,0.000000,0
0.501667,0.276074,0.173000,0.097200,0.650000,0.000000,0.333333,0.512015,0.131327,0.200000,0
0.482292,0.254845,0.190000,0.083800,0.100000,0.000000,0.333333,0.336941,0.072911,0.000000,0
0.204000,0.132858,0.549000,0.927000,0.350000,0.166000,0.333333,0.228186,0.261027,0.000000,0
0.110435,0.010284,0.906000,1.000000,0.550000,0.071000,0.333333,0.083230,0.094043,0.277000,0
0.537908,0.208875,0.183000,0.089800,0.250000,0.331000,0.333333,0.088761,0.292127,0.000000,0
0.016667,1.000000,0.273000,0.741000,0.350000,0.000000,0.333333,0.242391,0.494788,0.300000,1
0.264286,0.057463,0.198000,0.174600,0.100000,0.000000,0.333333,0.575610,0.111444,0.000000,0
0.475000,0.338196,0.193000,0.103600,0.350000,0.312000,0.833333,0.177909,0.132192,0.000000,0
0.502740,0.335907,0.202000,0.112800,0.300000,0.295000,0.833333,0.332598,0.046908,0.000000,0
0.288722,0.326032,0.198000,0.119800,0.150000,0.183000,1.000000,0.076357,0.162074,0.000000,0
0.045299,0.286119,0.868000,1.000000,0.200000,0.000000,1.000000,0.209595,0.271375,0.247000,0
0.261446,0.463736,0.553000,1.000000,0.300000,0.000000,0.333333,0.491093,0.523137,0.002000,1
0.196226,0.333792,0.942000,1.000000,0.100000,0.089000,0.666667,0.091406,0.331182,0.305000,0
0.197386,0.096666,0.222000,0.155000,0.050000,0.079000,0.333333,0.325286,0.229018,0.000000,0
0.195556,0.159174,0.795000,1.000000,0.200000,0.026000,0.500000,0.162478,0.227804,0.191000,0
0.032746,0.233362,0.258000,0.945400,0.150000,0.310000,0.833333,0.093046,0.029881,0.000000,0
0.162195,0.323094,0.218000,0.181400,0.150000,0.443000,1.000000,0.282850,0.412702,0.000000,0
0.047242,0.114183,0.239000,1.000000,0.100000,0.418000,0.833333,0.079060,0.096072,0.000000,0
0.562810,0.010000,0.179000,0.101200,0.250000,0.245000,0.500000,0.333309,0.083338,0.000000,0
0.032073,0.186615,0.288000,1.000000,0.300000,0.053000,0.500000,0.259452,0.497689,0.000000,0
0.179452,0.288312,0.191000,0.142200,0.050000,0.344000,0.666667,0.322830,0.377857,0.000000,0
0.050554,0.274495,0.120000,0.979000,0.200000,0.080000,0.333333,0.332170,0.157981,0.000000,0
0.139024,0.120630,0.202000,0.164800,0.100000,0.068000,0.666667,0.292545,0.116489,0.000000,0
0.040000,0.191381,0.717000,1.000000,0.350000,0.219000,0.666667,0.093294,0.438455,0.130000,0
0.096154,0.314686,0.160000,0.784800,0.250000,0.223000,0.666667,0.251112,0.212596,0.000000,0
0.019481,0.112038,0.213000,1.000000,0.100000,0.184000,0.333333,0.247437,0.037123,0.000000,0
0.475000,0.288496,0.166000,0.090600,0.450000,0.000000,0.666667,0.178713,0.426856,0.000000,0
0.008324,0.162470,0.205000,1.000000,0.250000,0.322000,0.666667,0.182869,0.277702,0.000000,0
0.349091,0.370323,0.172000,0.113000,0.100000,0.170000,0.500000,0.229002,0.102881,0.000000,0
0.040193,0.415633,0.136000,1.000000,0.350000,0.130000,0.833333,0.047348,0.562965,0.000000,0
0.398980,0.050949,0.182000,0.114600,0.250000,0.056000,0.333333,0.241971,0.402466,0.000000,0
0.386047,0.245563,0.205000,0.133000,0.100000,0.243000,1.000000,0.199636,0.121860,0.000000,0
0.005435,1.000000,0.800000,1.000000,0.400000,0.361000,0.166667,0.310833,0.760845,0.300000,1
0.364835,0.134721,0.193000,0.101000,0.150000,0.475000,0.333333,0.133835,0.118601,0.000000,0
0.008827,0.280442,0.268000,1.000000,0.250000,0.510000,0.666667,0.685404,0.174275,0.150000,0
0.021348,0.421257,0.228000,1.000000,0.250000,0.280000,0.833333,0.115589,0.423723,0.000000,0
0.441538,0.198957,0.192000,0.099800,0.100000,0.220000,1.000000,0.154759,0.150953,0.000000,0
0.256897,0.327508,0.215000,0.140600,0.100000,0.263000,0.333333,0.182682,0.124744,0.000000,0
0.414286,0.239109,0.183000,0.094200,0.300000,0.440000,0.833333,0.180071,0.406568,0.000000,0
0.009091,1.000000,0.429000,1.000000,0.300000,0.434000,0.500000,0.371550,0.691029,0.300000,1
0.406452,0.446346,0.595000,1.000000,0.650000,0.000000,0.166667,0.325460,0.357327,0.235000,1
0.073789,0.253145,0.158000,0.855200,0.100000,0.492000,0.333333,0.243603,0.161513,0.000000,0
0.195536,0.335812,0.205000,0.160800,0.100000,0.272000,0.333333,0.272997,0.429415,0.000000,0
0.539535,0.123495,0.190000,0.087600,0.200000,0.192000,0.666667,0.556151,0.126698,0.000000,0
0.466667,0.323201,0.180000,0.096200,0.250000,0.000000,0.666667,0.278888,0.173528,0.000000,0
0.010801,0.218699,0.226000,1.000000,0.400000,0.314000,0.333333,0.238998,0.276039,0.000000,0
0.455072,0.333698,0.183000,0.097200,0.200000,0.489000,1.000000,0.327825,0.462307,0.000000,0
0.290741,0.268808,0.904000,1.000000,0.350000,0.100000,0.500000,0.232511,0.041425,0.275000,0
0.328846,0.284114,0.193000,0.143800,0.350000,0.016000,0.833333,0.340326,0.311530,0.000000,0
0.188235,0.279511,0.177000,0.151200,0.250000,0.134000,0.333333,0.445901,0.042899,0.000000,0
0.038571,0.500674,1.000000,1.000000,0.250000,0.000000,0.166667,0.616954,0.372578,0.350000,1
0.341176,0.266647,0.565000,1.000000,0.050000,0.193000,1.000000,0.290334,0.201400,0.012000,0
0.173248,0.127862,0.221000,0.154400,0.150000,0.359000,0.333333,0.225902,0.208402,0.000000,0
0.107500,0.060000,0.686000,1.000000,0.700000,0.000000,0.333333,0.303607,0.265318,0.306000,1
0.004482,0.398291,0.414000,1.000000,0.100000,0.076000,0.333333,0.084391,0.111376,0.000000,0
0.092857,0.278663,0.626000,1.000000,0.300000,0.331000,0.500000,0.540606,0.621138,0.059000,1
0.240000,0.248785,1.000000,1.000000,0.600000,0.378000,0.500000,0.303887,0.322841,0.350000,1
0.016062,0.249377,0.204000,1.000000,0.050000,0.407000,0.666667,0.091083,0.166671,0.000000,0
0.135065,0.042693,0.942000,1.000000,0.150000,0.306000,0.333333,0.082806,0.120473,0.305000,0
0.313636,0.526421,0.585000,1.000000,0.600000,0.000000,0.500000,0.661315,0.416616,0.027000,1
0.522388,0.223203,0.183000,0.094000,0.050000,0.052000,0.666667,0.219456,0.104886,0.000000,0
0.019765,0.309992,0.188000,1.000000,0.150000,0.306000,0.666667,0.104610,0.176790,0.000000,0
0.516418,0.305281,0.176000,0.109600,0.350000,0.193000,1.000000,0.051379,0.162847,0.000000,0
0.290196,0.235347,0.226000,0.152200,0.250000,0.176000,0.666667,0.053275,0.214275,0.000000,0
0.191525,0.248357,0.186000,0.166800,0.100000,0.000000,0.833333,0.527575,0.173392,0.000000,0
0.477241,0.286909,0.186000,0.099000,0.350000,0.326000,0.500000,0.246096,0.077759,0.000000,0
0.019444,1.000000,0.286000,0.851000,0.400000,0.000000,0.500000,0.564044,0.430151,0.300000,1
0.058621,0.448570,0.209000,0.892600,0.350000,0.169000,0.833333,0.187315,0.285838,0.000000,0
0.544286,0.507518,0.176000,0.099000,0.150000,0.225000,0.833333,0.240821,0.069551,0.000000,0
0.008866,0.336452,0.215000,1.000000,0.150000,0.126000,0.666667,0.229569,0.015489,0.000000,0
0.101869,0.192760,0.899000,1.000000,0.500000,0.412000,0.333333,0.338133,0.237104,0.271000,0
0.369767,0.139221,0.195000,0.109400,0.200000,0.357000,0.833333,0.117902,0.287953,0.000000,0
0.006410,1.000000,0.600000,1.000000,0.650000,0.000000,0.500000,0.613868,0.292643,0.500000,1
0.044209,0.297369,0.179000,1.000000,0.200000,0.000000,0.500000,0.056067,0.186012,0.000000,0
0.190625,0.152244,0.820000,0.912200,0.350000,0.106000,1.000000,0.195197,0.093487,0.210000,0
0.032549,0.010000,0.177000,1.000000,0.050000,0.000000,0.833333,0.348876,0.020279,0.000000,0
0.561818,0.397429,0.165000,0.081600,0.100000,0.008000,1.000000,0.323265,0.225191,0.000000,0
0.048642,0.453318,0.228000,1.000000,0.050000,0.000000,1.000000,0.262414,0.305179,0.000000,0
0.617391,0.348429,0.525000,0.916800,0.300000,0.247000,0.333333,0.408102,0.203294,0.000000,0
0.277941,0.455771,0.630000,1.000000,0.200000,0.534000,0.333333,0.560082,0.739868,0.212000,1
0.286029,0.188504,0.206000,0.114400,0.300000,0.344000,0.833333,0.278304,0.231164,0.000000,0
0.017460,1.000000,0.364000,0.854800,0.700000,0.618000,0.166667,0.386859,0.675207,0.650000,1
0.455263,0.425638,0.176000,0.099800,0.200000,0.295000,1.000000,0.260052,0.428497,0.000000,0
0.009660,0.010000,0.254000,1.000000,0.200000,0.427000,1.000000,0.148641,0.321866,0.000000,0
0.693617,0.483872,0.368000,0.768200,0.300000,0.586000,0.333333,0.491280,0.652798,0.150000,1
0.085061,0.253709,0.183000,0.853400,0.100000,0.313000,1.000000,0.106690,0.187175,0.000000,0
0.254000,0.169903,0.205000,0.118400,0.250000,0.378000,0.500000,0.175034,0.296064,0.000000,0
0.375194,0.362919,0.190000,0.109600,0.200000,0.045000,0.833333,0.563214,0.366505,0.000000,0
0.501980,0.111426,0.168000,0.080800,0.100000,0.083000,1.000000,0.061637,0.040440,0.000000,0
0.021167,0.106272,0.126000,1.000000,0.450000,0.135000,0.500000,0.464555,0.059641,0.000000,0
0.059779,0.212990,0.185000,0.979800,0.350000,0.094000,0.333333,0.237967,0.152534,0.000000,0
0.025721,0.222014,0.178000,1.000000,0.250000,0.224000,0.833333,0.172914,0.372406,0.000000,0
0.443478,0.087612,0.603000,0.927000,0.150000,0.000000,1.000000,0.170274,0.197172,0.041000,0
0.130435,0.823345,1.000000,1.000000,0.200000,0.000000,0.166667,0.587482,0.664648,0.350000,1
0.027226,0.448908,0.119000,1.000000,0.100000,0.257000,0.500000,0.169468,0.454747,0.000000,0
0.384722,0.355698,0.217000,0.122200,0.300000,0.305000,0.333333,0.117549,0.246841,0.000000,0
0.278409,0.337488,0.208000,0.120400,0.450000,0.412000,0.166667,0.454684,0.630959,0.000000,1
0.058462,0.192995,0.895000,1.000000,0.650000,0.438000,0.500000,0.182483,0.289032,0.468000,0
0.415789,0.207047,0.190000,0.117400,0.350000,0.000000,0.333333,0.378915,0.429546,0.000000,0
0.500641,0.021348,0.178000,0.095200,0.200000,0.200000,1.000000,0.216003,0.025934,0.000000,0
0.497778,0.383181,0.188000,0.129200,0.200000,0.066000,1.000000,0.594829,0.498026,0.000000,0
0.383704,0.182030,0.185000,0.104800,0.300000,0.105000,0.333333,0.406694,0.255534,0.000000,0
0.184416,0.061920,0.204000,0.145800,0.200000,0.167000,0.666667,0.053146,0.077724,0.000000,0
0.532609,0.345776,0.182000,0.098200,0.250000,0.313000,0.666667,0.110316,0.201236,0.000000,0
0.565354,0.331864,0.173000,0.093800,0.100000,0.000000,0.333333,0.149896,0.125146,0.000000,0
0.051064,0.351417,0.219000,1.000000,0.100000,0.000000,0.500000,0.151206,0.220377,0.000000,0
0.540741,0.163612,0.175000,0.101000,0.100000,0.381000,0.833333,0.150033,0.050834,0.000000,0
0.259864,0.243546,0.209000,0.126600,0.550000,0.221000,1.000000,0.257916,0.072817,0.000000,0
0.460811,0.305466,0.199000,0.100400,0.250000,0.051000,0.500000,0.154384,0.194513,0.000000,0
0.258182,0.125810,0.239000,0.140600,0.150000,0.153000,0.333333,0.353290,0.180759,0.000000,0
0.150794,0.121875,0.211000,0.171800,0.350000,0.148000,1.000000,0.241022,0.467272,0.000000,0
0.282759,0.387249,0.191000,0.111000,0.100000,0.273000,0.833333,0.194040,0.175234,0.000000,0
0.255435,0.262518,0.498000,1.000000,0.450000,0.378000,0.333333,0.146639,0.210761,0.000000,0
0.045401,0.026202,0.131000,1.000000,0.200000,0.326000,0.666667,0.322365,0.071929,0.000000,0
0.480000,0.400336,0.179000,0.117200,0.050000,0.222000,0.833333,0.344533,0.208623,0.000000,0
0.204459,0.010000,0.202000,0.144600,0.150000,0.170000,0.500000,0.071145,0.098560,0.000000,0
0.491391,0.263890,0.182000,0.085800,0.300000,0.067000,0.666667,0.303242,0.226277,0.000000,0
0.531633,0.300141,0.171000,0.096600,0.250000,0.271000,0.666667,0.178156,0.147294,0.000000,0
0.320000,0.145958,0.156000,0.131200,0.200000,0.329000,1.000000,0.130834,0.340453,0.000000,0
0.016981,1.000000,0.333000,0.713800,0.200000,0.000000,0.500000,0.697371,0.383456,0.300000,1
0.195000,0.089249,0.179000,0.155400,0.400000,0.123000,0.500000,0.519746,0.380916,0.000000,0
0.249123,0.719853,0.662000,0.857800,0.250000,0.644000,0.333333,0.477150,0.717666,0.237000,1
0.192000,0.241453,0.215000,0.167400,0.450000,0.184000,1.000000,0.180882,0.389717,0.000000,0
0.162353,0.170983,0.928000,1.000000,0.100000,0.173000,0.666667,0.040464,0.056921,0.294000,0
0.021395,0.095522,0.145000,1.000000,0.100000,0.000000,0.333333,0.320753,0.178117,0.000000,0
0.025000,0.410957,0.196000,1.000000,0.200000,0.359000,0.500000,0.115867,0.273061,0.000000,0
0.222368,0.268065,0.189000,0.150600,0.150000,0.323000,0.500000,0.496793,0.150262,0.000000,0
0.103390,0.116606,0.885000,1.000000,0.050000,0.248000,0.666667,0.282306,0.351708,0.261000,0
0.552727,0.321970,0.173000,0.099200,0.400000,0.366000,0.833333,0.170676,0.087351,0.000000,0
0.442857,0.336748,0.185000,0.118800,0.100000,0.293000,0.666667,0.098466,0.228954,0.000000,0
0.080224,0.169002,0.191000,0.771200,0.150000,0.122000,0.333333,0.205498,0.273131,0.000000,0
0.238158,0.658412,0.221000,0.133400,0.400000,0.000000,0.166667,0.442240,0.179336,0.000000,1
0.128916,0.771058,0.421000,0.547800,0.400000,0.382000,0.166667,0.344081,0.675747,0.000000,1
0.017409,0.078582,0.186000,1.000000,0.450000,0.247000,0.666667,0.089882,0.136983,0.000000,0
0.298077,0.287686,0.181000,0.145600,0.200000,0.197000,1.000000,0.311130,0.382273,0.000000,0
0.207273,0.860999,0.789000,1.000000,0.250000,0.000000,0.333333,0.462279,0.787604,0.186000,1
0.314286,0.451339,0.682000,0.744000,0.350000,0.000000,0.500000,0.551962,0.092006,0.103000,1
0.500654,0.235485,0.185000,0.110800,0.150000,0.151000,1.000000,0.222054,0.129916,0.000000,0
0.049726,0.136250,0.180000,1.000000,0.250000,0.033000,0.333333,0.287437,0.104942,0.000000,0
0.054622,0.369682,0.169000,1.000000,0.150000,0.303000,0.666667,0.422181,0.452946,0.000000,0
0.639806,0.110086,0.170000,0.085600,0.350000,0.219000,0.333333,0.253959,0.145337,0.000000,0
0.628800,0.165754,0.174000,0.081000,0.300000,0.600000,1.000000,0.331613,0.179012,0.150000,0
0.026634,0.160995,0.155000,1.000000,0.100000,0.261000,1.000000,0.095023,0.272358,0.000000,0
0.250000,0.433400,1.000000,1.000000,0.600000,0.000000,0.166667,0.353439,0.639523,0.350000,1
0.386885,0.117949,0.182000,0.116000,0.500000,0.033000,0.666667,0.127769,0.422331,0.000000,0
0.292405,0.407564,0.623000,1.000000,0.300000,0.623000,0.166667,0.825884,0.279454,0.207000,1
0.520645,0.175349,0.176000,0.091800,0.300000,0.254000,0.333333,0.177462,0.121375,0.000000,0
0.060081,0.264339,0.134000,0.996400,0.350000,0.376000,0.666667,0.365329,0.241317,0.000000,0
0.311765,0.192009,0.462000,0.707600,0.100000,0.319000,0.500000,0.446670,0.129964,0.000000,0
0.258586,0.201489,0.195000,0.119400,0.100000,0.082000,0.500000,0.220740,0.117032,0.000000,0
0.498089,0.321956,0.176000,0.086400,0.200000,0.000000,0.833333,0.243283,0.186073,0.000000,0
0.004739,0.193858,0.300000,1.000000,0.600000,0.088000,0.500000,0.036518,0.134688,0.000000,0
0.012745,1.000000,0.308000,0.949400,0.550000,0.000000,0.500000,0.279770,0.517142,0.300000,1
0.055897,0.387912,0.257000,1.000000,0.350000,0.395000,0.666667,0.103782,0.703425,0.000000,0
0.423214,0.132640,0.215000,0.098200,0.300000,0.175000,0.500000,0.404692,0.367568,0.000000,0
0.335652,0.190911,0.212000,0.116600,0.300000,0.114000,0.833333,0.105488,0.125698,0.000000,0
0.155319,0.203569,0.904000,1.000000,0.100000,0.220000,0.333333,0.154326,0.203665,0.275000,0
0.901923,0.550225,0.380000,0.815600,0.750000,0.645000,0.500000,0.232181,0.361376,0.350000,1
0.292683,0.417467,0.167000,0.136200,0.300000,0.319000,0.333333,0.371651,0.209352,0.000000,0
0.061905,0.227317,0.192000,1.000000,0.100000,0.312000,1.000000,0.344660,0.248165,0.000000,0
0.018784,0.270600,0.108000,1.000000,0.100000,0.345000,0.333333,0.279840,0.355679,0.000000,0
0.285321,0.230995,0.199000,0.120000,0.450000,0.228000,1.000000,0.145380,0.049969,0.000000,0
0.016129,1.000000,0.600000,0.777600,0.600000,0.581000,0.166667,0.308872,0.208659,0.450000,1
0.675610,0.659712,0.401000,0.727200,0.250000,0.000000,0.333333,0.228280,0.364832,0.000000,1
0.502041,0.207742,0.183000,0.130800,0.150000,0.226000,0.333333,0.096404,0.336630,0.000000,0
0.427500,0.221320,0.193000,0.113800,0.050000,0.483000,0.500000,0.173916,0.098629,0.000000,0
0.009049,0.258321,0.256000,1.000000,0.400000,0.323000,0.666667,0.087290,0.289354,0.000000,0
0.569565,0.245250,0.188000,0.091200,0.250000,0.130000,0.333333,0.176716,0.437457,0.000000,0
0.480851,0.101127,0.181000,0.078400,0.300000,0.216000,1.000000,0.232431,0.331175,0.000000,0
0.340517,0.050488,0.187000,0.100000,0.200000,0.500000,0.666667,0.218608,0.248419,0.000000,0
0.467500,0.335219,0.219000,0.105000,0.200000,0.107000,0.333333,0.090752,0.103363,0.000000,0
0.340909,0.118168,0.187000,0.101800,0.400000,0.000000,1.000000,0.107596,0.230103,0.000000,0
0.194574,0.153432,0.227000,0.153200,0.300000,0.154000,0.666667,0.171232,0.158630,0.000000,0
0.283333,0.126946,0.218000,0.180200,0.500000,0.015000,1.000000,0.160179,0.270567,0.000000,0
0.501282,0.218043,0.185000,0.108400,0.150000,0.000000,0.833333,0.163168,0.292505,0.000000,0
0.429032,0.591473,0.556000,0.682800,0.550000,0.646000,0.166667,0.849463,0.361804,0.155000,1
0.214286,0.252114,0.206000,0.118800,0.100000,0.230000,0.500000,0.345751,0.103440,0.000000,0
0.413333,0.395195,0.484000,0.692400,0.250000,0.000000,0.666667,0.095433,0.518227,0.000000,0
0.023516,0.159824,0.133000,1.000000,0.250000,0.216000,0.500000,0.356062,0.064307,0.000000,0
0.042718,0.324001,0.191000,1.000000,0.100000,0.000000,0.833333,0.256044,0.409533,0.000000,0
0.023784,0.186206,0.182000,1.000000,0.250000,0.000000,1.000000,0.062958,0.370867,0.000000,0
0.320354,0.780864,0.470000,1.000000,0.400000,0.188000,0.333333,0.749558,0.556620,0.000000,1
0.169863,0.010000,0.185000,0.171800,0.300000,0.000000,0.833333,0.387972,0.009311,0.000000,0
0.447059,0.507399,0.576000,1.000000,0.550000,0.000000,0.333333,0.579490,0.577323,0.020000,1
0.072174,0.389610,0.880000,1.000000,0.250000,0.361000,0.666667,0.326156,0.382906,0.257000,0
0.217460,0.254705,0.774000,1.000000,0.250000,0.241000,0.500000,0.211780,0.333096,0.174000,0
0.215000,0.110070,0.713000,1.000000,0.300000,0.148000,0.500000,0.032211,0.031666,0.127000,0
0.536496,0.067970,0.181000,0.100600,0.100000,0.358000,0.833333,0.356369,0.196821,0.000000,0
0.120313,1.000000,0.558000,0.799000,0.350000,0.000000,0.500000,0.293100,0.643948,0.006000,1
0.172807,0.332129,0.203000,0.150400,0.500000,0.273000,0.833333,0.327783,0.206367,0.000000,0
0.218182,0.410854,0.215000,0.137600,0.150000,0.572000,0.500000,0.523524,0.339126,0.150000,0
0.286792,0.213132,0.237000,0.133400,0.450000,0.283000,0.666667,0.037911,0.399495,0.000000,0
0.401333,0.296280,0.166000,0.129800,0.450000,0.159000,0.666667,0.355952,0.497291,0.000000,0
0.498000,0.420523,0.193000,0.104600,0.300000,0.287000,0.833333,0.200760,0.353758,0.000000,0
0.300000,0.323908,0.184000,0.116000,0.100000,0.000000,0.500000,0.213909,0.140035,0.000000,0
0.550980,0.186354,0.183000,0.097600,0.250000,0.095000,0.333333,0.057983,0.132137,0.000000,0
0.370455,0.396033,0.166000,0.096000,0.250000,0.782000,0.333333,0.399625,0.698110,0.150000,1
0.022899,0.169414,0.174000,1.000000,0.150000,0.000000,0.500000,0.101542,0.323202,0.000000,0
0.009065,0.167271,0.238000,1.000000,0.400000,0.368000,1.000000,0.182205,0.355129,0.000000,0
0.203125,0.061810,0.877000,0.975800,0.150000,0.524000,0.333333,0.597936,0.054583,0.404000,0
0.424675,0.150496,0.179000,0.107600,0.200000,0.152000,0.833333,0.068996,0.174282,0.000000,0
0.007818,0.282035,0.274000,1.000000,0.500000,0.454000,1.000000,0.098073,0.345578,0.000000,0
0.425641,0.010000,0.178000,0.113000,0.350000,0.172000,0.666667,0.288119,0.331249,0.000000,0
0.550323,0.310999,0.172000,0.109400,0.300000,0.000000,1.000000,0.094005,0.460972,0.000000,0
0.431783,0.387167,0.190000,0.105600,0.200000,0.327000,0.333333,0.239066,0.136256,0.000000,0
0.322535,0.098445,0.192000,0.137000,0.100000,0.000000,0.333333,0.363739,0.165667,0.000000,0
0.606918,0.168727,0.167000,0.079200,0.300000,0.335000,0.666667,0.195962,0.212628,0.000000,0
0.409174,0.341087,0.186000,0.110600,0.300000,0.096000,0.500000,0.089849,0.271357,0.000000,0
0.400000,0.224441,0.189000,0.100000,0.500000,0.393000,0.833333,0.127686,0.338269,0.000000,0
0.512381,0.273916,0.186000,0.100800,0.050000,0.425000,0.500000,0.206536,0.197927,0.000000,0
0.297581,0.419377,0.217000,0.120200,0.150000,0.194000,0.333333,0.054973,0.490365,0.000000,0
0.042453,0.344153,0.137000,1.000000,0.350000,0.044000,0.666667,0.146857,0.532090,0.000000,0
0.148305,0.214059,0.606000,1.000000,0.100000,0.245000,0.500000,0.029767,0.088412,0.044000,0
0.331429,0.010000,0.207000,0.143400,0.400000,0.273000,1.000000,0.061211,0.225810,0.000000,0
0.447170,0.459856,0.612000,0.998200,0.150000,0.000000,0.666667,0.097463,0.113931,0.048000,0
0.275258,0.010000,0.240000,0.149800,0.200000,0.272000,0.666667,0.080676,0.065638,0.000000,0
0.185714,0.375607,0.942000,1.000000,0.450000,0.136000,0.333333,0.045890,0.249966,0.305000,0
0.357895,0.456524,0.200000,0.111600,0.150000,0.185000,1.000000,0.324113,0.069243,0.000000,0
0.153704,0.194438,0.434000,0.827400,0.100000,0.146000,0.500000,0.130577,0.168725,0.000000,0
0.014110,0.048612,0.261000,1.000000,0.100000,0.690000,0.666667,0.114407,0.310372,0.150000,0
0.021926,0.217810,0.187000,1.000000,0.100000,0.115000,0.666667,0.414692,0.237329,0.000000,0
0.339535,0.156961,0.199000,0.127800,0.750000,0.000000,0.333333,0.161371,0.263607,0.200000,0
0.381646,0.211362,0.192000,0.107800,0.350000,0.219000,0.500000,0.275299,0.129157,0.000000,0
0.040647,0.188358,0.170000,1.000000,0.650000,0.165000,0.333333,0.154940,0.101599,0.200000,0
0.035429,0.218645,0.185000,1.000000,0.050000,0.195000,0.333333,0.187691,0.249449,0.000000,0
0.005402,0.216976,0.184000,1.000000,0.100000,0.067000,0.833333,0.272917,0.401803,0.000000,0
0.482313,0.128208,0.179000,0.102600,0.600000,0.100000,0.833333,0.187306,0.078230,0.000000,0
0.052537,0.185391,0.136000,1.000000,0.350000,0.420000,0.833333,0.253454,0.440901,0.000000,0
0.400000,0.127228,0.177000,0.081800,0.150000,0.204000,0.666667,0.138652,0.400945,0.000000,0
0.307463,0.138526,0.204000,0.138200,0.500000,0.071000,1.000000,0.076636,0.313432,0.000000,0
0.344218,0.044073,0.208000,0.122000,0.200000,0.000000,1.000000,0.290402,0.171888,0.000000,0
0.093478,0.185581,0.174000,0.752400,0.100000,0.318000,0.500000,0.048112,0.155705,0.000000,0
0.182946,0.297702,0.199000,0.142200,0.300000,0.236000,0.833333,0.115888,0.105538,0.000000,0
0.036128,0.326743,0.171000,1.000000,0.150000,0.485000,0.666667,0.129459,0.323775,0.000000,0
0.021016,0.266150,0.133000,1.000000,0.550000,0.078000,0.833333,0.151141,0.246004,0.000000,0
0.326866,0.216805,0.219000,0.141000,0.200000,0.232000,0.666667,0.423836,0.142997,0.000000,0
0.017788,0.194925,0.269000,1.000000,0.400000,0.432000,0.500000,0.008654,0.381306,0.000000,0
0.595890,0.455021,0.177000,0.086600,0.700000,0.000000,0.666667,0.130167,0.014900,0.200000,0
0.010000,1.000000,0.571000,1.000000,0.450000,0.550000,0.500000,0.471855,0.214918,0.450000,1
0.503738,0.131343,0.180000,0.081600,0.450000,0.000000,0.833333,0.214916,0.352616,0.000000,0
0.171186,0.429487,0.188000,0.116000,0.050000,0.168000,0.333333,0.305231,0.387650,0.000000,0
0.011007,0.178695,0.220000,1.000000,0.000000,0.362000,1.000000,0.035317,0.185008,0.000000,0
0.397778,0.103462,0.190000,0.121600,0.150000,0.168000,1.000000,0.173673,0.026969,0.000000,0
0.175000,0.424221,0.943000,1.000000,0.400000,0.157000,0.666667,0.093315,0.120489,0.306000,0
0.016502,0.298099,0.239000,1.000000,0.050000,0.486000,1.000000,0.057756,0.039566,0.000000,0
0.504511,0.398509,0.165000,0.082600,0.050000,0.172000,0.333333,0.244683,0.072694,0.000000,0
0.382667,0.121073,0.190000,0.122800,0.000000,0.183000,1.000000,0.273898,0.270329,0.000000,0
0.597959,0.179297,0.171000,0.095200,0.100000,0.097000,0.333333,0.174019,0.173336,0.000000,0
0.061111,0.574856,1.000000,1.000000,0.700000,0.000000,0.333333,0.744488,0.525235,0.550000,1
0.035166,0.190941,0.160000,1.000000,0.250000,0.128000,0.333333,0.358699,0.358411,0.000000,0
0.140678,0.433039,0.205000,0.177800,0.450000,0.113000,0.833333,0.094972,0.069385,0.000000,0
0.030728,0.216300,0.178000,1.000000,0.300000,0.214000,0.500000,0.105337,0.229867,0.000000,0
0.300000,0.174993,0.196000,0.125200,0.450000,0.185000,0.500000,0.231635,0.050328,0.000000,0
0.557895,0.394823,0.208000,0.114400,0.450000,0.256000,0.666667,0.456593,0.168087,0.000000,0
0.026000,0.281008,0.179000,1.000000,0.050000,0.000000,0.833333,0.461760,0.293587,0.000000,0
0.010020,0.127698,0.320000,1.000000,0.100000,0.213000,1.000000,0.198036,0.578704,0.000000,0
0.471429,0.361700,0.184000,0.094000,0.500000,0.183000,0.666667,0.356443,0.240867,0.000000,0
0.658065,0.040000,0.446000,0.630000,0.400000,0.000000,0.333333,0.521786,0.297496,0.000000,1
0.363830,0.243304,0.199000,0.148400,0.150000,0.479000,0.500000,0.124661,0.343898,0.000000,0
0.314458,0.187526,0.195000,0.139600,0.300000,0.039000,0.666667,0.106788,0.639670,0.000000,0
0.359494,0.170194,0.211000,0.134600,0.200000,0.204000,0.833333,0.370643,0.095182,0.000000,0
0.104545,0.204258,0.974000,1.000000,0.050000,0.151000,0.333333,0.007777,0.288270,0.330000,0
0.123153,0.185001,0.172000,0.631800,0.300000,0.345000,0.833333,0.184098,0.176618,0.000000,0
0.341509,0.316120,0.188000,0.110000,0.100000,0.248000,1.000000,0.101857,0.498892,0.000000,0
0.056667,0.214916,0.214000,0.947200,0.400000,0.349000,0.666667,0.410590,0.256822,0.000000,0
0.409375,0.225656,0.191000,0.094400,0.750000,0.416000,0.666667,0.297191,0.352456,0.200000,0
0.132895,0.666305,0.713000,1.000000,0.650000,0.506000,0.166667,0.625803,0.684559,0.477000,1
0.307634,0.145567,0.189000,0.118800,0.550000,0.027000,1.000000,0.052718,0.317550,0.000000,0
0.062766,0.145690,0.212000,0.819600,0.250000,0.081000,0.833333,0.335435,0.082803,0.000000,0
0.504819,0.028149,0.184000,0.097800,0.200000,0.000000,0.500000,0.219749,0.145159,0.000000,0
0.011784,0.245136,0.220000,1.000000,0.100000,0.387000,0.666667,0.125925,0.378097,0.000000,0
0.023861,0.251343,0.202000,1.000000,0.450000,0.042000,0.833333,0.158133,0.127443,0.000000,0
0.266197,0.213828,0.185000,0.139200,0.050000,0.024000,0.500000,0.131755,0.209336,0.000000,0
0.170755,0.040363,0.702000,1.000000,0.350000,0.144000,0.666667,0.249428,0.279106,0.118000,0
0.026960,0.351870,0.231000,1.000000,0.250000,0.026000,0.500000,0.152316,0.301654,0.000000,0
0.013896,0.300261,0.187000,1.000000,0.000000,0.291000,0.666667,0.119728,0.581095,0.000000,0
0.337324,0.276135,0.207000,0.106600,0.300000,0.063000,0.666667,0.560563,0.035872,0.000000,0
0.065432,0.243389,0.925000,1.000000,0.350000,0.419000,0.333333,0.393258,0.249862,0.292000,0
0.022414,1.000000,0.308000,0.741800,0.350000,0.000000,0.166667,0.304526,0.621063,0.300000,1
0.098113,0.228519,0.567000,1.000000,0.150000,0.126000,0.500000,0.079272,0.251023,0.013000,0
0.407595,0.244941,0.189000,0.086600,0.150000,0.248000,0.333333,0.120410,0.125983,0.000000,0
0.135345,0.303251,0.210000,0.163800,0.700000,0.000000,0.333333,0.673751,0.492645,0.200000,1
0.462992,0.170299,0.194000,0.092000,0.150000,0.354000,0.333333,0.277385,0.160784,0.000000,0
0.321687,0.125815,0.169000,0.117000,0.150000,0.082000,0.333333,0.247499,0.217445,0.000000,0
0.132143,0.084135,0.203000,0.181200,0.200000,0.288000,0.333333,0.062880,0.048240,0.000000,0
0.184348,0.203955,0.189000,0.153200,0.250000,0.000000,0.666667,0.410715,0.230815,0.000000,0
0.033849,0.250581,0.119000,1.000000,0.100000,0.057000,0.666667,0.023239,0.211312,0.000000,0
0.650000,0.278613,0.577000,0.768200,0.100000,0.419000,0.333333,0.249313,0.253096,0.021000,0
0.003448,1.000000,0.750000,1.000000,0.200000,0.000000,0.166667,0.860456,0.697508,0.300000,1
0.333333,0.342406,0.196000,0.118800,0.300000,0.155000,0.833333,0.539889,0.117624,0.000000,0
0.581481,0.156015,0.172000,0.077800,0.400000,0.303000,0.500000,0.156941,0.257159,0.000000,0
0.019225,0.160198,0.193000,1.000000,0.500000,0.132000,0.500000,0.254204,0.297721,0.000000,0
0.037652,0.303813,0.161000,1.000000,0.200000,0.016000,0.500000,0.217752,0.157429,0.000000,0
0.038264,0.347116,0.129000,1.000000,0.250000,0.170000,1.000000,0.076045,0.251205,0.000000,0
0.340909,0.045953,0.173000,0.094600,0.450000,0.000000,0.500000,0.404511,0.520759,0.000000,1
0.039602,0.010000,0.218000,1.000000,0.300000,0.085000,0.333333,0.067707,0.483824,0.000000,0
0.491667,0.138792,0.182000,0.124000,0.550000,0.285000,0.666667,0.072544,0.155570,0.000000,0
0.423622,0.292361,0.186000,0.108800,0.100000,0.030000,1.000000,0.217313,0.093952,0.000000,0
0.342222,0.170926,0.169000,0.103400,0.200000,0.000000,0.500000,0.658026,0.449611,0.000000,1
0.360606,0.576944,0.160000,0.099400,0.200000,0.000000,0.166667,0.594279,0.519928,0.000000,1
0.193258,0.040000,1.000000,1.000000,0.550000,0.000000,0.500000,0.571487,0.484794,0.350000,1
0.112821,0.254548,0.606000,1.000000,0.450000,0.125000,0.333333,0.258455,0.187039,0.044000,0
0.013695,0.183398,0.151000,1.000000,0.250000,0.352000,0.500000,0.257665,0.301796,0.000000,0
0.156311,0.226803,0.503000,0.836600,0.450000,0.713000,0.333333,0.401050,0.484931,0.150000,1
0.507547,0.010000,0.188000,0.103800,0.250000,0.320000,0.833333,0.109933,0.389851,0.000000,0
0.476522,0.049960,0.184000,0.107000,0.600000,0.385000,0.500000,0.258504,0.206316,0.000000,0
0.086905,0.159705,0.877000,1.000000,0.100000,0.175000,0.500000,0.393289,0.178821,0.254000,0
0.003390,1.000000,0.500000,1.000000,0.600000,0.000000,0.500000,0.536214,0.279418,0.300000,1
0.038889,0.571503,0.203000,1.000000,0.250000,0.172000,0.833333,0.040146,0.255408,0.000000,0
0.215385,0.142698,0.526000,1.000000,0.250000,0.050000,0.333333,0.075327,0.056945,0.000000,0
0.037534,0.010000,0.143000,1.000000,0.300000,0.106000,0.833333,0.134279,0.201180,0.000000,0
0.041702,0.482268,0.255000,1.000000,0.500000,0.146000,0.333333,0.264785,0.267109,0.000000,0
0.202381,0.304768,0.208000,0.141200,0.150000,0.091000,0.833333,0.130331,0.136034,0.000000,0
0.545455,0.182628,0.197000,0.085200,0.100000,0.000000,0.666667,0.181819,0.071913,0.000000,0
0.005955,0.342321,0.302000,1.000000,0.100000,0.000000,1.000000,0.236939,0.117198,0.000000,0
0.031917,0.187151,0.179000,1.000000,0.150000,0.110000,0.833333,0.213596,0.101637,0.000000,0
0.387805,0.296431,0.208000,0.107600,0.400000,0.954000,0.333333,0.501300,0.762505,0.150000,1
0.253846,0.181940,0.662000,1.000000,0.200000,0.219000,0.666667,0.287069,0.313812,0.087000,0
0.403759,0.235298,0.186000,0.097000,0.200000,0.000000,0.333333,0.302010,0.215516,0.000000,0
0.169388,0.189114,0.205000,0.209600,0.700000,0.192000,0.333333,0.232011,0.182737,0.200000,0
0.001346,0.059735,0.462000,1.000000,0.300000,0.290000,0.833333,0.216416,0.147639,0.000000,0
0.142466,0.287136,0.442000,0.602400,0.300000,0.837000,0.333333,0.349341,0.598197,0.150000,1
0.198990,0.284604,0.203000,0.158800,0.200000,0.167000,1.000000,0.393685,0.122919,0.000000,0
0.032902,0.247786,0.166000,1.000000,0.250000,0.163000,0.333333,0.388465,0.145649,0.000000,0
0.420455,0.064963,0.189000,0.105400,0.300000,0.341000,0.500000,0.359121,0.142878,0.000000,0
0.409091,0.260519,0.211000,0.105200,0.450000,0.178000,0.333333,0.428741,0.370570,0.000000,0
0.103947,0.579995,0.456000,0.616000,0.200000,0.000000,0.166667,0.298930,0.478215,0.000000,1
0.260526,0.606160,1.000000,1.000000,0.500000,0.000000,0.166667,0.370153,0.528501,0.350000,1
0.489231,0.010415,0.170000,0.082800,0.050000,0.321000,0.833333,0.103228,0.444521,0.000000,0
0.518919,0.120046,0.169000,0.076000,0.300000,0.376000,0.333333,0.372452,0.053489,0.000000,0
0.367901,0.422013,0.490000,1.000000,0.300000,0.000000,0.333333,0.542499,0.454902,0.000000,1
0.195000,0.160314,0.936000,1.000000,0.300000,0.032000,0.500000,0.302684,0.209226,0.300000,0
0.420155,0.283777,0.183000,0.112800,0.350000,0.366000,0.666667,0.311525,0.557980,0.000000,0
0.443750,0.131567,0.188000,0.133000,0.150000,0.311000,0.666667,0.126872,0.031213,0.000000,0
0.169643,0.232563,0.221000,0.180800,0.150000,0.337000,1.000000,0.142007,0.070700,0.000000,0
0.366387,0.200499,0.193000,0.114600,0.300000,0.238000,0.833333,0.268530,0.407309,0.000000,0
0.269231,0.359336,0.971000,1.000000,0.450000,0.000000,0.333333,0.072550,0.206407,0.327000,0
0.349359,0.053936,0.202000,0.112400,0.050000,0.105000,0.333333,0.309230,0.397251,0.000000,0
0.225000,0.293537,0.196000,0.140600,0.150000,0.232000,1.000000,0.387815,0.089582,0.000000,0
0.056452,0.163921,0.771000,1.000000,0.350000,0.332000,0.666667,0.121474,0.294769,0.172000,0
0.250000,0.276005,0.200000,0.135600,0.450000,0.119000,0.333333,0.214795,0.057944,0.000000,0
0.023569,0.213037,0.114000,1.000000,0.150000,0.563000,0.333333,0.532154,0.215304,0.150000,0
0.376699,0.330335,0.175000,0.121400,0.200000,0.277000,0.833333,0.391192,0.171349,0.000000,0
0.317073,0.372942,0.208000,0.105000,0.150000,0.092000,0.333333,0.121247,0.276321,0.000000,0
0.000962,0.032991,0.875000,1.000000,0.150000,0.220000,0.666667,0.010820,0.429188,0.000000,0
0.576667,0.195776,0.171000,0.079200,0.200000,0.123000,1.000000,0.145553,0.275978,0.000000,0
0.144330,1.000000,0.557000,0.907200,0.750000,0.283000,0.166667,0.555164,0.257521,0.205000,1
0.160656,0.239624,0.194000,0.176400,0.200000,0.000000,0.666667,0.148722,0.055818,0.000000,0
0.193220,0.809736,0.737000,1.000000,0.450000,0.000000,0.333333,0.603930,0.534337,0.145000,1
0.040000,0.312217,0.700000,1.000000,0.400000,0.533000,0.500000,0.023576,0.154184,0.267000,0
0.450649,0.109785,0.176000,0.108200,0.350000,0.326000,0.500000,0.239652,0.164315,0.000000,0
0.468750,0.247465,0.190000,0.108800,0.450000,0.223000,0.666667,0.072940,0.184212,0.000000,0
0.388525,0.437837,0.194000,0.104000,0.200000,0.291000,0.333333,0.195627,0.107696,0.000000,0
0.256818,0.276770,0.518000,1.000000,0.700000,0.116000,0.500000,0.364810,0.111401,0.200000,0
0.110714,0.048945,0.190000,0.751000,0.300000,0.180000,0.333333,0.123398,0.229837,0.000000,0
0.006054,0.420723,0.407000,1.000000,0.550000,0.420000,0.333333,0.311896,0.465460,0.000000,0
0.143434,0.331718,0.218000,0.187200,0.050000,0.121000,0.333333,0.363455,0.366783,0.000000,0
0.511511,0.267742,0.183000,0.088600,0.050000,0.194000,1.000000,0.203908,0.301234,0.000000,0
0.406154,0.421118,0.481000,0.974400,0.200000,0.639000,0.500000,0.600653,0.310499,0.150000,1
0.482759,0.216319,0.186000,0.095800,0.200000,0.359000,1.000000,0.337477,0.549610,0.000000,0
0.383562,0.344261,0.198000,0.106400,0.300000,0.257000,0.333333,0.097852,0.118343,0.000000,0
0.413415,0.454634,0.215000,0.120800,0.150000,0.087000,0.500000,0.173902,0.377548,0.000000,0
0.042263,0.101595,0.219000,1.000000,0.200000,0.046000,0.500000,0.257691,0.146484,0.000000,0
0.080412,0.284689,0.189000,0.817400,0.200000,0.260000,1.000000,0.075342,0.281512,0.000000,0
0.010390,1.000000,0.375000,0.909000,0.850000,0.860000,0.166667,0.701580,0.659606,0.650000,1
0.251136,0.290787,0.204000,0.133600,0.300000,0.193000,0.500000,0.050367,0.224613,0.000000,0
0.100000,1.000000,0.783000,1.000000,0.450000,0.472000,0.166667,0.441280,0.427987,0.181000,1
0.011494,1.000000,0.400000,1.000000,0.200000,0.000000,0.333333,0.411788,0.645229,0.300000,1
0.012195,1.000000,0.400000,1.000000,0.450000,0.611000,0.500000,0.522066,0.416789,0.450000,1
0.467442,0.319669,0.184000,0.092600,0.350000,0.456000,0.833333,0.324750,0.314023,0.000000,0
0.476871,0.109012,0.177000,0.110400,0.150000,0.073000,1.000000,0.600765,0.130751,0.000000,0
0.458182,0.287805,0.192000,0.096800,0.350000,0.288000,0.500000,0.213187,0.021347,0.000000,0
0.358537,0.303199,0.211000,0.126200,0.150000,0.347000,0.333333,0.144927,0.390776,0.000000,0
0.271053,0.221772,0.835000,1.000000,0.600000,0.000000,0.333333,0.832207,0.210965,0.222000,1
0.007912,0.230890,0.264000,1.000000,0.200000,0.254000,0.333333,0.015360,0.126538,0.000000,0
0.149474,0.098809,0.507000,1.000000,0.400000,0.327000,0.666667,0.159612,0.345517,0.000000,0
0.019499,0.076604,0.128000,1.000000,0.250000,0.265000,0.833333,0.098345,0.216789,0.000000,0
0.013148,0.242450,0.239000,1.000000,0.300000,0.000000,0.333333,0.335353,0.054425,0.000000,0
0.385714,0.401335,0.171000,0.124800,0.300000,0.000000,0.666667,0.071292,0.034267,0.000000,0
0.057670,0.010000,0.251000,0.968200,0.050000,0.078000,0.833333,0.248147,0.221023,0.000000,0
0.102857,0.186497,0.847000,1.000000,0.050000,0.291000,0.333333,0.379291,0.397016,0.231000,0
0.297059,0.282206,0.205000,0.134600,0.300000,0.365000,0.333333,0.140458,0.351205,0.000000,0
0.161702,0.296189,0.217000,0.176000,0.250000,0.104000,0.333333,0.084482,0.354316,0.000000,0
0.019764,0.308137,0.134000,1.000000,0.200000,0.008000,1.000000,0.116553,0.083920,0.000000,0
0.206667,0.210513,0.733000,1.000000,0.250000,0.289000,0.333333,0.311036,0.479899,0.142000,1
0.027957,0.138165,0.231000,1.000000,0.300000,0.150000,1.000000,0.335722,0.607375,0.000000,0
0.417895,0.121288,0.171000,0.099000,0.100000,0.000000,0.666667,0.213332,0.467773,0.000000,0
0.175309,0.439376,0.218000,0.144000,0.400000,0.021000,1.000000,0.150033,0.344266,0.000000,0
0.032449,0.145352,0.202000,1.000000,0.200000,0.042000,0.666667,0.268936,0.101167,0.000000,0
0.157143,0.156607,0.202000,0.178200,0.150000,0.237000,0.666667,0.098408,0.092767,0.000000,0
0.538931,0.348309,0.177000,0.102000,0.250000,0.093000,0.500000,0.307664,0.121071,0.000000,0
0.139474,0.212628,0.915000,1.000000,0.300000,0.082000,0.500000,0.184527,0.236520,0.284000,0
0.169355,0.084357,0.219000,0.165200,0.050000,0.000000,0.666667,0.102564,0.064636,0.000000,0
0.054206,0.256465,0.810000,1.000000,0.450000,0.137000,0.833333,0.383890,0.172510,0.202000,0
0.345882,0.231730,0.201000,0.117800,0.400000,0.086000,0.333333,0.132228,0.140289,0.000000,0
0.275269,0.259384,0.230000,0.126800,0.350000,0.000000,0.666667,0.219572,0.188755,0.000000,0
0.172131,0.316381,0.733000,1.000000,0.500000,0.000000,0.166667,0.247854,0.662817,0.142000,1
0.276562,0.363265,0.215000,0.130800,0.200000,0.053000,0.333333,0.171235,0.226283,0.000000,0
0.139286,0.348732,0.769000,1.000000,0.050000,0.209000,0.833333,0.272324,0.104216,0.170000,0
0.264151,0.243329,0.186000,0.140400,0.200000,0.292000,0.666667,0.019087,0.337335,0.000000,0
0.218987,0.277164,0.197000,0.151800,0.500000,0.187000,0.666667,0.176644,0.081435,0.000000,0
0.272662,0.460386,0.203000,0.136800,0.150000,0.152000,0.500000,0.353472,0.091720,0.000000,0
0.032443,0.426408,0.247000,1.000000,0.150000,0.000000,0.666667,0.118448,0.306135,0.000000,0
0.253061,0.311053,0.593000,1.000000,0.350000,0.481000,0.333333,0.546750,0.090721,0.033000,0
0.298507,0.295543,0.225000,0.151600,0.500000,0.356000,0.500000,0.228934,0.230376,0.000000,0
1.000000,0.615861,0.425000,0.631800,0.300000,0.250000,0.166667,0.260344,0.288634,0.000000,1
0.538732,0.123970,0.178000,0.089800,0.400000,0.022000,0.333333,0.210043,0.380549,0.000000,0
0.171429,0.331226,0.225000,0.154400,0.150000,0.000000,0.333333,0.205958,0.174128,0.000000,0
0.241509,0.194759,0.922000,1.000000,0.300000,0.000000,0.833333,0.173827,0.412985,0.289000,0
0.007407,0.228044,0.214000,1.000000,0.050000,0.162000,1.000000,0.127402,0.099322,0.000000,0
0.508791,0.391574,0.203000,0.124800,0.150000,0.000000,0.666667,0.208846,0.291715,0.000000,0
0.263830,0.163436,0.181000,0.123000,0.200000,0.447000,0.333333,0.210019,0.097135,0.000000,0
0.192806,0.239414,0.194000,0.152200,0.450000,0.197000,1.000000,0.300894,0.052443,0.000000,0
0.011111,1.000000,0.444000,0.979800,0.200000,0.000000,0.333333,0.288206,0.601058,0.300000,1
0.009756,1.000000,0.500000,1.000000,0.400000,0.000000,0.500000,0.494402,0.556629,0.300000,1
0.220000,0.101269,0.227000,0.154200,0.350000,0.000000,0.666667,0.109158,0.174488,0.000000,0
0.286275,0.061932,0.747000,1.000000,0.350000,0.000000,0.833333,0.367684,0.386373,0.153000,0
0.345679,0.293147,0.186000,0.120600,0.300000,0.183000,0.666667,0.383866,0.608671,0.000000,0
0.014307,0.307428,0.221000,1.000000,0.150000,0.000000,0.833333,0.280473,0.181776,0.000000,0
0.012746,0.149965,0.268000,1.000000,0.350000,0.022000,0.500000,0.191082,0.211395,0.000000,0
0.868421,0.641577,0.533000,0.850600,0.500000,0.000000,0.166667,0.082512,0.510495,0.000000,1
0.052609,0.265571,0.174000,1.000000,0.050000,0.171000,1.000000,0.425064,0.521634,0.000000,0
0.011680,0.326861,0.202000,1.000000,0.300000,0.000000,0.500000,0.423404,0.117712,0.000000,0
0.205882,0.222852,0.964000,1.000000,0.150000,0.047000,1.000000,0.398932,0.258011,0.322000,0
0.444828,0.344009,0.182000,0.095400,0.350000,0.360000,0.333333,0.213849,0.192198,0.000000,0
0.115217,0.428060,0.226000,0.211000,0.050000,0.441000,0.500000,0.108023,0.467650,0.000000,0
0.011331,0.377649,0.300000,1.000000,0.150000,0.000000,1.000000,0.161090,0.168852,0.000000,0
0.427407,0.347356,0.165000,0.108600,0.250000,0.264000,0.833333,0.253540,0.562191,0.000000,0
0.230909,0.276476,0.213000,0.133000,0.300000,0.117000,0.666667,0.255303,0.274808,0.000000,0
0.304688,0.301994,0.200000,0.153600,0.000000,0.173000,0.666667,0.239027,0.243901,0.000000,0
0.252893,0.348304,0.190000,0.135000,0.150000,0.237000,0.333333,0.095741,0.238113,0.000000,0
0.121000,0.040944,0.620000,1.000000,0.100000,0.256000,0.833333,0.337241,0.187278,0.054000,0
0.084507,0.060000,0.500000,0.700000,0.650000,0.463000,0.500000,0.780447,0.503446,0.200000,1
0.416327,0.415849,0.588000,0.985200,0.400000,0.000000,0.166667,0.661316,0.349131,0.030000,1
0.204167,0.103410,0.224000,0.149600,0.200000,0.110000,0.333333,0.235988,0.428757,0.000000,0
0.090196,0.178391,0.804000,1.000000,0.550000,0.000000,1.000000,0.058964,0.116307,0.198000,0
0.158140,0.057698,0.912000,1.000000,0.350000,0.002000,0.500000,0.035325,0.052126,0.282000,0
0.012142,0.175792,0.250000,1.000000,0.300000,0.516000,0.500000,0.019805,0.025248,0.150000,0
0.262121,0.013448,0.197000,0.160400,0.100000,0.000000,0.666667,0.127383,0.296933,0.000000,0
0.177311,0.145115,0.559000,1.000000,0.300000,0.230000,1.000000,0.349118,0.329342,0.007000,0
0.401099,0.387094,0.203000,0.106200,0.450000,0.174000,1.000000,0.109739,0.151590,0.000000,0
0.460204,0.468457,0.195000,0.111000,0.150000,0.333000,0.333333,0.113776,0.163423,0.000000,0
0.012284,0.178498,0.197000,1.000000,0.150000,0.156000,0.833333,0.305563,0.174858,0.000000,0
0.548101,0.137316,0.203000,0.105800,0.300000,0.420000,0.833333,0.091208,0.113726,0.000000,0
0.165217,0.087667,0.206000,0.155400,0.100000,0.000000,0.500000,0.138631,0.209735,0.000000,0
0.533750,0.154283,0.183000,0.090400,0.150000,0.000000,1.000000,0.587248,0.318461,0.000000,0
0.198319,0.239515,0.508000,1.000000,0.100000,0.000000,1.000000,0.284826,0.072692,0.000000,0
0.052088,0.338755,0.175000,0.989600,0.550000,0.203000,0.666667,0.380729,0.259034,0.000000,0
0.018842,0.123314,0.137000,1.000000,0.150000,0.124000,0.666667,0.265425,0.144071,0.000000,0
0.100000,1.000000,0.438000,0.597400,0.550000,0.493000,0.333333,0.608728,0.610754,0.000000,1
0.264444,0.059902,0.185000,0.118400,0.400000,0.498000,0.166667,0.358108,0.475133,0.000000,1
0.208696,0.505717,1.000000,1.000000,0.400000,0.572000,0.500000,0.452926,0.408233,0.500000,1
0.084400,0.168156,0.123000,0.888000,0.350000,0.076000,0.500000,0.176806,0.094944,0.000000,0
0.185217,0.060000,0.474000,0.768200,0.500000,0.596000,0.333333,0.532880,0.377796,0.150000,1
0.398039,0.177123,0.186000,0.106800,0.100000,0.328000,0.833333,0.134759,0.120495,0.000000,0
0.094828,0.082794,0.882000,1.000000,0.200000,0.000000,0.666667,0.132541,0.067260,0.258000,0
0.270370,0.326924,0.178000,0.118800,0.250000,0.136000,0.500000,0.203113,0.370203,0.000000,0
0.224409,0.341862,0.211000,0.133200,0.350000,0.066000,0.666667,0.354080,0.230922,0.000000,0
0.260331,0.010000,0.210000,0.151600,0.150000,0.530000,0.333333,0.014433,0.166423,0.150000,0
0.367021,0.130475,0.191000,0.108600,0.150000,0.000000,1.000000,0.323946,0.038539,0.000000,0
0.197101,1.000000,0.669000,1.000000,0.300000,0.623000,0.500000,0.182846,0.658636,0.243000,1
0.289062,0.010000,0.189000,0.103800,0.300000,0.236000,0.500000,0.158792,0.259677,0.000000,0
0.032524,0.297431,0.191000,1.000000,0.250000,0.242000,0.666667,0.371429,0.120506,0.000000,0
0.357246,0.399347,0.197000,0.109600,0.150000,0.281000,0.833333,0.392097,0.217361,0.000000,0
0.500787,0.236125,0.184000,0.098600,0.050000,0.181000,0.833333,0.260280,0.156446,0.000000,0
0.651064,0.384513,0.379000,0.770400,0.550000,0.895000,0.500000,0.583858,0.647543,0.150000,1
0.540351,0.241649,0.195000,0.101000,0.250000,0.290000,0.333333,0.387957,0.120772,0.000000,0
0.329545,0.234341,0.614000,0.917400,0.350000,0.152000,0.500000,0.014359,0.002771,0.050000,0
0.196923,0.319922,0.219000,0.175400,0.050000,0.258000,0.666667,0.209222,0.567475,0.000000,0
0.060403,0.233792,0.117000,1.000000,0.350000,0.334000,0.833333,0.057050,0.222695,0.000000,0
0.009253,0.164009,0.211000,1.000000,0.100000,0.152000,0.833333,0.091737,0.161398,0.000000,0
0.502326,0.275300,0.157000,0.086600,0.150000,0.090000,0.666667,0.070873,0.413135,0.000000,0
0.589116,0.325823,0.157000,0.080000,0.100000,0.265000,0.500000,0.120129,0.298192,0.000000,0
0.177143,0.192591,1.000000,1.000000,0.350000,0.000000,0.500000,0.391459,0.648678,0.350000,1
0.415190,0.216271,0.195000,0.100800,0.350000,0.076000,0.833333,0.044252,0.365443,0.000000,0
0.012441,0.514884,0.253000,1.000000,0.100000,0.000000,0.666667,0.386917,0.043761,0.000000,0
0.443564,0.151751,0.190000,0.120200,0.050000,0.206000,0.500000,0.196223,0.289682,0.000000,0
0.379310,0.486813,0.198000,0.114200,0.100000,0.000000,0.666667,0.147180,0.048538,0.000000,0
0.372500,0.408773,0.235000,0.126000,0.250000,0.164000,0.666667,0.185216,0.101697,0.000000,0
0.186957,0.297430,0.233000,0.164800,0.300000,0.000000,0.500000,0.389226,0.262482,0.000000,0
0.551145,0.144903,0.169000,0.094000,0.300000,0.223000,0.333333,0.412199,0.266535,0.000000,0
0.397727,0.240480,0.169000,0.095600,0.200000,0.143000,0.333333,0.083368,0.006188,0.000000,0
0.450000,0.106606,0.187000,0.091000,0.200000,0.301000,0.666667,0.182993,0.239291,0.000000,0
0.023488,0.040509,0.159000,1.000000,0.450000,0.010000,0.666667,0.220527,0.220053,0.000000,0
0.425000,0.629368,0.463000,1.000000,0.550000,0.000000,0.500000,0.544064,0.775832,0.000000,1
0.243810,0.294466,0.242000,0.140400,0.250000,0.330000,0.666667,0.573962,0.050364,0.000000,0
0.188889,0.131279,0.544000,1.000000,0.250000,0.083000,0.833333,0.258582,0.109145,0.000000,0
0.011438,0.205724,0.571000,1.000000,0.550000,0.172000,0.500000,0.328942,0.318645,0.016000,0
0.074603,0.695359,1.000000,1.000000,0.650000,0.000000,0.500000,0.463870,0.452538,0.550000,1
0.673333,0.099722,0.639000,0.735800,0.050000,0.292000,0.500000,0.326247,0.267993,0.069000,0
0.506000,0.172617,0.178000,0.136000,0.350000,0.516000,0.500000,0.156894,0.089708,0.150000,0
0.184127,0.198042,0.224000,0.167800,0.200000,0.141000,0.500000,0.155342,0.336146,0.000000,0
0.063450,0.144346,0.146000,0.973600,0.550000,0.322000,0.333333,0.366586,0.239897,0.000000,0
0.243038,0.416623,0.682000,1.000000,0.200000,0.232000,0.666667,0.246750,0.142412,0.103000,0
0.222500,0.171068,0.195000,0.120800,0.050000,0.149000,1.000000,0.296626,0.304816,0.000000,0
0.368056,0.194297,0.198000,0.103800,0.150000,0.000000,0.666667,0.114065,0.279733,0.000000,0
0.372368,0.201395,0.177000,0.105800,0.200000,0.000000,0.333333,0.649418,0.294144,0.000000,0
0.513462,0.935815,0.625000,1.000000,0.500000,0.382000,0.500000,0.495940,0.240102,0.058000,1
0.240141,0.010000,0.217000,0.148200,0.450000,0.000000,0.333333,0.309975,0.160728,0.000000,0
0.030098,0.121517,0.225000,1.000000,0.150000,0.151000,1.000000,0.185290,0.411405,0.000000,0
0.169474,0.248544,0.224000,0.157000,0.500000,0.451000,0.500000,0.144918,0.030177,0.000000,0
0.022417,0.153337,0.203000,1.000000,0.500000,0.382000,0.833333,0.180248,0.206209,0.000000,0
0.430469,0.204289,0.185000,0.105600,0.050000,0.000000,0.333333,0.254596,0.146328,0.000000,0
0.423214,0.061419,0.198000,0.129800,0.200000,0.175000,0.833333,0.285064,0.300038,0.000000,0
0.277273,0.040000,0.504000,1.000000,0.250000,0.000000,0.333333,0.522573,0.599057,0.000000,1
0.156579,1.000000,0.504000,0.695400,0.550000,0.000000,0.333333,0.632231,0.569327,0.000000,1
0.018704,0.259256,0.277000,1.000000,0.350000,0.008000,0.666667,0.040311,0.100961,0.000000,0
0.534783,0.378615,0.189000,0.095400,0.050000,0.082000,0.666667,0.141424,0.036326,0.000000,0
0.453846,0.273025,0.165000,0.123800,0.100000,0.000000,0.833333,0.346209,0.314752,0.000000,0
0.064672,0.159677,0.189000,0.918800,0.250000,0.286000,0.333333,0.117934,0.085544,0.000000,0
0.051816,0.376625,0.196000,0.986800,0.150000,0.181000,0.833333,0.236311,0.505394,0.000000,0
0.064530,0.372494,0.331000,0.933600,0.000000,0.144000,0.500000,0.112279,0.124162,0.000000,0
0.561111,0.596642,0.777000,0.949400,0.600000,0.412000,0.500000,0.549123,0.745540,0.177000,1
0.049915,0.010000,0.231000,1.000000,0.350000,0.208000,0.833333,0.161101,0.211337,0.000000,0
0.018298,0.182429,0.302000,1.000000,0.200000,0.156000,1.000000,0.163217,0.091925,0.000000,0
0.521429,0.372259,0.184000,0.091000,0.150000,0.140000,0.666667,0.141049,0.062440,0.000000,0
0.008537,1.000000,0.571000,1.000000,0.550000,0.416000,0.333333,0.634407,0.526453,0.300000,1
0.579845,0.079382,0.180000,0.085800,0.500000,0.000000,1.000000,0.052036,0.454384,0.000000,0
0.336735,0.067058,0.206000,0.124600,0.150000,0.522000,1.000000,0.049460,0.307115,0.150000,0
0.568421,0.332406,0.163000,0.072800,0.300000,0.090000,0.500000,0.168433,0.065100,0.000000,0
0.331481,0.206724,0.173000,0.100400,0.150000,0.244000,0.666667,0.147193,0.356745,0.000000,0
0.370690,0.132028,0.214000,0.144800,0.050000,0.028000,0.833333,0.084318,0.312269,0.000000,0
0.304444,0.074619,0.193000,0.126600,0.150000,0.119000,1.000000,0.255736,0.347031,0.000000,0
0.297959,0.559784,0.226000,0.119400,0.450000,0.000000,0.333333,0.830630,0.620957,0.000000,1
0.442593,0.135564,0.180000,0.111000,0.250000,0.187000,0.333333,0.257622,0.528238,0.000000,0
0.171171,0.316653,0.589000,1.000000,0.300000,0.177000,0.333333,0.387534,0.257353,0.030000,0
0.035922,0.259266,1.000000,1.000000,0.650000,0.944000,0.166667,0.644684,0.598105,0.700000,1
0.038605,0.354548,0.241000,1.000000,0.050000,0.214000,0.666667,0.419833,0.181276,0.000000,0
0.261111,0.129611,1.000000,1.000000,0.600000,0.000000,0.500000,0.409127,0.394075,0.350000,1
0.453571,0.183865,0.189000,0.082800,0.350000,0.197000,1.000000,0.130801,0.180638,0.000000,0
0.245070,0.596602,0.356000,0.957000,0.200000,0.705000,0.166667,0.556800,0.472616,0.150000,1
0.476389,0.262970,0.163000,0.104600,0.500000,0.243000,0.833333,0.479072,0.169244,0.000000,0
0.499351,0.059827,0.183000,0.107400,0.200000,0.067000,1.000000,0.168366,0.220654,0.000000,0
0.170667,0.109105,0.180000,0.174200,0.400000,0.240000,1.000000,0.203145,0.229870,0.000000,0
0.072269,0.185580,0.872000,1.000000,0.050000,0.000000,0.833333,0.578198,0.034029,0.250000,0
0.026829,1.000000,0.364000,0.718200,0.300000,0.000000,0.166667,0.448273,0.686648,0.300000,1
0.285714,0.010000,0.589000,1.000000,0.100000,0.408000,0.333333,0.410267,0.128375,0.030000,0
0.102105,0.294250,0.557000,1.000000,0.400000,0.511000,0.333333,0.296261,0.075418,0.155000,0
0.312000,0.458902,0.726000,1.000000,0.750000,0.000000,0.166667,0.579910,0.483499,0.337000,1
0.169880,0.345933,0.199000,0.144800,0.250000,0.430000,0.500000,0.148200,0.064613,0.000000,0
0.267391,0.433252,0.171000,0.166600,0.200000,0.000000,0.833333,0.198543,0.116781,0.000000,0
0.202970,0.123775,0.571000,1.000000,0.250000,0.228000,0.666667,0.275763,0.222141,0.016000,0
0.302632,0.790749,0.696000,0.795600,0.500000,0.000000,0.333333,0.567866,0.737879,0.114000,1
0.079265,0.086592,0.142000,0.876600,0.100000,0.036000,0.833333,0.388197,0.330489,0.000000,0
0.011224,0.116143,0.333000,1.000000,0.150000,0.275000,0.500000,0.458489,0.323810,0.000000,0
0.013381,0.135650,0.168000,1.000000,0.450000,0.000000,0.833333,0.051571,0.147170,0.000000,0
0.632558,0.314613,0.147000,0.066400,0.450000,0.000000,1.000000,0.104806,0.431893,0.000000,0
0.430769,0.130365,0.414000,1.000000,0.250000,0.000000,0.166667,0.808166,0.391231,0.000000,1
0.187500,1.000000,0.817000,0.904200,0.650000,0.553000,0.166667,0.485070,0.566854,0.558000,1
0.589815,0.123565,0.181000,0.084200,0.000000,0.000000,0.500000,0.291208,0.033266,0.000000,0
0.319048,0.263524,0.201000,0.121000,0.300000,0.211000,0.833333,0.228991,0.191293,0.000000,0
0.013477,0.231981,0.168000,1.000000,0.100000,0.164000,0.833333,0.239665,0.445250,0.000000,0
0.343307,0.130011,0.206000,0.135800,0.250000,0.241000,0.833333,0.020574,0.029755,0.000000,0
0.188136,0.402056,1.000000,1.000000,0.400000,0.000000,0.500000,0.532355,0.502366,0.350000,1
0.158503,0.259786,0.202000,0.167000,0.250000,0.059000,0.833333,0.202807,0.360787,0.000000,0
0.304878,0.183154,0.180000,0.102400,0.050000,0.112000,0.833333,0.203599,0.311557,0.000000,0
0.242149,0.122797,0.201000,0.143200,0.300000,0.000000,0.333333,0.354194,0.320017,0.000000,0
0.214173,0.238596,0.221000,0.150400,0.250000,0.023000,0.833333,0.149639,0.370601,0.000000,0
0.334409,0.316517,0.203000,0.139000,0.400000,0.415000,0.666667,0.236953,0.120658,0.000000,0
0.464062,0.104736,0.158000,0.076400,0.050000,0.000000,1.000000,0.246057,0.064985,0.000000,0
0.100840,0.200121,0.908000,1.000000,0.200000,0.229000,0.500000,0.100042,0.397805,0.278000,0
0.300926,0.089278,0.191000,0.134600,0.400000,0.207000,1.000000,0.025468,0.445681,0.000000,0
0.026310,0.295595,0.216000,1.000000,0.050000,0.312000,0.500000,0.069844,0.050726,0.000000,0
0.430851,0.307303,0.202000,0.114800,0.600000,0.243000,1.000000,0.065351,0.176698,0.000000,0
0.373171,0.249686,0.183000,0.094800,0.200000,0.118000,0.666667,0.305096,0.489035,0.000000,0
0.026341,0.266920,0.168000,1.000000,0.150000,0.061000,1.000000,0.159885,0.264184,0.000000,0
0.473043,0.061104,0.180000,0.118400,0.050000,0.000000,0.833333,0.043613,0.200967,0.000000,0
0.365625,0.282809,0.192000,0.113400,0.250000,0.083000,0.833333,0.463406,0.247496,0.000000,0
0.513830,0.010000,0.174000,0.089400,0.100000,0.000000,0.833333,0.117494,0.280940,0.000000,0
0.309459,0.331603,0.183000,0.097400,0.250000,0.000000,0.333333,0.438624,0.463663,0.000000,1
0.401899,0.080616,0.191000,0.113600,0.300000,0.000000,1.000000,0.172175,0.434964,0.000000,0
0.205155,0.162144,0.216000,0.147000,0.300000,0.172000,0.333333,0.206349,0.190335,0.000000,0
0.034091,0.010000,0.227000,1.000000,0.300000,0.284000,0.500000,0.308875,0.142412,0.000000,0
0.009412,1.000000,0.500000,1.000000,0.800000,0.736000,0.333333,0.586272,0.529465,0.650000,1
0.143860,0.123297,0.183000,0.168800,0.250000,0.224000,1.000000,0.334399,0.367315,0.000000,0
0.039321,0.457362,0.162000,1.000000,0.300000,0.231000,1.000000,0.150974,0.838122,0.000000,0
0.255340,0.307458,0.190000,0.131400,0.300000,0.000000,0.666667,0.446538,0.153271,0.000000,0
0.150000,0.158335,0.221000,0.168800,0.050000,0.097000,0.500000,0.152244,0.104776,0.000000,0
0.452381,0.324243,0.774000,1.000000,0.300000,0.310000,0.833333,0.144344,0.164041,0.174000,0
0.005085,1.000000,0.667000,1.000000,0.550000,0.000000,0.333333,0.438714,0.539298,0.300000,1
0.027260,0.269494,0.166000,1.000000,0.100000,0.088000,0.500000,0.229846,0.350394,0.000000,0
0.350000,0.164077,0.667000,0.855400,0.150000,0.324000,0.500000,0.282896,0.315995,0.091000,0
0.006090,0.351102,0.440000,1.000000,0.200000,0.000000,0.666667,0.357860,0.232054,0.000000,0
0.402913,0.114025,0.200000,0.113600,0.250000,0.194000,0.833333,0.325238,0.204235,0.000000,0
0.458621,0.359719,0.211000,0.107400,0.050000,0.159000,0.666667,0.114475,0.384376,0.000000,0
0.545570,0.359162,0.171000,0.087600,0.350000,0.315000,0.500000,0.556991,0.176541,0.000000,0
0.018337,0.215856,0.160000,1.000000,0.000000,0.000000,0.833333,0.067583,0.204402,0.000000,0
0.008564,0.177593,0.250000,1.000000,0.550000,0.422000,0.500000,0.214587,0.055058,0.000000,0
0.005452,0.207603,0.400000,1.000000,0.250000,0.248000,0.833333,0.137699,0.251253,0.000000,0
0.555224,0.293501,0.169000,0.088000,0.300000,0.104000,0.500000,0.248320,0.256906,0.000000,0
0.363043,0.255578,0.162000,0.096400,0.100000,0.266000,0.833333,0.209002,0.043926,0.000000,0
0.020028,0.219189,0.168000,1.000000,0.350000,0.228000,0.833333,0.160066,0.236311,0.000000,0
0.121839,0.948103,0.453000,0.627800,0.450000,0.000000,0.166667,0.347974,0.506054,0.000000,1
0.309302,0.348241,0.195000,0.102200,0.300000,0.000000,0.833333,0.218866,0.212151,0.000000,0
0.142424,0.045059,0.965000,1.000000,0.400000,0.129000,0.333333,0.371545,0.115482,0.323000,0
0.193130,0.153061,0.229000,0.155800,0.250000,0.123000,0.833333,0.468445,0.242786,0.000000,0
0.238462,0.516353,0.189000,0.122400,0.300000,0.294000,0.666667,0.161020,0.185069,0.000000,0
0.013043,1.000000,0.667000,0.938000,0.600000,0.000000,0.333333,0.503369,0.583585,0.300000,1
0.170330,0.093592,0.206000,0.135400,0.200000,0.252000,0.666667,0.292139,0.079892,0.000000,0
0.168696,0.497515,0.521000,1.000000,0.200000,0.000000,0.333333,0.439714,0.732946,0.000000,1
0.406000,0.226797,0.562000,0.946000,0.400000,0.000000,0.333333,0.087483,0.473471,0.009000,0
0.010886,0.236745,0.216000,1.000000,0.500000,0.225000,0.833333,0.175575,0.217922,0.000000,0
0.005983,1.000000,0.571000,1.000000,0.200000,0.246000,0.500000,0.584835,0.387541,0.300000,1
0.479355,0.048799,0.180000,0.092400,0.100000,0.149000,0.333333,0.107586,0.702767,0.000000,0
0.163492,0.066222,0.485000,1.000000,0.300000,0.000000,1.000000,0.147947,0.146317,0.000000,0
0.370874,0.214177,0.188000,0.103400,0.150000,0.220000,0.666667,0.118120,0.377042,0.000000,0
0.005556,1.000000,0.600000,1.000000,0.450000,0.000000,0.333333,0.498501,0.703925,0.300000,1
0.293103,0.080356,0.224000,0.135600,0.450000,0.112000,0.666667,0.027207,0.122865,0.000000,0
0.023944,0.256577,0.235000,1.000000,0.300000,0.293000,0.833333,0.289616,0.049445,0.000000,0
0.035697,0.221855,0.272000,1.000000,0.300000,0.595000,0.500000,0.103509,0.071819,0.150000,0
0.304878,0.276516,0.556000,1.000000,0.500000,0.231000,0.333333,0.161949,0.101981,0.005000,0
0.116379,0.297979,0.911000,1.000000,0.200000,0.000000,0.500000,0.086821,0.147128,0.281000,0
0.424468,0.029261,0.173000,0.120200,0.200000,0.028000,0.833333,0.156332,0.348544,0.000000,0
0.014625,0.197076,0.189000,1.000000,0.250000,0.115000,0.500000,0.170240,0.011985,0.000000,0
0.181102,0.259599,0.191000,0.148400,0.200000,0.000000,0.333333,0.166497,0.169018,0.000000,0
0.414943,0.110410,0.194000,0.110000,0.050000,0.046000,0.333333,0.296522,0.226045,0.000000,0
0.007970,0.257222,0.213000,1.000000,0.500000,0.376000,0.833333,0.317419,0.247167,0.000000,0
0.165909,0.169411,0.925000,1.000000,0.200000,0.373000,1.000000,0.418423,0.281838,0.292000,0
0.044269,0.193416,0.179000,1.000000,0.200000,0.124000,0.666667,0.128205,0.040416,0.000000,0
0.023929,0.312018,0.211000,1.000000,0.250000,0.000000,0.833333,0.317782,0.121354,0.000000,0
0.281000,0.273470,0.206000,0.137200,0.200000,0.164000,0.500000,0.347860,0.434286,0.000000,0
0.203333,0.256838,0.754000,0.818000,0.150000,0.019000,0.500000,0.124225,0.296007,0.159000,0
0.163551,0.321129,0.211000,0.164200,0.100000,0.008000,0.666667,0.094601,0.065542,0.000000,0
0.206122,0.387162,0.221000,0.141400,0.100000,0.318000,0.666667,0.132413,0.678862,0.000000,0
0.089189,0.308548,0.545000,1.000000,0.150000,0.146000,0.833333,0.030924,0.394615,0.000000,0
0.138750,0.267853,0.180000,0.157000,0.200000,0.065000,0.833333,0.377011,0.398879,0.000000,0
0.052353,0.075264,0.185000,0.880600,0.100000,0.000000,0.833333,0.166055,0.092156,0.000000,0
0.247321,0.204370,0.209000,0.134600,0.250000,0.459000,1.000000,0.172479,0.321196,0.000000,0
0.013705,0.069939,0.220000,1.000000,0.450000,0.133000,0.833333,0.274303,0.238924,0.000000,0
0.313000,0.503135,0.543000,1.000000,0.750000,0.587000,0.333333,0.415185,0.466105,0.350000,1
0.017087,0.372573,0.393000,1.000000,0.100000,0.265000,0.833333,0.106500,0.236384,0.000000,0
0.310370,0.126566,0.203000,0.135200,0.400000,0.216000,0.833333,0.224341,0.234259,0.000000,0
0.308609,0.054046,0.189000,0.102600,0.050000,0.301000,0.500000,0.072714,0.363748,0.000000,0
0.350538,0.409621,0.190000,0.113000,0.150000,0.232000,0.500000,0.036915,0.456320,0.000000,0
0.766667,0.223252,0.467000,0.783600,0.650000,0.000000,0.166667,0.490546,0.659042,0.200000,1
0.420833,0.243738,0.178000,0.099400,0.100000,0.319000,1.000000,0.128302,0.177210,0.000000,0
0.479646,0.418137,0.170000,0.109600,0.150000,0.066000,0.500000,0.261326,0.238851,0.000000,0
0.009953,0.405001,0.294000,1.000000,0.250000,0.193000,0.666667,0.251801,0.558485,0.000000,0
0.037605,0.202528,0.166000,1.000000,0.200000,0.208000,0.500000,0.222476,0.294702,0.000000,0
0.420548,0.122052,0.179000,0.127400,0.150000,0.064000,0.833333,0.117835,0.115683,0.000000,0
0.526271,0.085656,0.192000,0.096000,0.050000,0.391000,0.500000,0.237284,0.046787,0.000000,0
0.008259,0.257311,0.324000,1.000000,0.100000,0.308000,0.333333,0.158106,0.115489,0.000000,0
0.308333,0.122674,0.198000,0.105200,0.200000,0.167000,1.000000,0.233135,0.242391,0.000000,0
0.110619,0.187853,0.944000,1.000000,0.150000,0.205000,0.333333,0.188184,0.348643,0.306000,0
0.195082,0.199945,0.193000,0.134400,0.200000,0.000000,0.500000,0.389901,0.154281,0.000000,0
0.542484,0.439558,0.193000,0.104200,0.100000,0.000000,1.000000,0.250354,0.207021,0.000000,0
0.121138,0.175762,0.235000,0.206600,0.100000,0.119000,0.333333,0.034982,0.078395,0.000000,0
0.038514,0.410585,0.184000,1.000000,0.400000,0.230000,0.833333,0.215368,0.214616,0.000000,0
0.496429,0.514824,0.379000,1.000000,0.550000,0.244000,0.166667,0.284283,0.247235,0.000000,1
0.007709,0.273812,0.225000,1.000000,0.700000,0.109000,0.500000,0.190433,0.201848,0.200000,0
0.173864,0.330367,0.935000,1.000000,0.150000,0.180000,0.833333,0.201750,0.134947,0.299000,0
0.038040,0.089853,0.188000,1.000000,0.350000,0.000000,0.333333,0.315158,0.153801,0.000000,0
0.514286,0.156027,0.184000,0.117000,0.450000,0.232000,1.000000,0.608783,0.108608,0.000000,0
0.211702,0.056540,0.196000,0.143200,0.300000,0.365000,0.500000,0.052710,0.127556,0.000000,0
0.009649,1.000000,0.364000,1.000000,0.300000,0.000000,0.333333,0.483852,0.472783,0.300000,1
0.220192,0.166878,0.192000,0.146000,0.250000,0.066000,1.000000,0.238281,0.174084,0.000000,0
0.290090,0.191060,0.217000,0.128800,0.150000,0.000000,0.833333,0.293333,0.100737,0.000000,0
0.220270,0.161820,0.650000,1.000000,0.500000,0.699000,0.166667,0.529930,0.739285,0.228000,1
0.416514,0.106078,0.183000,0.104800,0.500000,0.435000,0.333333,0.362737,0.127562,0.000000,0
0.059574,0.210006,0.893000,1.000000,0.450000,0.348000,0.666667,0.164733,0.142832,0.267000,0
0.067187,0.603377,1.000000,1.000000,0.750000,0.337000,0.333333,0.397789,0.388889,0.550000,1
0.168590,0.062953,0.198000,0.138200,0.550000,0.348000,1.000000,0.208904,0.129482,0.000000,0
0.216667,0.072850,0.620000,1.000000,0.150000,0.276000,0.500000,0.289299,0.034534,0.054000,0
0.207092,0.138281,0.212000,0.143000,0.450000,0.208000,1.000000,0.282209,0.183583,0.000000,0
0.295588,0.195140,0.229000,0.161400,0.100000,0.233000,0.833333,0.349243,0.439776,0.000000,0
0.415000,0.177380,0.530000,1.000000,0.400000,0.458000,0.333333,0.610290,0.216633,0.000000,1
0.495556,0.214333,0.139000,0.074600,0.600000,0.285000,0.833333,0.224724,0.486456,0.000000,0
0.411290,0.163946,0.165000,0.118600,0.100000,0.000000,0.833333,0.263292,0.462035,0.000000,0
0.034630,0.320487,0.195000,1.000000,0.150000,0.000000,1.000000,0.521639,0.168002,0.000000,0
0.012174,1.000000,0.286000,1.000000,0.150000,0.000000,0.500000,0.534424,0.463552,0.300000,1
0.478195,0.408967,0.186000,0.094200,0.050000,0.434000,1.000000,0.044997,0.067936,0.000000,0
0.019676,0.010000,0.118000,1.000000,0.400000,0.220000,1.000000,0.267223,0.230246,0.000000,0
0.008571,0.274276,0.538000,1.000000,0.500000,0.038000,0.333333,0.035224,0.290502,0.000000,0
0.441935,0.248702,0.180000,0.111400,0.450000,0.220000,1.000000,0.151693,0.098102,0.000000,0
0.364103,0.255459,0.200000,0.111000,0.650000,0.324000,0.666667,0.191275,0.533014,0.200000,0
0.038739,0.100875,0.122000,1.000000,0.400000,0.055000,1.000000,0.236046,0.057497,0.000000,0
0.303738,0.390102,0.203000,0.112800,0.100000,0.000000,0.500000,0.298130,0.022867,0.000000,0
0.006838,1.000000,0.375000,1.000000,0.250000,0.700000,0.333333,0.342070,0.634409,0.450000,1
0.502247,0.178144,0.166000,0.095800,0.100000,0.034000,0.333333,0.181621,0.164351,0.000000,0
0.207813,0.164034,0.195000,0.148600,0.250000,0.000000,0.500000,0.248228,0.144365,0.000000,0
0.475294,0.212907,0.176000,0.091000,0.250000,0.320000,0.666667,0.082070,0.209466,0.000000,0
0.129870,0.109509,1.000000,1.000000,0.600000,0.201000,0.500000,0.605115,0.322613,0.350000,1
0.193805,0.241445,0.196000,0.149400,0.150000,0.338000,0.333333,0.160999,0.046581,0.000000,0
0.912500,0.132198,0.366000,0.624200,0.250000,0.000000,0.500000,0.833616,0.789721,0.000000,1
0.370370,0.228771,0.203000,0.121400,0.100000,0.321000,0.333333,0.177512,0.183637,0.000000,0
0.021145,0.331321,0.214000,1.000000,0.200000,0.388000,0.333333,0.271135,0.422680,0.000000,0
0.585714,0.268012,0.564000,0.878800,0.600000,0.491000,0.500000,0.503324,0.456333,0.011000,1
0.421053,0.458507,0.919000,1.000000,0.400000,0.503000,0.833333,0.146555,0.101507,0.437000,0
0.169307,0.151957,0.222000,0.172600,0.400000,0.297000,1.000000,0.387931,0.294710,0.000000,0
0.164602,0.327926,0.672000,1.000000,0.250000,0.188000,0.333333,0.226010,0.357113,0.095000,0
0.160870,0.192053,0.176000,0.171000,0.200000,0.349000,0.833333,0.452037,0.167044,0.000000,0
0.245652,0.192859,0.204000,0.135000,0.500000,0.000000,0.833333,0.315900,0.110826,0.000000,0
0.514583,0.025111,0.178000,0.105600,0.450000,0.212000,0.500000,0.438654,0.069216,0.000000,0
0.472340,0.010000,0.505000,0.914600,0.150000,0.219000,1.000000,0.060248,0.241632,0.000000,0
0.009398,0.260099,0.218000,1.000000,0.250000,0.359000,0.833333,0.032111,0.062927,0.000000,0
0.104386,0.195939,0.891000,1.000000,0.100000,0.000000,1.000000,0.030604,0.215806,0.265000,0
0.014792,0.106204,0.246000,1.000000,0.200000,0.242000,0.500000,0.116917,0.221623,0.000000,0
0.353247,0.150287,0.529000,1.000000,0.650000,0.000000,0.333333,0.182952,0.087845,0.200000,1
0.454348,0.337910,0.182000,0.129400,0.050000,0.236000,0.500000,0.340091,0.127455,0.000000,0
0.040828,0.010000,0.111000,1.000000,0.200000,0.201000,0.333333,0.160528,0.239202,0.000000,0
0.308571,0.474322,0.552000,1.000000,0.400000,0.000000,0.333333,0.581223,0.578623,0.002000,1
0.213115,0.219841,0.169000,0.128800,0.050000,0.156000,1.000000,0.045731,0.256585,0.000000,0
0.408725,0.182883,0.190000,0.089600,0.400000,0.261000,0.500000,0.401029,0.081401,0.000000,0
0.044968,0.010000,0.188000,1.000000,0.100000,0.276000,0.833333,0.281850,0.139099,0.000000,0
0.197015,0.671092,0.682000,1.000000,0.300000,0.000000,0.166667,0.275123,0.489189,0.103000,1
0.300000,0.295875,0.185000,0.134200,0.100000,0.053000,0.333333,0.251878,0.236833,0.000000,0
0.531034,0.284461,0.172000,0.082600,0.150000,0.167000,0.333333,0.343818,0.107180,0.000000,0
0.283077,0.212319,0.554000,1.000000,0.150000,0.060000,0.333333,0.187335,0.153211,0.003000,0
0.003488,1.000000,0.667000,1.000000,0.150000,0.000000,0.333333,0.460377,0.584521,0.300000,1
0.527273,0.054868,0.185000,0.121400,0.200000,0.257000,0.833333,0.127973,0.476981,0.000000,0
0.025760,0.163959,0.186000,1.000000,0.050000,0.179000,0.333333,0.119154,0.095482,0.000000,0
0.268000,0.329556,0.218000,0.128200,0.200000,0.088000,0.666667,0.166870,0.245618,0.000000,0
0.027975,0.366589,0.133000,1.000000,0.200000,0.353000,0.833333,0.300082,0.127466,0.000000,0
0.026093,0.123571,0.131000,1.000000,0.050000,0.310000,1.000000,0.249261,0.134375,0.000000,0
0.353623,0.307172,0.193000,0.104400,0.350000,0.052000,0.500000,0.122095,0.089117,0.000000,0
0.029200,0.187671,0.228000,1.000000,0.450000,0.000000,0.833333,0.275233,0.286788,0.000000,0
0.015510,0.218153,0.184000,1.000000,0.000000,0.201000,1.000000,0.144628,0.268680,0.000000,0
0.797368,0.769243,0.475000,0.719600,0.400000,0.000000,0.166667,0.595544,0.611729,0.000000,1
0.486139,0.085186,0.175000,0.107200,0.150000,0.257000,0.500000,0.165405,0.160820,0.000000,0
0.054933,0.345516,0.180000,1.000000,0.200000,0.139000,1.000000,0.329214,0.328629,0.000000,0
0.378788,0.332883,0.968000,1.000000,0.200000,0.000000,0.333333,0.231248,0.278498,0.325000,0
0.015730,0.166249,0.227000,1.000000,0.050000,0.394000,0.833333,0.155140,0.127942,0.000000,0
0.136634,0.314782,0.971000,1.000000,0.150000,0.468000,0.500000,0.110502,0.150785,0.327000,0
0.218182,0.283491,0.208000,0.139200,0.350000,0.306000,1.000000,0.094198,0.388342,0.000000,0
0.015103,0.168112,0.284000,1.000000,0.100000,0.178000,1.000000,0.230410,0.385118,0.000000,0
0.368613,0.071419,0.194000,0.113200,0.200000,0.282000,0.333333,0.109849,0.216848,0.000000,0
0.006744,0.367366,0.250000,1.000000,0.150000,0.310000,0.333333,0.216398,0.292477,0.000000,0
0.266667,0.320926,0.612000,0.798800,0.400000,0.223000,0.333333,0.280966,0.489860,0.048000,1
0.297345,0.147673,0.461000,1.000000,0.250000,0.641000,0.500000,0.808087,0.317443,0.150000,1
0.158696,1.000000,0.685000,0.859800,0.500000,0.000000,0.166667,0.567653,0.501766,0.105000,1
0.397222,0.232312,0.182000,0.102800,0.150000,0.163000,0.833333,0.402674,0.056550,0.000000,0
0.026797,0.120663,0.232000,1.000000,0.400000,0.422000,0.500000,0.138054,0.169411,0.000000,0
0.383019,0.010000,0.195000,0.117800,0.350000,0.300000,0.833333,0.288508,0.311631,0.000000,0
0.437975,0.169503,0.173000,0.108600,0.250000,0.000000,0.833333,0.395444,0.195187,0.000000,0
0.344595,0.111943,0.537000,1.000000,0.150000,0.236000,0.833333,0.051402,0.371828,0.000000,0
0.017945,0.268358,0.152000,1.000000,0.250000,0.197000,1.000000,0.308138,0.117636,0.000000,0
0.382857,0.108012,0.183000,0.096000,0.450000,0.118000,0.333333,0.354687,0.140895,0.000000,0
0.509836,0.117430,0.169000,0.103200,0.200000,0.430000,0.666667,0.247194,0.057477,0.000000,0
0.191209,0.872766,0.546000,0.856600,0.150000,0.588000,0.500000,0.809243,0.189993,0.150000,1
0.304396,0.116348,0.206000,0.131000,0.100000,0.474000,0.333333,0.045646,0.321651,0.000000,0
0.227869,0.334758,0.198000,0.125800,0.000000,0.105000,1.000000,0.145319,0.359238,0.000000,0
0.372727,0.271332,0.201000,0.119600,0.100000,0.000000,1.000000,0.255272,0.021067,0.000000,0
0.462162,0.293101,0.161000,0.111200,0.300000,0.542000,0.666667,0.159998,0.425604,0.150000,0
0.319847,0.174563,0.196000,0.117200,0.300000,0.183000,1.000000,0.456702,0.115637,0.000000,0
0.100000,0.368348,0.951000,1.000000,0.150000,0.000000,0.666667,0.142875,0.553010,0.312000,0
0.204615,0.090678,0.699000,1.000000,0.500000,0.000000,0.333333,0.087085,0.237032,0.116000,0
0.035783,0.118438,0.211000,1.000000,0.000000,0.164000,0.500000,0.550835,0.117030,0.000000,0
0.360150,0.246265,0.192000,0.117400,0.250000,0.367000,0.666667,0.098497,0.243582,0.000000,0
0.306061,0.261002,0.198000,0.103400,0.250000,0.401000,0.833333,0.097134,0.142687,0.000000,0
0.036740,0.212281,0.126000,1.000000,0.100000,0.000000,0.666667,0.113846,0.103708,0.000000,0
0.171523,0.311056,0.208000,0.150800,0.050000,0.188000,0.333333,0.193859,0.204850,0.000000,0
0.198810,0.291973,0.707000,1.000000,0.300000,0.627000,0.833333,0.585017,0.123321,0.272000,0
0.030269,0.261543,0.222000,1.000000,0.100000,0.224000,0.666667,0.230203,0.125671,0.000000,0
0.117722,0.203777,0.538000,1.000000,0.150000,0.443000,1.000000,0.105498,0.054093,0.000000,0
0.348837,0.010000,0.193000,0.104400,0.350000,0.135000,0.833333,0.355950,0.220953,0.000000,0
0.004684,0.350691,0.348000,1.000000,0.250000,0.113000,0.666667,0.294918,0.264403,0.000000,0
0.285915,0.153980,0.197000,0.137000,0.050000,0.354000,1.000000,0.301405,0.308084,0.000000,0
0.007080,1.000000,0.500000,1.000000,0.350000,0.912000,0.333333,0.687293,0.549058,0.450000,1
0.231818,0.010000,0.912000,1.000000,0.250000,0.000000,0.333333,0.333969,0.187636,0.282000,0
0.579661,0.306023,0.178000,0.090000,0.200000,0.252000,0.500000,0.151978,0.056270,0.000000,0
0.006977,0.271331,0.278000,1.000000,0.100000,0.023000,0.500000,0.092246,0.462747,0.000000,0
0.008442,0.010000,0.192000,1.000000,0.250000,0.000000,1.000000,0.361111,0.266905,0.000000,0
0.284158,0.504054,0.585000,1.000000,0.700000,0.529000,0.500000,0.474544,0.696768,0.377000,1
0.443478,0.392206,0.184000,0.105600,0.100000,0.000000,0.833333,0.269565,0.102694,0.000000,0
0.510596,0.212989,0.182000,0.089200,0.100000,0.559000,0.666667,0.158295,0.299975,0.150000,0
0.233645,0.020000,0.196000,0.118800,0.700000,0.000000,0.500000,0.332648,0.253709,0.200000,1
0.213393,0.196311,0.611000,1.000000,0.150000,0.207000,1.000000,0.169619,0.098153,0.047000,0
0.030000,1.000000,0.444000,0.624200,0.250000,0.532000,0.500000,0.418652,0.327564,0.450000,1
0.078723,0.721801,1.000000,1.000000,0.400000,0.359000,0.333333,0.269881,0.607100,0.350000,1
0.034211,0.184555,0.244000,1.000000,0.300000,0.000000,1.000000,0.137177,0.112472,0.000000,0
0.114865,1.000000,0.518000,0.685600,0.500000,0.753000,0.166667,0.393702,0.278198,0.150000,1
0.298000,0.115920,0.893000,1.000000,0.250000,0.196000,0.500000,0.367979,0.216080,0.267000,0
0.518519,0.399826,0.170000,0.083000,0.350000,0.314000,0.666667,0.057268,0.238183,0.000000,0
0.221795,0.212169,0.225000,0.175400,0.000000,0.000000,0.666667,0.044857,0.354318,0.000000,0
0.011367,0.123003,0.275000,1.000000,0.500000,0.132000,0.333333,0.130550,0.198240,0.000000,0
0.545000,0.372979,0.165000,0.095800,0.150000,0.316000,0.666667,0.225235,0.233585,0.000000,0
0.325000,0.142451,0.210000,0.107400,0.050000,0.345000,0.333333,0.195305,0.127650,0.000000,0
0.084810,0.229236,0.249000,0.914800,0.400000,0.260000,0.833333,0.091764,0.133328,0.000000,0
0.309333,0.259831,0.621000,1.000000,0.300000,0.162000,0.666667,0.132798,0.168205,0.055000,0
0.283439,0.275743,0.204000,0.133800,0.100000,0.249000,0.333333,0.461532,0.324068,0.000000,0
0.038599,0.168601,0.203000,1.000000,0.150000,0.208000,0.833333,0.105668,0.245974,0.000000,0
0.035657,0.316628,0.256000,1.000000,0.200000,0.548000,0.500000,0.239473,0.541137,0.150000,0
0.035013,0.384780,0.191000,1.000000,0.700000,0.000000,0.333333,0.061578,0.348571,0.200000,0
0.034951,0.135905,0.156000,1.000000,0.200000,0.011000,0.666667,0.149766,0.291754,0.000000,0
0.170642,0.618882,0.833000,1.000000,0.650000,0.543000,0.500000,0.557886,0.241581,0.570000,1
0.021569,0.301088,0.230000,1.000000,0.350000,0.244000,0.666667,0.051441,0.048079,0.000000,0
0.313725,0.182417,0.212000,0.123800,0.150000,0.170000,0.666667,0.423683,0.010174,0.000000,0
0.415966,0.205416,0.178000,0.122000,0.100000,0.297000,0.333333,0.036733,0.073921,0.000000,0
0.219259,0.219920,0.203000,0.130600,0.100000,0.410000,0.666667,0.084386,0.568214,0.000000,0
0.326168,0.358976,0.192000,0.105200,0.250000,0.235000,1.000000,0.697499,0.161133,0.000000,0
0.047982,0.286115,0.192000,1.000000,0.100000,0.433000,0.666667,0.178597,0.125971,0.000000,0
0.051951,0.274580,0.244000,1.000000,0.350000,0.425000,1.000000,0.331505,0.254591,0.000000,0
0.018995,0.298863,0.174000,1.000000,0.300000,0.316000,0.666667,0.282101,0.124420,0.000000,0
0.173394,0.374181,0.529000,1.000000,0.150000,0.196000,0.333333,0.175464,0.074058,0.000000,0
0.264384,0.383350,0.189000,0.125800,0.250000,0.201000,0.500000,0.418917,0.191749,0.000000,0
0.255072,0.378291,1.000000,1.000000,0.150000,0.065000,0.166667,0.793973,0.463955,0.350000,1
0.061905,0.157193,0.222000,1.000000,0.150000,0.334000,1.000000,0.166563,0.309606,0.000000,0
0.268085,0.147531,0.222000,0.160000,0.150000,0.247000,0.500000,0.052635,0.305607,0.000000,0
0.404839,0.261092,0.187000,0.117600,0.550000,0.278000,0.333333,0.050910,0.068431,0.000000,0
0.118750,0.050285,0.842000,1.000000,0.400000,0.000000,0.666667,0.516512,0.118148,0.227000,0
0.202857,0.205967,0.204000,0.134400,0.200000,0.357000,1.000000,0.172773,0.256459,0.000000,0
0.010408,0.322490,0.228000,1.000000,0.400000,0.148000,0.833333,0.571100,0.332268,0.000000,0
0.383212,0.095621,0.198000,0.115000,0.150000,0.170000,0.666667,0.239487,0.565377,0.000000,0
0.565556,0.272632,0.163000,0.092400,0.350000,0.064000,0.333333,0.389490,0.186626,0.000000,0
0.334783,0.272921,0.188000,0.126200,0.350000,0.483000,0.833333,0.332265,0.435553,0.000000,0
0.017476,0.288844,0.262000,1.000000,0.050000,0.187000,0.500000,0.267490,0.171315,0.000000,0
0.009008,0.125838,0.203000,1.000000,0.200000,0.031000,0.333333,0.368796,0.017502,0.000000,0
0.025836,0.010000,0.223000,1.000000,0.200000,0.270000,0.500000,0.016203,0.225826,0.000000,0
0.255385,0.053951,0.217000,0.129600,0.300000,0.228000,0.666667,0.090673,0.066294,0.000000,0
0.012766,0.181433,0.317000,1.000000,0.100000,0.458000,0.333333,0.300827,0.266621,0.000000,0
0.002426,0.274559,0.227000,1.000000,0.200000,0.223000,0.833333,0.290869,0.143586,0.000000,0
0.012625,0.263076,0.158000,1.000000,0.100000,0.389000,0.833333,0.348877,0.032349,0.000000,0
0.340580,0.322960,0.196000,0.115000,0.050000,0.224000,0.666667,0.291093,0.111827,0.000000,0
0.162353,0.373370,0.210000,0.185200,0.050000,0.231000,1.000000,0.318877,0.033760,0.000000,0
0.581295,0.244104,0.194000,0.090000,0.350000,0.116000,0.833333,0.129317,0.337474,0.000000,0
0.209396,0.196088,0.186000,0.143200,0.400000,0.145000,0.666667,0.222128,0.316764,0.000000,0
0.375000,0.160557,0.188000,0.112600,0.500000,0.273000,0.500000,0.351821,0.345123,0.000000,0
0.214912,0.368792,0.543000,1.000000,0.100000,0.288000,1.000000,0.144969,0.128161,0.000000,0
0.154167,0.158383,0.176000,0.128200,0.150000,0.192000,0.833333,0.214209,0.213884,0.000000,0
0.026729,0.010000,0.206000,1.000000,0.150000,0.010000,0.833333,0.214421,0.148584,0.000000,0
0.495652,0.428000,0.503000,1.000000,0.550000,0.389000,0.333333,0.323793,0.537736,0.000000,1
0.191367,0.115529,0.226000,0.165600,0.250000,0.208000,0.833333,0.123918,0.292729,0.000000,0
0.326230,0.110255,0.186000,0.100400,0.300000,0.130000,0.500000,0.538930,0.531151,0.000000,1
0.003562,0.193402,0.536000,1.000000,0.150000,0.338000,1.000000,0.216582,0.059672,0.000000,0
0.449558,0.292056,0.187000,0.122000,0.100000,0.000000,0.333333,0.434669,0.374359,0.000000,0
0.385000,0.083776,0.173000,0.120600,0.150000,0.359000,1.000000,0.164110,0.311173,0.000000,0
0.290756,0.371722,0.211000,0.123600,0.350000,0.000000,0.500000,0.097374,0.174658,0.000000,0
0.445000,0.611146,0.622000,1.000000,0.400000,0.000000,0.166667,0.498858,0.610836,0.056000,1
0.435652,0.123830,0.186000,0.112400,0.200000,0.373000,0.666667,0.049194,0.080937,0.000000,0
0.023077,1.000000,0.333000,0.713400,0.700000,0.000000,0.166667,0.687577,0.482779,0.500000,1
0.359091,0.231021,0.570000,0.855800,0.200000,0.262000,0.333333,0.180133,0.133517,0.016000,0
0.145946,0.412962,0.870000,1.000000,0.100000,0.101000,1.000000,0.174068,0.176467,0.249000,0
0.342963,0.174657,0.190000,0.122600,0.300000,0.414000,0.333333,0.245034,0.217300,0.000000,0
0.334375,0.414912,0.944000,1.000000,0.250000,0.260000,0.666667,0.157017,0.286251,0.306000,0
0.033507,0.146884,0.202000,1.000000,0.500000,0.000000,0.500000,0.185104,0.282671,0.000000,0
0.551220,0.086876,0.175000,0.087400,0.050000,0.160000,0.333333,0.084437,0.523318,0.000000,0
0.294400,0.010000,0.196000,0.108200,0.300000,0.257000,0.500000,0.245147,0.165239,0.000000,0
0.505556,0.248508,0.190000,0.101200,0.300000,0.239000,0.833333,0.183154,0.016998,0.000000,0
0.346939,0.473089,0.165000,0.109400,0.500000,0.000000,0.166667,0.628526,0.770464,0.000000,1
0.029716,0.138698,0.303000,1.000000,0.300000,0.000000,0.833333,0.033085,0.120648,0.000000,0
0.373109,0.256388,0.191000,0.110200,0.200000,0.104000,1.000000,0.315583,0.185654,0.000000,0
0.366279,0.215874,0.190000,0.106800,0.350000,0.638000,0.166667,0.427974,0.561394,0.150000,1
0.387755,0.022430,0.174000,0.140400,0.050000,0.335000,0.666667,0.177828,0.336770,0.000000,0
0.306250,0.165724,0.170000,0.120000,0.150000,0.386000,0.833333,0.202910,0.133492,0.000000,0
0.325352,0.093069,0.190000,0.135200,0.250000,0.191000,0.666667,0.470097,0.264849,0.000000,0
0.192424,0.205020,0.217000,0.147400,0.250000,0.000000,1.000000,0.132853,0.185214,0.000000,0
0.014416,0.340353,0.177000,1.000000,0.150000,0.285000,0.833333,0.323200,0.162770,0.000000,0
0.429348,0.203954,0.187000,0.124400,0.350000,0.221000,1.000000,0.221076,0.265524,0.000000,0
0.125000,0.335741,0.920000,1.000000,0.500000,0.038000,1.000000,0.030473,0.332531,0.288000,0
0.145794,0.391965,0.231000,0.178200,0.100000,0.489000,0.833333,0.261703,0.165395,0.000000,0
0.109804,0.358345,0.214000,0.203200,0.300000,0.293000,0.166667,0.182216,0.739431,0.000000,1
0.490370,0.141293,0.189000,0.105600,0.450000,0.353000,0.333333,0.185524,0.098908,0.000000,0
0.003842,0.236475,0.395000,1.000000,0.300000,0.267000,0.833333,0.202105,0.210080,0.000000,0
0.154795,0.200982,0.208000,0.166400,0.100000,0.385000,0.333333,0.168228,0.045787,0.000000,0
0.026190,1.000000,0.273000,0.624800,0.800000,0.000000,0.500000,0.678368,0.597196,0.500000,1
0.243396,0.187197,0.186000,0.142400,0.100000,0.294000,0.333333,0.280379,0.295755,0.000000,0
0.015169,0.241462,0.296000,1.000000,0.150000,0.223000,0.333333,0.289625,0.083966,0.000000,0
0.030508,0.402876,0.127000,1.000000,0.050000,0.000000,0.666667,0.029387,0.197125,0.000000,0
0.176087,0.257738,0.605000,0.903200,0.200000,0.259000,0.500000,0.200222,0.416747,0.043000,0
0.180597,0.341689,0.215000,0.135000,0.100000,0.200000,0.500000,0.221911,0.382399,0.000000,0
0.096923,0.209049,0.968000,1.000000,0.050000,0.074000,1.000000,0.436891,0.241075,0.325000,0
0.269355,0.206792,0.156000,0.126200,0.450000,0.205000,1.000000,0.372465,0.183024,0.000000,0
0.360606,0.317632,0.189000,0.110400,0.400000,0.497000,0.833333,0.464533,0.089075,0.000000,0
0.023311,0.025665,0.232000,1.000000,0.200000,0.367000,0.666667,0.324594,0.185138,0.000000,0
0.127451,0.477868,0.931000,1.000000,0.400000,0.000000,1.000000,0.305229,0.055894,0.296000,0
0.501802,0.084473,0.154000,0.093200,0.200000,0.263000,0.500000,0.095373,0.199468,0.000000,0
0.419417,0.314599,0.188000,0.102800,0.300000,0.197000,0.833333,0.179922,0.122785,0.000000,0
0.425781,0.251230,0.183000,0.105000,0.100000,0.077000,0.666667,0.098247,0.209201,0.000000,0
0.154400,0.080774,0.233000,0.169800,0.100000,0.431000,1.000000,0.464082,0.196960,0.000000,0
0.254630,0.280304,0.538000,1.000000,0.650000,0.416000,0.833333,0.210213,0.121458,0.200000,0
0.224038,0.207470,0.202000,0.136400,0.150000,0.509000,1.000000,0.452430,0.279942,0.150000,0
0.305983,0.357361,0.190000,0.108800,0.300000,0.072000,0.833333,0.421013,0.248199,0.000000,0
0.305000,0.241184,0.541000,0.823400,0.300000,0.300000,0.833333,0.330197,0.043418,0.000000,0
0.394505,0.043227,0.189000,0.123800,0.100000,0.116000,0.666667,0.585299,0.268704,0.000000,0
0.142857,0.151790,0.200000,0.178600,0.300000,0.326000,0.833333,0.178223,0.225237,0.000000,0
0.138710,0.165039,0.899000,1.000000,0.500000,0.000000,0.500000,0.055241,0.451248,0.271000,0
0.176923,0.219017,0.207000,0.171200,0.100000,0.255000,0.500000,0.409758,0.161803,0.000000,0
0.053684,0.330484,0.186000,1.000000,0.450000,0.319000,0.666667,0.238701,0.096000,0.000000,0
0.363303,0.251392,0.192000,0.115000,0.200000,0.025000,0.500000,0.314508,0.315736,0.000000,0
0.027530,0.032022,0.200000,1.000000,0.250000,0.228000,0.833333,0.157487,0.432563,0.000000,0
0.578462,0.197266,0.176000,0.088800,0.350000,0.333000,1.000000,0.298177,0.630273,0.000000,0
0.014493,0.133758,0.150000,1.000000,0.150000,0.118000,0.833333,0.272430,0.044560,0.000000,0
0.250909,0.083138,0.529000,1.000000,0.350000,0.209000,0.333333,0.234849,0.182112,0.000000,0
0.026061,0.257178,0.219000,1.000000,0.100000,0.099000,0.333333,0.136519,0.047385,0.000000,0
0.406757,0.148335,0.196000,0.103600,0.200000,0.494000,0.666667,0.242186,0.218460,0.000000,0
0.448077,0.292355,0.180000,0.097800,0.100000,0.000000,1.000000,0.407348,0.261801,0.000000,0
0.252778,0.303018,0.901000,1.000000,0.150000,0.252000,0.500000,0.142274,0.366905,0.273000,0
0.168750,0.061626,0.228000,0.184800,0.150000,0.333000,0.333333,0.179727,0.082761,0.000000,0
0.577011,0.247743,0.187000,0.085600,0.100000,0.263000,0.833333,0.057817,0.165540,0.000000,0
0.317544,0.305440,0.227000,0.112000,0.500000,0.107000,0.500000,0.156528,0.140680,0.000000,0
0.208333,0.084033,0.192000,0.156000,0.150000,0.452000,0.833333,0.179396,0.261390,0.000000,0
0.018110,0.209533,0.304000,1.000000,0.250000,0.339000,0.500000,0.262516,0.154253,0.000000,0
0.367901,0.351296,0.211000,0.106000,0.250000,0.134000,0.666667,0.123194,0.465427,0.000000,0
0.010993,0.300897,0.165000,1.000000,0.200000,0.268000,1.000000,0.306754,0.015092,0.000000,0
0.049756,0.263830,0.196000,1.000000,0.400000,0.337000,0.833333,0.309833,0.318112,0.000000,0
0.279661,0.182865,0.230000,0.126800,0.300000,0.112000,1.000000,0.369108,0.357269,0.000000,0
0.025858,0.186298,0.208000,1.000000,0.200000,0.491000,0.500000,0.286223,0.311603,0.000000,0
0.005495,1.000000,0.600000,1.000000,0.450000,0.000000,0.333333,0.492938,0.474293,0.300000,1
0.006186,1.000000,0.333000,1.000000,0.600000,0.691000,0.500000,0.802332,0.604720,0.450000,1
0.382432,0.233287,0.187000,0.098600,0.150000,0.197000,0.833333,0.232012,0.372502,0.000000,0
0.020400,0.024897,0.242000,1.000000,0.150000,0.263000,0.333333,0.330761,0.355567,0.000000,0
0.195652,0.309776,0.833000,1.000000,0.300000,0.016000,0.500000,0.599491,0.282793,0.220000,0
0.364815,0.303421,0.178000,0.105600,0.350000,0.291000,1.000000,0.193966,0.222046,0.000000,0
0.305442,0.025738,0.209000,0.122800,0.150000,0.060000,0.666667,0.128091,0.283274,0.000000,0
0.183929,0.119339,0.951000,1.000000,0.500000,0.000000,0.500000,0.293864,0.457162,0.312000,0
0.558974,0.244986,0.176000,0.078400,0.200000,0.000000,0.833333,0.291886,0.378117,0.000000,0
0.013390,0.136881,0.266000,1.000000,0.250000,0.090000,0.833333,0.204058,0.182076,0.000000,0
0.403333,0.508322,0.174000,0.089200,0.200000,0.222000,0.500000,0.246017,0.651583,0.000000,1
0.541935,0.391185,0.173000,0.094400,0.200000,0.325000,0.333333,0.150229,0.144175,0.000000,0
0.235294,0.318733,0.931000,1.000000,0.500000,0.000000,0.666667,0.124470,0.156487,0.296000,0
0.036425,0.061932,0.204000,1.000000,0.200000,0.244000,0.333333,0.144144,0.599010,0.000000,0
0.223611,0.140792,0.193000,0.129600,0.250000,0.222000,0.333333,0.346445,0.282317,0.000000,0
0.026934,0.410912,0.191000,1.000000,0.200000,0.341000,0.500000,0.449649,0.123042,0.000000,0
0.345055,0.043553,0.191000,0.124600,0.200000,0.215000,1.000000,0.114050,0.152201,0.000000,0
0.172131,0.306405,0.610000,1.000000,0.050000,0.000000,1.000000,0.047330,0.091824,0.047000,0
0.545455,0.163524,0.171000,0.087800,0.250000,0.097000,0.500000,0.176401,0.188051,0.000000,0
0.524359,0.277712,0.170000,0.088200,0.200000,0.000000,0.666667,0.103674,0.140805,0.000000,0
0.175556,0.658316,0.835000,1.000000,0.700000,0.400000,0.333333,0.280330,0.665854,0.422000,1
0.245455,0.298381,0.231000,0.149800,0.150000,0.272000,1.000000,0.135717,0.350941,0.000000,0
0.268852,0.188292,0.567000,1.000000,0.250000,0.007000,0.666667,0.660647,0.239490,0.013000,0
0.476923,0.029362,0.171000,0.093200,0.350000,0.380000,1.000000,0.226336,0.103918,0.000000,0
0.278788,0.293055,0.196000,0.117800,0.300000,0.259000,0.666667,0.333512,0.184043,0.000000,0
0.524528,0.174730,0.187000,0.099400,0.150000,0.282000,0.833333,0.066035,0.763690,0.000000,0
0.223077,0.423090,0.494000,1.000000,0.200000,0.235000,0.833333,0.212444,0.511888,0.000000,0
0.003750,1.000000,0.667000,1.000000,0.250000,0.673000,0.166667,0.349510,0.535989,0.450000,1
0.186429,0.107715,0.188000,0.149600,0.200000,0.277000,0.833333,0.057605,0.282441,0.000000,0
0.256881,0.312340,0.568000,1.000000,0.600000,1.000000,0.500000,0.603230,0.484779,0.164000,1
0.332877,0.141892,0.206000,0.103800,0.100000,0.195000,1.000000,0.073805,0.094681,0.000000,0
0.176190,0.366550,0.216000,0.188400,0.300000,0.161000,0.500000,0.051666,0.326785,0.000000,0
0.135714,0.296785,0.246000,0.205400,0.200000,0.116000,0.666667,0.229817,0.218017,0.000000,0
0.236250,0.226352,0.206000,0.117600,0.000000,0.040000,0.500000,0.092805,0.063810,0.000000,0
0.131933,0.036982,0.223000,0.194400,0.100000,0.276000,1.000000,0.075897,0.096043,0.000000,0
0.166055,0.241235,0.232000,0.160000,0.250000,0.244000,0.666667,0.107630,0.320512,0.000000,0
0.594872,0.448694,0.530000,0.844000,0.350000,0.399000,1.000000,0.048902,0.109034,0.000000,0
0.175573,0.119284,0.196000,0.158600,0.200000,0.183000,0.833333,0.227015,0.087967,0.000000,0
0.287692,0.010000,0.198000,0.146600,0.400000,0.497000,0.666667,0.175406,0.404859,0.000000,0
0.411688,0.232306,0.185000,0.097000,0.050000,0.384000,0.666667,0.353888,0.209674,0.000000,0
0.022627,0.331303,0.247000,1.000000,0.400000,0.478000,0.500000,0.116021,0.169265,0.000000,0
0.544937,0.061451,0.167000,0.088000,0.150000,0.143000,0.833333,0.106790,0.497480,0.000000,0
0.547917,0.101014,0.173000,0.090000,0.250000,0.337000,0.833333,0.163753,0.242699,0.000000,0
0.193243,0.303871,0.182000,0.131000,0.500000,0.487000,0.333333,0.403574,0.702161,0.000000,1
0.083000,0.590332,1.000000,1.000000,0.700000,0.458000,0.166667,0.624898,0.375696,0.550000,1
0.255340,0.150184,0.217000,0.124400,0.050000,0.003000,0.666667,0.094606,0.334948,0.000000,0
0.489655,0.135406,0.176000,0.096400,0.150000,0.121000,0.333333,0.185926,0.091362,0.000000,0
0.007983,0.061460,0.342000,1.000000,0.200000,0.000000,0.500000,0.173735,0.674264,0.000000,0
0.150725,0.381124,0.221000,0.180200,0.300000,0.077000,0.500000,0.800713,0.446253,0.000000,0
0.010357,0.010000,0.244000,1.000000,0.150000,0.176000,0.500000,0.166504,0.185410,0.000000,0
0.302273,0.244119,0.226000,0.154200,0.150000,0.356000,1.000000,0.269411,0.056442,0.000000,0
0.020703,0.090644,0.208000,1.000000,0.500000,0.171000,1.000000,0.184634,0.124777,0.000000,0
0.432090,0.204867,0.181000,0.118400,0.150000,0.462000,1.000000,0.300299,0.210482,0.000000,0
0.069444,0.383795,0.860000,1.000000,0.100000,0.311000,0.666667,0.525414,0.398152,0.241000,0
0.407843,0.201958,0.144000,0.110600,0.500000,0.410000,0.833333,0.066180,0.233580,0.000000,0
0.015341,0.214179,0.163000,1.000000,0.250000,0.169000,1.000000,0.115372,0.080635,0.000000,0
0.490278,0.365012,0.161000,0.106800,0.100000,0.320000,0.666667,0.281175,0.318187,0.000000,0
0.298901,0.124409,0.191000,0.122000,0.600000,0.115000,1.000000,0.201288,0.351607,0.000000,0
0.091964,0.236153,0.951000,1.000000,0.300000,0.118000,0.666667,0.481311,0.074282,0.312000,0
0.415686,0.662290,0.389000,1.000000,0.700000,0.000000,0.500000,0.191287,0.361582,0.200000,1
0.151724,0.243456,0.924000,1.000000,0.300000,0.029000,0.666667,0.071954,0.175288,0.291000,0
0.026370,0.055543,0.325000,1.000000,0.250000,0.541000,1.000000,0.235703,0.123080,0.150000,0
0.338710,0.105079,0.167000,0.117800,0.550000,0.000000,0.666667,0.166288,0.144981,0.000000,0
0.033182,0.277383,0.174000,1.000000,0.350000,0.294000,0.833333,0.135862,0.127840,0.000000,0
0.097368,0.490867,0.640000,1.000000,0.400000,0.691000,0.166667,0.637848,0.481435,0.220000,1
0.356667,0.202500,0.187000,0.103000,0.250000,0.031000,0.833333,0.024619,0.325878,0.000000,0
0.655385,0.153991,0.157000,0.072600,0.300000,0.000000,0.666667,0.360899,0.302509,0.000000,0
0.062667,0.292770,0.234000,0.777200,0.250000,0.317000,0.833333,0.609687,0.234396,0.000000,0
0.003528,0.269191,0.731000,1.000000,0.200000,0.016000,0.833333,0.303689,0.116171,0.141000,0
0.311290,0.708043,0.642000,1.000000,0.600000,0.000000,0.333333,0.336838,0.538238,0.072000,1
0.184524,0.020124,0.219000,0.162600,0.150000,0.369000,0.333333,0.084512,0.191561,0.000000,0
0.087671,0.303874,0.922000,1.000000,0.350000,0.511000,0.833333,0.159286,0.028037,0.439000,0
0.027500,1.000000,0.364000,0.629600,0.350000,0.365000,0.333333,0.538983,0.589264,0.300000,1
0.002365,0.218484,0.714000,1.000000,0.300000,0.204000,1.000000,0.070947,0.086836,0.000000,0
0.322222,0.044837,0.179000,0.113200,0.500000,0.289000,0.500000,0.203063,0.287175,0.000000,0
0.112676,0.504249,0.950000,1.000000,0.150000,0.000000,0.500000,0.180188,0.276106,0.311000,0
0.490323,0.261045,0.770000,0.857400,0.100000,0.081000,1.000000,0.067584,0.175918,0.171000,0
0.260937,0.079255,1.000000,1.000000,0.400000,0.000000,0.166667,0.890791,0.539778,0.350000,1
0.453271,0.131046,0.175000,0.097600,0.200000,0.232000,0.666667,0.052946,0.154672,0.000000,0
0.066990,0.367992,0.841000,1.000000,0.100000,0.463000,0.333333,0.132801,0.062827,0.226000,0
0.010088,0.209674,0.232000,1.000000,0.200000,0.005000,1.000000,0.293307,0.032217,0.000000,0
0.233333,0.077276,0.233000,0.147400,0.500000,0.121000,0.666667,0.163692,0.349864,0.000000,0
0.024668,0.366542,0.120000,1.000000,0.150000,0.000000,0.500000,0.134830,0.339580,0.000000,0
0.498551,0.258924,0.186000,0.101800,0.050000,0.217000,1.000000,0.219785,0.381119,0.000000,0
0.016318,0.010000,0.155000,1.000000,0.250000,0.127000,0.500000,0.048728,0.320385,0.000000,0
0.258750,0.187910,0.179000,0.111800,0.450000,0.193000,0.333333,0.236072,0.490210,0.000000,0
0.010256,1.000000,0.500000,0.860200,0.450000,0.551000,0.333333,0.733053,0.735870,0.450000,1
0.287838,0.506579,0.197000,0.145000,0.250000,0.445000,0.333333,0.117962,0.162566,0.000000,0
0.022193,0.329164,0.247000,1.000000,0.300000,0.128000,1.000000,0.376508,0.137731,0.000000,0
0.940541,0.804616,0.494000,0.741600,0.350000,0.000000,0.166667,0.189487,0.089954,0.000000,1
0.375000,0.137420,0.175000,0.124800,0.250000,0.229000,0.500000,0.078398,0.126251,0.000000,0
0.249660,0.137585,0.204000,0.128000,0.200000,0.667000,0.500000,0.117964,0.566519,0.150000,0
0.476613,0.171972,0.183000,0.092600,0.250000,0.153000,1.000000,0.243524,0.146034,0.000000,0
0.693750,0.278656,0.572000,0.783200,0.650000,0.352000,0.166667,0.267465,0.690455,0.217000,1
0.358163,0.044098,0.199000,0.101600,0.150000,0.311000,0.500000,0.607909,0.104265,0.000000,0
0.375000,0.245414,0.572000,0.955800,0.450000,0.302000,0.500000,0.168920,0.405276,0.017000,0
0.153846,0.286103,0.875000,1.000000,0.350000,0.294000,0.500000,0.167265,0.050774,0.253000,0
0.309434,0.329021,0.482000,0.929400,0.250000,0.047000,0.833333,0.149932,0.089988,0.000000,0
0.206667,0.536650,0.210000,0.140400,0.400000,0.522000,0.166667,0.519155,0.550543,0.150000,1
0.226923,0.129884,0.220000,0.144800,0.150000,0.288000,0.333333,0.199231,0.161342,0.000000,0
0.010098,0.168970,0.215000,1.000000,0.300000,0.309000,0.333333,0.168712,0.176572,0.000000,0
0.014617,0.214644,0.143000,1.000000,0.400000,0.220000,0.833333,0.295746,0.062051,0.000000,0
0.256075,0.174446,0.212000,0.152200,0.400000,0.124000,1.000000,0.167853,0.319053,0.000000,0
0.316667,0.293588,0.205000,0.163800,0.300000,0.344000,1.000000,0.110511,0.123040,0.000000,0
0.120225,0.237302,0.206000,0.188600,0.450000,0.000000,0.666667,0.072941,0.097238,0.000000,0
0.261481,0.283423,0.204000,0.128000,0.250000,0.000000,0.500000,0.148761,0.124595,0.000000,0
0.024355,0.186128,0.241000,1.000000,0.200000,0.407000,0.500000,0.139110,0.163644,0.000000,0
0.068367,0.157337,0.791000,1.000000,0.400000,0.255000,0.833333,0.175598,0.171778,0.187000,0
0.015828,0.196395,0.215000,1.000000,0.150000,0.188000,1.000000,0.192341,0.156975,0.000000,0
0.020891,0.423754,0.200000,1.000000,0.250000,0.181000,0.833333,0.170854,0.278926,0.000000,0
0.268000,0.189637,0.711000,1.000000,0.200000,0.106000,0.666667,0.122379,0.492988,0.125000,0
0.274101,0.042107,0.213000,0.146800,0.250000,0.133000,0.833333,0.118609,0.235509,0.000000,0
0.015223,0.247298,0.228000,1.000000,0.200000,0.087000,1.000000,0.207387,0.090333,0.000000,0
0.009636,0.266352,0.232000,1.000000,0.050000,0.000000,0.833333,0.255767,0.083680,0.000000,0
0.553797,0.130406,0.187000,0.091800,0.500000,0.113000,0.833333,0.362687,0.076353,0.000000,0
0.184270,0.276387,0.238000,0.171400,0.350000,0.149000,1.000000,0.311855,0.143250,0.000000,0
0.041587,0.127181,0.176000,1.000000,0.150000,0.344000,0.833333,0.136006,0.243061,0.000000,0
0.253333,0.010000,0.237000,0.143200,0.050000,0.458000,0.666667,0.006337,0.089154,0.000000,0
0.011458,0.269561,0.205000,1.000000,0.150000,0.087000,0.500000,0.137918,0.204653,0.000000,0
0.159130,0.232753,0.623000,1.000000,0.150000,0.285000,0.500000,0.494324,0.288152,0.057000,0
0.368919,0.175038,0.194000,0.106200,0.200000,0.392000,0.500000,0.295984,0.052651,0.000000,0
0.339844,0.292682,0.186000,0.123200,0.250000,0.177000,0.666667,0.198275,0.114763,0.000000,0
0.017241,1.000000,0.300000,0.750400,0.250000,0.716000,0.500000,0.646604,0.423370,0.450000,1
0.258088,0.289413,0.205000,0.136600,0.050000,0.197000,0.500000,0.139944,0.143351,0.000000,0
0.435000,0.046446,0.170000,0.112000,0.250000,0.414000,0.333333,0.196795,0.175898,0.000000,0
0.881250,0.124234,0.525000,0.762000,0.150000,0.295000,0.833333,0.287401,0.318784,0.000000,0
0.502098,0.384163,0.174000,0.088600,0.200000,0.265000,0.666667,0.198693,0.146486,0.000000,0
0.159783,0.342716,0.612000,1.000000,0.400000,0.453000,0.500000,0.254292,0.097807,0.048000,0
0.522857,0.129216,0.169000,0.108200,0.150000,0.326000,0.833333,0.131660,0.122600,0.000000,0
0.390667,0.290471,0.177000,0.103800,0.200000,0.433000,1.000000,0.064409,0.159434,0.000000,0
0.179167,0.221552,0.233000,0.172000,0.250000,0.065000,0.333333,0.180849,0.149370,0.000000,0
0.021678,0.211467,0.215000,1.000000,0.150000,0.000000,0.833333,0.358442,0.293617,0.000000,0
0.211364,1.000000,1.000000,1.000000,0.450000,0.000000,0.333333,0.251762,0.712397,0.350000,1
0.185075,0.060000,0.468000,0.583000,0.650000,0.666000,0.166667,0.442407,0.219725,0.350000,1
0.409677,0.250343,0.195000,0.122800,0.050000,0.190000,0.833333,0.176983,0.256557,0.000000,0
0.202128,0.010000,0.211000,0.140600,0.300000,0.180000,0.833333,0.063214,0.308782,0.000000,0
0.477000,0.165827,0.172000,0.085800,0.400000,0.286000,1.000000,0.261517,0.146532,0.000000,0
0.286275,0.194682,0.205000,0.163800,0.150000,0.341000,0.500000,0.151401,0.298717,0.000000,0
0.135965,0.310510,0.219000,0.185000,0.150000,0.091000,0.500000,0.077458,0.046267,0.000000,0
0.230476,0.136990,0.219000,0.125200,0.250000,0.268000,0.333333,0.353809,0.428112,0.000000,0
0.045215,0.209836,0.139000,1.000000,0.500000,0.000000,0.500000,0.041076,0.080167,0.000000,0
0.174627,0.321848,0.923000,1.000000,0.350000,0.270000,1.000000,0.257044,0.189027,0.290000,0
0.227957,0.010000,0.542000,1.000000,0.100000,0.000000,0.333333,0.403059,0.172702,0.000000,0
0.407534,0.101590,0.192000,0.103000,0.200000,0.340000,0.500000,0.117174,0.238284,0.000000,0
0.012072,0.374340,0.250000,1.000000,0.200000,0.018000,0.500000,0.184674,0.158051,0.000000,0
0.162000,0.230548,0.226000,0.167800,0.300000,0.098000,1.000000,0.154935,0.313892,0.000000,0
0.350000,0.333722,0.186000,0.115200,0.300000,0.267000,0.666667,0.225172,0.273471,0.000000,0
0.001940,0.074900,0.611000,1.000000,0.050000,0.163000,0.833333,0.224114,0.194209,0.000000,0
0.431250,0.265044,0.192000,0.110200,0.250000,0.205000,0.833333,0.183029,0.158757,0.000000,0
0.013580,1.000000,0.364000,0.947200,0.450000,0.615000,0.333333,0.612148,0.433699,0.450000,1
0.248810,0.188849,0.498000,1.000000,0.050000,0.311000,1.000000,0.383744,0.080042,0.000000,0
0.014547,0.156450,0.252000,1.000000,0.200000,0.328000,0.833333,0.285446,0.191048,0.000000,0
0.451587,0.258523,0.178000,0.092400,0.300000,0.229000,0.333333,0.220152,0.143066,0.000000,0
0.213699,0.152962,0.199000,0.124200,0.150000,0.000000,0.833333,0.337287,0.159678,0.000000,0
0.013306,0.161124,0.223000,1.000000,0.200000,0.174000,0.500000,0.060720,0.344542,0.000000,0
0.015566,0.344115,0.273000,1.000000,0.100000,0.137000,0.333333,0.357983,0.538362,0.000000,0
0.466667,0.227144,0.187000,0.111800,0.200000,0.033000,1.000000,0.129625,0.167268,0.000000,0
0.204854,0.101517,0.630000,1.000000,0.800000,0.000000,0.166667,0.316537,0.468985,0.262000,1
0.011925,0.330002,0.208000,1.000000,0.250000,0.322000,0.666667,0.111279,0.416606,0.000000,0
0.350588,0.026805,0.191000,0.140400,0.200000,0.266000,0.666667,0.405482,0.059702,0.000000,0
0.067227,0.259585,0.512000,1.000000,0.250000,0.111000,0.500000,0.097630,0.116883,0.000000,0
0.243902,0.189619,0.190000,0.116000,0.100000,0.511000,0.833333,0.228897,0.391370,0.150000,0
0.132895,0.783482,1.000000,1.000000,0.400000,0.000000,0.166667,0.294060,0.539448,0.350000,1
0.411382,0.314003,0.196000,0.102200,0.450000,0.227000,0.833333,0.247051,0.214770,0.000000,0
0.027471,0.506053,0.249000,1.000000,0.050000,0.104000,0.333333,0.085155,0.145292,0.000000,0
0.210924,0.311014,0.207000,0.146400,0.550000,0.265000,0.500000,0.199917,0.163112,0.000000,0
0.270000,0.178924,0.719000,1.000000,0.150000,0.457000,1.000000,0.411163,0.074570,0.131000,0
0.524167,0.222744,0.183000,0.086600,0.050000,0.210000,0.666667,0.057687,0.134724,0.000000,0
0.325175,0.180649,0.183000,0.114800,0.200000,0.583000,0.666667,0.091074,0.046472,0.150000,0
0.527586,0.276669,0.183000,0.106200,0.300000,0.388000,1.000000,0.271034,0.073879,0.000000,0
0.065918,0.127790,0.199000,0.839800,0.300000,0.322000,0.833333,0.196337,0.351756,0.000000,0
0.318182,0.093055,0.531000,0.944400,0.150000,0.017000,0.833333,0.127687,0.398316,0.000000,0
0.158750,0.304157,0.205000,0.167400,0.250000,0.204000,0.666667,0.188906,0.152579,0.000000,0
0.053528,0.052702,0.200000,1.000000,0.200000,0.277000,0.500000,0.077082,0.278448,0.000000,0
0.356818,0.373500,0.189000,0.117200,0.350000,0.321000,1.000000,0.270877,0.065222,0.000000,0
0.007973,0.219365,0.667000,1.000000,0.050000,0.089000,0.666667,0.062864,0.201851,0.091000,0
0.133333,0.412179,0.956000,1.000000,0.150000,0.212000,1.000000,0.432638,0.124303,0.316000,0
0.492593,0.077702,0.182000,0.094400,0.450000,0.378000,1.000000,0.391794,0.142501,0.000000,0
0.051765,0.249327,0.136000,1.000000,0.050000,0.224000,0.500000,0.167657,0.077803,0.000000,0
0.018893,0.225749,0.129000,1.000000,0.250000,0.504000,1.000000,0.167943,0.209864,0.150000,0
0.010711,0.137160,0.178000,1.000000,0.550000,0.145000,1.000000,0.377259,0.120759,0.000000,0
0.169178,0.275189,0.219000,0.167600,0.100000,0.502000,0.333333,0.068951,0.410300,0.150000,0
0.437624,0.146689,0.186000,0.117200,0.250000,0.158000,0.833333,0.403812,0.104289,0.000000,0
0.573684,0.513074,0.624000,0.875600,0.650000,0.000000,0.166667,0.314617,0.752039,0.258000,1
0.051741,0.241594,0.183000,1.000000,0.050000,0.303000,0.666667,0.249583,0.102261,0.000000,0
0.345455,0.183488,0.200000,0.111800,0.150000,0.300000,1.000000,0.123915,0.324468,0.000000,0
0.278947,0.315392,0.170000,0.127000,0.050000,0.219000,0.666667,0.459976,0.130596,0.000000,0
0.140385,0.060000,0.384000,0.474800,0.550000,0.555000,0.333333,0.829753,0.625256,0.150000,1
0.173248,0.110110,0.206000,0.158200,0.350000,0.054000,0.333333,0.462310,0.444409,0.000000,0
0.050000,0.521944,1.000000,1.000000,0.600000,0.000000,0.166667,0.722970,0.696775,0.350000,1
0.090588,0.010000,0.844000,1.000000,0.300000,0.319000,0.833333,0.242333,0.360584,0.229000,0
0.008575,0.534793,0.182000,1.000000,0.200000,0.123000,0.500000,0.085602,0.146078,0.000000,0
0.005216,0.264135,0.317000,1.000000,0.350000,0.046000,0.833333,0.413710,0.263362,0.000000,0
0.513245,0.186752,0.182000,0.097000,0.300000,0.441000,0.833333,0.291945,0.210506,0.000000,0
0.291083,0.267769,0.217000,0.128200,0.000000,0.256000,1.000000,0.140564,0.258015,0.000000,0
0.061739,0.243900,0.887000,1.000000,0.200000,0.324000,0.666667,0.486810,0.042443,0.262000,0
0.228395,0.031301,0.611000,1.000000,0.200000,0.393000,0.666667,0.235124,0.153328,0.047000,0
0.436667,0.226995,0.179000,0.133800,0.300000,0.069000,1.000000,0.111990,0.128002,0.000000,0
0.030207,0.318346,0.211000,1.000000,0.050000,0.040000,0.500000,0.255009,0.253884,0.000000,0
0.336449,0.574392,0.178000,0.099000,0.100000,0.169000,0.833333,0.199845,0.184804,0.000000,0
0.156667,0.341352,0.206000,0.153400,0.600000,0.217000,0.666667,0.183736,0.090641,0.000000,0
0.022767,0.226456,0.204000,1.000000,0.300000,0.312000,1.000000,0.099907,0.107828,0.000000,0
0.166438,0.291537,0.222000,0.157400,0.100000,0.238000,0.333333,0.321743,0.129529,0.000000,0
0.016617,0.182234,0.277000,1.000000,0.150000,0.290000,0.333333,0.371269,0.476346,0.000000,0
0.340602,0.274710,0.188000,0.119200,0.700000,0.163000,0.833333,0.180653,0.661877,0.200000,0
0.288679,0.291319,0.242000,0.134400,0.400000,0.253000,0.500000,0.444966,0.474889,0.000000,0
0.007343,0.131380,0.500000,1.000000,0.250000,0.278000,0.666667,0.140827,0.158579,0.000000,0
0.008889,1.000000,0.500000,1.000000,0.700000,0.608000,0.333333,0.304417,0.644386,0.650000,1
0.229730,0.342976,0.200000,0.133200,0.300000,0.169000,1.000000,0.144193,0.075482,0.000000,0
0.474576,0.275408,0.189000,0.094600,0.200000,0.304000,0.333333,0.277901,0.390584,0.000000,0
0.013761,0.311647,0.400000,1.000000,0.150000,0.382000,1.000000,0.316730,0.250427,0.000000,0
0.026190,0.223407,0.182000,1.000000,0.300000,0.247000,0.833333,0.410781,0.311256,0.000000,0
0.400000,0.387800,0.174000,0.094000,0.100000,0.262000,0.666667,0.127234,0.323035,0.000000,0
0.032000,0.239040,1.000000,1.000000,0.800000,0.587000,0.333333,0.600390,0.676850,0.700000,1
0.008160,0.161952,0.383000,1.000000,0.300000,0.000000,0.333333,0.112558,0.284047,0.000000,0
0.146429,0.206777,0.902000,1.000000,0.200000,0.000000,0.333333,0.192578,0.139012,0.274000,0
0.454098,0.093702,0.195000,0.099200,0.350000,0.254000,1.000000,0.181414,0.082753,0.000000,0
0.004301,1.000000,0.500000,1.000000,0.450000,0.740000,0.500000,0.614338,0.621115,0.450000,1
0.018841,1.000000,0.308000,0.833600,0.650000,0.000000,0.166667,0.570484,0.758270,0.500000,1
0.487805,0.288616,0.155000,0.125800,0.250000,0.191000,1.000000,0.050589,0.423857,0.000000,0
0.386517,0.232834,0.186000,0.122000,0.450000,0.299000,0.666667,0.155398,0.189066,0.000000,0
0.306250,0.364395,0.173000,0.144200,0.250000,0.512000,0.333333,0.018401,0.123548,0.150000,0
0.498101,0.125850,0.179000,0.096000,0.000000,0.050000,0.666667,0.306460,0.123196,0.000000,0
0.030751,0.284272,0.153000,1.000000,0.100000,0.402000,0.666667,0.199138,0.353310,0.000000,0
0.012195,1.000000,0.800000,1.000000,0.300000,0.000000,0.333333,0.668940,0.140138,0.300000,1
0.237333,0.446212,0.222000,0.143800,0.300000,0.155000,0.500000,0.278331,0.130534,0.000000,0
0.304918,0.354195,0.177000,0.103800,0.100000,0.525000,0.666667,0.267826,0.205118,0.150000,0
0.661905,0.339265,0.629000,0.925400,0.500000,0.000000,0.166667,0.386345,0.224169,0.061000,1
0.068627,0.333712,0.245000,1.000000,0.100000,0.000000,1.000000,0.262330,0.012235,0.000000,0
0.023395,0.212364,0.110000,1.000000,0.400000,0.218000,1.000000,0.314940,0.122382,0.000000,0
0.023247,0.211382,0.190000,1.000000,0.200000,0.090000,0.333333,0.324569,0.411401,0.000000,0
0.096887,0.166151,0.189000,0.775800,0.200000,0.314000,0.500000,0.436361,0.079074,0.000000,0
0.348000,0.366375,0.556000,1.000000,0.250000,0.108000,1.000000,0.251964,0.073988,0.005000,0
0.007705,0.300634,0.271000,1.000000,0.400000,0.301000,1.000000,0.167999,0.143391,0.000000,0
0.010922,0.093029,0.200000,1.000000,0.400000,0.128000,1.000000,0.090859,0.094077,0.000000,0
0.066667,0.033290,0.900000,1.000000,0.350000,0.205000,0.333333,0.020821,0.090940,0.272000,0
0.020755,1.000000,0.364000,0.757200,0.350000,0.643000,0.500000,0.491380,0.221299,0.450000,1
0.437500,0.085706,0.200000,0.101200,0.400000,0.125000,0.833333,0.236078,0.108075,0.000000,0
0.071646,0.416947,0.187000,0.834200,0.250000,0.083000,0.500000,0.443263,0.437176,0.000000,0
0.198361,0.233337,0.884000,1.000000,0.550000,0.400000,1.000000,0.365054,0.311609,0.260000,0
0.118182,0.908342,0.750000,0.979000,0.500000,0.679000,0.333333,0.335365,0.339830,0.306000,1
0.395238,0.205758,0.184000,0.109800,0.300000,0.030000,0.833333,0.240491,0.102869,0.000000,0
0.341176,0.233748,1.000000,1.000000,0.250000,0.000000,0.500000,0.368293,0.327125,0.350000,1
0.029474,0.010000,0.137000,1.000000,0.250000,0.122000,0.666667,0.082952,0.332855,0.000000,0
0.009826,0.208526,0.242000,1.000000,0.350000,0.290000,0.666667,0.519154,0.106363,0.000000,0
0.548413,0.036336,0.194000,0.105600,0.050000,0.131000,1.000000,0.053403,0.162246,0.000000,0
0.014631,0.207931,0.174000,1.000000,0.050000,0.281000,0.333333,0.025798,0.473697,0.000000,0
0.009118,0.230522,0.194000,1.000000,0.250000,0.292000,0.833333,0.314692,0.196737,0.000000,0
0.290909,0.272142,0.762000,1.000000,0.100000,0.247000,0.833333,0.152201,0.377713,0.165000,0
0.019466,0.487096,0.216000,1.000000,0.100000,0.085000,1.000000,0.071918,0.165687,0.000000,0
0.110256,0.387605,0.535000,1.000000,0.300000,0.316000,0.333333,0.128359,0.273897,0.000000,0
0.493836,0.300209,0.166000,0.105200,0.200000,0.000000,0.500000,0.057413,0.193429,0.000000,0
0.179775,0.271640,0.700000,1.000000,0.100000,0.000000,1.000000,0.257959,0.101793,0.117000,0
0.570213,0.167491,0.549000,0.906000,0.200000,0.227000,0.666667,0.123547,0.242620,0.000000,0
0.016336,0.191343,0.230000,1.000000,0.500000,0.284000,0.666667,0.275193,0.229678,0.000000,0
0.045182,0.190202,0.251000,1.000000,0.050000,0.147000,0.333333,0.245395,0.352256,0.000000,0
0.024503,0.261156,0.197000,1.000000,0.200000,0.000000,0.333333,0.247459,0.125610,0.000000,0
0.050943,0.079755,0.222000,0.997400,0.400000,0.000000,0.666667,0.221273,0.023858,0.000000,0
0.005368,0.303435,0.275000,1.000000,0.300000,0.155000,0.666667,0.332161,0.371886,0.000000,0
0.184667,0.421090,0.202000,0.147800,0.200000,0.406000,1.000000,0.216708,0.437618,0.000000,0
0.065269,0.424629,0.248000,0.945800,0.400000,0.374000,0.333333,0.056683,0.401668,0.000000,0
0.219266,0.279265,0.176000,0.146400,0.200000,0.000000,0.500000,0.095957,0.279312,0.000000,0
0.478571,0.372446,0.190000,0.118200,0.550000,0.399000,0.333333,0.140633,0.049384,0.000000,0
0.405882,0.418075,0.176000,0.102800,0.200000,0.000000,1.000000,0.455505,0.233661,0.000000,0
0.421839,0.287862,0.172000,0.089600,0.200000,0.061000,0.333333,0.052623,0.101401,0.000000,0
0.025438,0.277476,0.225000,1.000000,0.100000,0.286000,0.833333,0.244988,0.276976,0.000000,0
0.145192,0.532750,0.623000,1.000000,0.450000,0.636000,0.166667,0.563388,0.458502,0.207000,1
0.427500,0.284131,0.177000,0.100000,0.300000,0.138000,1.000000,0.264492,0.114746,0.000000,0
0.553012,0.336540,0.181000,0.087200,0.550000,0.158000,0.833333,0.101669,0.108736,0.000000,0
0.016785,0.078110,0.169000,1.000000,0.600000,0.279000,0.666667,0.055232,0.292124,0.000000,0
0.045708,0.184164,0.244000,1.000000,0.300000,0.012000,0.833333,0.208618,0.137490,0.000000,0
0.216901,0.312588,0.935000,1.000000,0.650000,0.156000,0.500000,0.213860,0.290078,0.499000,0
0.594245,0.114240,0.179000,0.082800,0.450000,0.000000,0.333333,0.156051,0.316816,0.000000,0
0.357692,0.290104,0.176000,0.120000,0.150000,0.121000,0.666667,0.107060,0.235960,0.000000,0
0.358182,0.173333,0.188000,0.102600,0.350000,0.368000,0.833333,0.218875,0.040738,0.000000,0
0.025197,0.450147,0.113000,1.000000,0.050000,0.226000,0.333333,0.074764,0.168160,0.000000,0
0.074490,0.277950,0.822000,1.000000,0.050000,0.180000,0.500000,0.227597,0.143046,0.212000,0
0.214783,0.334403,0.219000,0.147000,0.450000,0.181000,0.500000,0.371459,0.033738,0.000000,0
0.158036,0.517788,1.000000,1.000000,0.550000,0.694000,0.333333,0.633302,0.205877,0.500000,1
0.287597,0.177925,0.194000,0.108800,0.300000,0.108000,1.000000,0.021666,0.045901,0.000000,0
0.152747,0.238077,1.000000,1.000000,0.350000,0.541000,0.500000,0.466683,0.767162,0.500000,1
0.229870,0.507914,1.000000,1.000000,0.250000,0.409000,0.500000,0.526830,0.586441,0.350000,1
0.112658,0.074500,0.607000,1.000000,0.250000,0.113000,0.833333,0.145104,0.442677,0.044000,0
0.017544,1.000000,0.300000,0.773600,0.200000,0.380000,0.500000,0.580214,0.508718,0.300000,1
0.279012,0.315282,0.456000,1.000000,0.450000,0.000000,0.166667,0.440491,0.613675,0.000000,1
0.219595,0.031749,0.206000,0.140400,0.150000,0.233000,0.500000,0.308847,0.409979,0.000000,0
0.392466,0.181706,0.182000,0.090400,0.150000,0.174000,0.833333,0.264042,0.191158,0.000000,0
0.150000,0.088896,0.205000,0.158000,0.300000,0.000000,0.500000,0.061144,0.407280,0.000000,0
0.013587,0.078041,0.190000,1.000000,0.500000,0.000000,0.666667,0.130812,0.163395,0.000000,0
0.504124,0.522488,0.164000,0.073800,0.250000,0.076000,0.833333,0.376514,0.343194,0.000000,0
0.019531,0.224853,0.267000,1.000000,0.400000,0.158000,0.666667,0.016459,0.114881,0.000000,0
0.116814,0.150586,0.712000,1.000000,0.350000,0.326000,0.333333,0.091066,0.206969,0.126000,0
0.035929,0.174467,0.194000,1.000000,0.200000,0.320000,0.833333,0.185583,0.056361,0.000000,0
0.008919,0.342501,0.288000,1.000000,0.200000,0.177000,0.333333,0.439384,0.458550,0.000000,0
0.004868,0.093224,0.271000,1.000000,0.000000,0.151000,0.666667,0.443739,0.279731,0.000000,0
0.449057,0.712701,0.660000,1.000000,0.250000,0.846000,0.166667,0.657801,0.617172,0.236000,1
0.507229,0.090579,0.200000,0.096400,0.500000,0.000000,0.666667,0.168309,0.419105,0.000000,0
0.134653,0.189826,0.963000,1.000000,0.200000,0.306000,1.000000,0.322992,0.352779,0.321000,0
0.363158,0.196723,0.174000,0.107800,0.200000,0.147000,0.666667,0.165529,0.338650,0.000000,0
0.358015,0.022597,0.200000,0.107400,0.250000,0.417000,0.666667,0.239465,0.268967,0.000000,0
0.410256,0.147954,0.694000,0.890400,0.400000,0.021000,0.500000,0.602363,0.197765,0.112000,0
0.242857,0.190187,0.202000,0.122400,0.050000,0.000000,0.500000,0.339614,0.160787,0.000000,0
0.178000,0.206055,0.506000,1.000000,0.350000,0.157000,0.833333,0.174939,0.138480,0.000000,0
0.157042,0.365354,0.211000,0.160200,0.700000,0.390000,0.500000,0.273821,0.044318,0.200000,0
0.373770,0.196893,0.186000,0.109800,0.200000,0.229000,0.333333,0.155448,0.472511,0.000000,0
0.205747,0.431123,0.212000,0.137800,0.250000,0.244000,0.500000,0.118411,0.308322,0.000000,0
0.008581,0.167679,0.231000,1.000000,0.100000,0.000000,0.833333,0.463873,0.027952,0.000000,0
0.403670,0.122482,0.186000,0.106600,0.300000,0.240000,0.833333,0.271605,0.385597,0.000000,0
0.019831,0.125420,0.479000,1.000000,0.200000,0.000000,0.333333,0.190381,0.090054,0.000000,0
0.156731,0.104649,0.202000,0.155000,0.300000,0.415000,0.666667,0.151270,0.106386,0.000000,0
0.475490,0.179995,0.190000,0.094400,0.400000,0.311000,0.333333,0.049023,0.159627,0.000000,0
0.255814,0.823904,0.818000,1.000000,0.350000,0.320000,0.333333,0.610417,0.508561,0.208000,1
0.037968,0.146494,0.127000,1.000000,0.250000,0.098000,0.333333,0.009010,0.460445,0.000000,0
0.526050,0.084319,0.192000,0.097000,0.200000,0.270000,1.000000,0.113838,0.318427,0.000000,0
0.196552,0.259653,0.184000,0.171000,0.100000,0.000000,1.000000,0.304504,0.107915,0.000000,0
0.297458,0.094004,0.205000,0.131800,0.500000,0.088000,0.666667,0.408668,0.217175,0.000000,0
0.025339,0.041588,0.173000,1.000000,0.300000,0.298000,0.666667,0.238952,0.181451,0.000000,0
0.026230,1.000000,0.250000,0.689000,0.550000,0.960000,0.500000,0.493196,0.534522,0.450000,1
0.016598,0.397057,0.183000,1.000000,0.200000,0.224000,1.000000,0.248132,0.043448,0.000000,0
0.474118,0.220157,0.189000,0.106800,0.300000,0.231000,0.500000,0.340482,0.181390,0.000000,0
0.518493,0.284670,0.184000,0.099400,0.500000,0.172000,0.500000,0.093805,0.100783,0.000000,0
0.474074,0.293387,0.203000,0.115200,0.250000,0.335000,1.000000,0.053281,0.121114,0.000000,0
0.011910,0.133453,0.147000,1.000000,0.600000,0.360000,0.500000,0.212844,0.112934,0.000000,0
0.228667,0.133409,0.195000,0.115400,0.200000,0.367000,0.833333,0.279329,0.149647,0.000000,0
0.453333,0.276255,0.202000,0.104800,0.550000,0.365000,0.500000,0.073862,0.456408,0.000000,0
0.147561,0.233246,0.198000,0.165600,0.100000,0.102000,0.666667,0.344066,0.220287,0.000000,0
0.224138,0.333739,0.195000,0.143200,0.100000,0.240000,0.833333,0.256126,0.305934,0.000000,0
0.453333,0.132279,0.730000,1.000000,0.350000,0.000000,1.000000,0.255681,0.188034,0.140000,0
0.037025,0.157972,0.150000,1.000000,0.100000,0.050000,0.833333,0.342922,0.354199,0.000000,0
0.065686,0.625472,0.507000,0.819600,0.450000,0.656000,0.166667,0.626429,0.494916,0.150000,1
0.016029,0.192303,0.216000,1.000000,0.400000,0.303000,1.000000,0.298570,0.245791,0.000000,0
0.017910,0.130651,0.250000,1.000000,0.100000,0.376000,0.333333,0.059878,0.378111,0.000000,0
0.479032,0.419253,0.165000,0.101000,0.250000,0.221000,1.000000,0.134554,0.319592,0.000000,0
0.270000,0.010000,0.531000,1.000000,0.150000,0.428000,0.500000,0.524026,0.378165,0.000000,0
0.184810,0.080453,0.671000,1.000000,0.050000,0.219000,0.833333,0.269922,0.022221,0.094000,0
0.565625,0.235112,0.175000,0.092400,0.150000,0.000000,0.666667,0.206467,0.165433,0.000000,0
0.492727,0.236697,0.196000,0.113400,0.300000,0.108000,1.000000,0.124052,0.095554,0.000000,0
0.490090,0.277592,0.178000,0.112200,0.500000,0.131000,0.833333,0.387984,0.134212,0.000000,0
1.000000,0.418691,0.475000,0.680200,0.050000,0.709000,0.333333,0.431505,0.711856,0.150000,1
0.030201,0.179155,0.207000,1.000000,0.050000,0.210000,0.500000,0.260250,0.233898,0.000000,0
0.303871,0.082447,0.214000,0.127800,0.150000,0.039000,0.666667,0.072043,0.080750,0.000000,0
0.030303,0.181183,0.257000,1.000000,0.250000,0.311000,0.666667,0.085959,0.124813,0.000000,0
0.019727,0.118488,0.157000,1.000000,0.100000,0.176000,0.500000,0.198408,0.121225,0.000000,0
0.222222,0.257813,0.688000,0.760400,0.350000,0.000000,0.166667,0.367622,0.157613,0.107000,1
0.361207,0.385632,0.181000,0.110600,0.150000,0.231000,0.833333,0.217321,0.056038,0.000000,0
0.398198,0.173902,0.179000,0.116000,0.350000,0.000000,0.500000,0.065078,0.105599,0.000000,0
0.387500,0.509264,0.200000,0.132400,0.650000,0.000000,0.666667,0.433866,0.376805,0.200000,0
0.032340,0.156084,0.224000,1.000000,0.150000,0.189000,0.333333,0.282920,0.399964,0.000000,0
0.181250,0.281460,0.207000,0.157200,0.150000,0.512000,0.500000,0.439874,0.177469,0.150000,0
0.187500,0.147494,1.000000,1.000000,0.500000,0.419000,0.333333,0.426874,0.431530,0.350000,1
0.179787,0.176006,0.183000,0.152800,0.150000,0.000000,1.000000,0.132626,0.421690,0.000000,0
0.507018,0.294034,0.163000,0.120000,0.150000,0.246000,0.333333,0.097573,0.139569,0.000000,0
0.538776,0.194135,0.148000,0.105400,0.200000,0.057000,0.500000,0.156145,0.396662,0.000000,0
0.418182,0.189100,0.179000,0.122800,0.250000,0.374000,0.500000,0.186752,0.214768,0.000000,0
0.271667,0.010000,0.196000,0.121000,0.200000,0.337000,0.333333,0.115954,0.193824,0.000000,0
0.013831,0.300498,0.172000,1.000000,0.150000,0.383000,0.666667,0.252766,0.127429,0.000000,0
0.335714,0.535800,0.200000,0.126200,0.400000,0.166000,0.333333,0.158155,0.181493,0.000000,0
0.278022,0.187233,0.202000,0.102800,0.150000,0.165000,0.333333,0.152229,0.266591,0.000000,0
0.032353,1.000000,0.273000,0.534800,0.350000,0.408000,0.333333,0.769835,0.294914,0.300000,1
0.199320,0.141920,0.208000,0.152800,0.550000,0.375000,0.333333,0.303849,0.258471,0.000000,0
0.009011,0.239925,0.208000,1.000000,0.200000,0.343000,0.333333,0.137247,0.351022,0.000000,0
0.398333,0.298406,0.188000,0.099000,0.100000,0.322000,1.000000,0.322004,0.104027,0.000000,0
0.084232,0.088468,0.222000,0.768000,0.400000,0.176000,1.000000,0.092285,0.384237,0.000000,0
0.480909,0.293830,0.189000,0.117600,0.150000,0.284000,0.333333,0.137405,0.249967,0.000000,0
0.343210,0.369576,0.198000,0.121400,0.150000,0.330000,0.666667,0.436876,0.153881,0.000000,0
0.429730,0.412071,0.623000,0.862800,0.650000,0.637000,0.333333,0.506951,0.625903,0.407000,1
0.376224,0.166548,0.195000,0.118400,0.250000,0.000000,0.833333,0.163907,0.119523,0.000000,0
0.366355,0.493075,0.191000,0.112400,0.100000,0.406000,0.333333,0.155962,0.204093,0.000000,0
0.356410,0.195954,0.198000,0.115200,0.350000,0.220000,0.333333,0.293497,0.605937,0.000000,0
0.129870,0.443954,0.210000,0.159000,0.450000,0.000000,0.500000,0.581381,0.192985,0.000000,1
0.030699,0.010000,0.149000,1.000000,0.100000,0.176000,0.500000,0.093192,0.265425,0.000000,0
0.161667,0.346431,0.216000,0.159800,0.400000,0.281000,0.833333,0.232358,0.511790,0.000000,0
0.414953,0.104403,0.196000,0.095600,0.350000,0.183000,1.000000,0.309887,0.197295,0.000000,0
0.327869,0.221447,0.600000,1.000000,0.300000,0.152000,0.666667,0.142416,0.097751,0.039000,0
0.262687,0.100699,0.233000,0.149400,0.250000,0.139000,1.000000,0.407169,0.096367,0.000000,0
0.008108,1.000000,0.667000,0.884400,0.350000,0.000000,0.333333,0.774245,0.612419,0.300000,1
0.018219,0.104110,0.202000,1.000000,0.200000,0.325000,0.833333,0.117339,0.062345,0.000000,0
0.923684,0.913128,0.484000,0.738000,0.400000,0.026000,0.166667,0.355399,0.482307,0.000000,1
0.229630,0.047132,0.210000,0.172200,0.150000,0.617000,1.000000,0.168693,0.031681,0.150000,0
0.537037,0.016300,0.170000,0.087800,0.350000,0.097000,0.333333,0.155811,0.016981,0.000000,0
0.362992,0.100441,0.217000,0.125000,0.150000,0.000000,0.833333,0.247036,0.193880,0.000000,0
0.040896,0.287156,0.168000,1.000000,0.150000,0.215000,0.333333,0.156961,0.392212,0.000000,0
0.576984,0.056238,0.182000,0.101000,0.400000,0.000000,0.666667,0.173260,0.266305,0.000000,0
0.053360,0.292778,0.296000,0.947000,0.450000,0.166000,0.333333,0.319050,0.284337,0.000000,0
0.009722,1.000000,0.571000,1.000000,0.400000,0.000000,0.333333,0.447331,0.326208,0.300000,1
0.213636,0.332590,0.229000,0.140600,0.500000,0.305000,0.500000,0.191618,0.524224,0.000000,0
0.497087,0.281504,0.184000,0.092800,0.350000,0.427000,0.333333,0.193561,0.552538,0.000000,0
0.323171,0.600461,0.626000,1.000000,0.250000,0.345000,0.500000,0.379912,0.488651,0.059000,1
0.220988,0.135181,0.223000,0.130200,0.500000,0.432000,0.333333,0.210397,0.159607,0.000000,0
0.014244,0.154467,0.429000,1.000000,0.350000,0.359000,0.833333,0.086946,0.368739,0.000000,0
0.058663,0.207757,0.218000,0.973800,0.250000,0.233000,0.500000,0.150717,0.110985,0.000000,0
0.200000,0.076501,0.205000,0.140000,0.300000,0.338000,0.500000,0.314450,0.198333,0.000000,0
0.033936,0.141384,0.154000,1.000000,0.250000,0.237000,0.500000,0.460163,0.074172,0.000000,0
0.250000,0.216940,0.183000,0.115800,0.200000,0.313000,1.000000,0.301221,0.027257,0.000000,0
0.009370,0.093091,0.207000,1.000000,0.100000,0.166000,1.000000,0.212572,0.103299,0.000000,0
0.425581,0.330230,0.191000,0.129800,0.200000,0.037000,0.333333,0.443051,0.137984,0.000000,0
0.343421,0.038052,0.192000,0.118800,0.500000,0.392000,0.333333,0.241763,0.263650,0.000000,0
0.448214,0.418648,0.179000,0.098000,0.100000,0.000000,0.833333,0.281405,0.287681,0.000000,0
0.031250,0.565994,0.228000,1.000000,0.350000,0.204000,1.000000,0.117465,0.147996,0.000000,0
0.162651,0.340858,0.222000,0.147400,0.150000,0.281000,0.666667,0.311859,0.790853,0.000000,0
0.116418,0.392250,0.192000,0.196000,0.100000,0.028000,0.666667,0.308523,0.117384,0.000000,0
0.502222,0.345057,0.150000,0.073000,0.250000,0.126000,0.333333,0.244276,0.459422,0.000000,0
0.404110,0.256642,0.176000,0.128600,0.250000,0.119000,0.666667,0.225302,0.218938,0.000000,0
0.065867,0.050789,0.215000,0.998400,0.200000,0.468000,0.500000,0.258937,0.266919,0.000000,0
0.420370,0.353990,0.163000,0.082600,0.150000,0.134000,0.500000,0.305272,0.235367,0.000000,0
0.441573,0.054969,0.201000,0.098600,0.100000,0.130000,0.666667,0.237027,0.191176,0.000000,0
0.178261,0.302881,0.220000,0.160800,0.150000,0.226000,1.000000,0.168485,0.131426,0.000000,0
0.444898,0.323844,0.197000,0.103200,0.250000,0.158000,0.333333,0.250881,0.362002,0.000000,0
0.316393,0.267384,0.220000,0.139000,0.150000,0.296000,0.333333,0.311519,0.213772,0.000000,0
0.014678,0.010000,0.122000,1.000000,0.250000,0.278000,0.833333,0.109089,0.192796,0.000000,0
0.015451,0.233679,0.160000,1.000000,0.050000,0.328000,0.666667,0.034604,0.106726,0.000000,0
0.129730,0.161340,0.979000,1.000000,0.200000,0.000000,0.500000,0.193832,0.249147,0.334000,0
0.063596,0.276270,0.198000,1.000000,0.050000,0.183000,1.000000,0.131641,0.326298,0.000000,0
0.358537,0.138515,0.170000,0.158800,0.200000,0.047000,0.833333,0.147506,0.255162,0.000000,0
0.058213,0.242220,0.168000,0.827400,0.450000,0.354000,0.666667,0.049296,0.060011,0.000000,0
0.384211,0.085197,0.196000,0.107200,0.100000,0.218000,0.666667,0.096429,0.349189,0.000000,0
0.467187,0.198051,0.176000,0.100200,0.300000,0.151000,0.833333,0.256507,0.417959,0.000000,0
0.187671,0.316724,0.920000,1.000000,0.150000,0.185000,0.833333,0.197361,0.168205,0.288000,0
0.315741,0.273072,0.211000,0.130000,0.150000,0.237000,0.500000,0.231625,0.264417,0.000000,0
0.462857,0.273189,0.190000,0.097000,0.050000,0.305000,0.333333,0.257883,0.385250,0.000000,0
0.186792,0.186759,0.202000,0.170200,0.300000,0.000000,0.666667,0.546597,0.742191,0.000000,0
0.501389,0.194448,0.172000,0.114000,0.100000,0.328000,0.833333,0.263975,0.306549,0.000000,0
0.341727,0.236269,0.198000,0.112800,0.250000,0.000000,1.000000,0.373757,0.225817,0.000000,0
0.286923,0.136330,0.217000,0.133800,0.000000,0.272000,0.833333,0.190267,0.131885,0.000000,0
0.337662,0.192773,0.196000,0.117600,0.300000,0.201000,0.833333,0.165577,0.307889,0.000000,0
0.280263,0.320347,0.214000,0.130400,0.050000,0.531000,0.500000,0.311204,0.058824,0.150000,0
0.397826,0.127485,0.153000,0.095200,0.100000,0.000000,0.666667,0.351085,0.065936,0.000000,0
0.503906,0.122879,0.206000,0.098200,0.250000,0.387000,0.500000,0.205766,0.136637,0.000000,0
0.217647,0.444820,0.658000,0.834200,0.400000,0.000000,0.166667,0.596685,0.759690,0.084000,1
0.042707,0.266390,0.103000,1.000000,0.450000,0.000000,0.500000,0.457094,0.198298,0.000000,0
0.026891,0.312946,0.115000,1.000000,0.450000,0.359000,1.000000,0.230680,0.177645,0.000000,0
0.335172,0.223721,0.208000,0.123000,0.100000,0.076000,0.500000,0.234009,0.206198,0.000000,0
0.467105,0.177228,0.189000,0.099800,0.350000,0.107000,1.000000,0.140958,0.111233,0.000000,0
0.205479,0.124571,0.547000,1.000000,0.200000,0.433000,0.666667,0.303929,0.167971,0.000000,0
0.253947,0.050703,0.674000,1.000000,0.150000,0.175000,0.333333,0.443321,0.146805,0.096000,0
0.014972,0.351882,0.208000,1.000000,0.250000,0.231000,0.333333,0.239206,0.253285,0.000000,0
0.150000,0.367862,0.207000,0.176400,0.100000,0.102000,0.666667,0.288274,0.358141,0.000000,0
0.119149,0.619975,0.625000,0.795400,0.650000,0.000000,0.166667,0.601638,0.270387,0.258000,1
0.156481,0.239156,1.000000,1.000000,0.650000,0.000000,0.166667,0.520619,0.908517,0.550000,1
0.403947,0.098629,0.199000,0.115600,0.150000,0.163000,0.666667,0.677017,0.296265,0.000000,0
0.216279,0.057008,0.527000,1.000000,0.250000,0.280000,0.500000,0.206455,0.114110,0.000000,0
0.031868,0.161780,0.862000,1.000000,0.200000,0.149000,0.500000,0.218897,0.162970,0.243000,0
0.214516,0.260838,0.195000,0.126200,0.100000,0.257000,0.333333,0.135892,0.223120,0.000000,0
0.155556,0.223482,0.902000,1.000000,0.150000,0.410000,0.500000,0.102686,0.200898,0.274000,0
0.251429,0.080312,0.176000,0.116200,0.050000,0.079000,0.500000,0.117076,0.329907,0.000000,0
0.322727,0.283356,0.211000,0.136600,0.050000,0.210000,1.000000,0.338065,0.336423,0.000000,0
0.300952,0.636337,0.392000,1.000000,0.450000,0.631000,0.166667,0.597014,0.495056,0.150000,1
0.152991,0.093623,1.000000,1.000000,0.650000,0.000000,0.500000,0.327877,0.453018,0.550000,1
0.014662,0.188212,0.171000,1.000000,0.200000,0.181000,0.500000,0.161014,0.236136,0.000000,0
0.050426,0.260750,0.181000,1.000000,0.050000,0.096000,0.333333,0.139260,0.248448,0.000000,0
0.454321,0.149878,0.196000,0.105200,0.150000,0.237000,0.833333,0.153196,0.045984,0.000000,0
0.650000,0.356234,0.485000,0.816600,0.250000,0.100000,0.500000,0.329548,0.157824,0.000000,0
0.191304,0.301455,0.205000,0.144400,0.250000,0.212000,0.666667,0.151569,0.181670,0.000000,0
0.003369,0.171394,0.357000,1.000000,0.450000,0.129000,0.500000,0.118232,0.314089,0.000000,0
0.284277,0.010000,0.201000,0.135600,0.300000,0.172000,0.666667,0.134254,0.024594,0.000000,0
0.023086,0.140488,0.171000,1.000000,0.100000,0.402000,0.500000,0.151833,0.355388,0.000000,0
0.077632,0.903791,0.559000,1.000000,0.500000,0.000000,0.333333,0.470976,0.480872,0.007000,1
0.358140,0.230351,0.205000,0.120600,0.550000,0.363000,0.333333,0.160188,0.373432,0.000000,0
0.145283,0.481987,0.260000,0.211600,0.100000,0.234000,1.000000,0.086728,0.067516,0.000000,0
0.486667,0.221073,0.172000,0.096400,0.700000,0.352000,0.333333,0.162369,0.018267,0.200000,0
0.046633,0.292765,0.198000,1.000000,0.450000,0.504000,0.500000,0.292943,0.191757,0.150000,0
0.221111,0.124522,0.653000,1.000000,0.200000,0.264000,1.000000,0.126436,0.208365,0.080000,0
0.277358,0.319460,0.231000,0.132200,0.050000,0.308000,1.000000,0.057697,0.167221,0.000000,0
0.250575,0.322698,0.179000,0.125600,0.050000,0.110000,0.666667,0.218471,0.456435,0.000000,0
0.110870,0.272797,0.931000,1.000000,0.050000,0.355000,0.666667,0.417897,0.260357,0.296000,0
0.538372,0.048064,0.173000,0.091000,0.350000,0.177000,0.666667,0.256139,0.224471,0.000000,0
0.017992,0.237802,0.186000,1.000000,0.150000,0.000000,0.833333,0.102058,0.230800,0.000000,0
0.324324,0.198193,0.192000,0.108600,0.450000,0.280000,1.000000,0.179275,0.266338,0.000000,0
0.335955,0.301111,0.217000,0.135400,0.100000,0.332000,1.000000,0.147276,0.065641,0.000000,0
0.419858,0.240637,0.189000,0.110000,0.400000,0.134000,0.833333,0.101622,0.120396,0.000000,0
0.266923,0.410039,0.196000,0.136000,0.400000,0.463000,1.000000,0.175238,0.266705,0.000000,0
0.326667,0.274792,0.571000,1.000000,0.150000,0.140000,0.333333,0.040409,0.292834,0.016000,0
0.387234,0.281976,0.176000,0.118000,0.250000,0.173000,0.500000,0.290267,0.185073,0.000000,0
0.407377,0.092586,0.189000,0.097800,0.300000,0.227000,0.500000,0.389467,0.075930,0.000000,0
0.030691,0.010000,0.358000,1.000000,0.250000,0.379000,0.666667,0.168809,0.081848,0.000000,0
0.245528,0.149539,0.199000,0.154600,0.350000,0.069000,0.333333,0.072104,0.202961,0.000000,0
0.026872,0.122338,0.279000,1.000000,0.050000,0.320000,1.000000,0.292139,0.237113,0.000000,0
0.150000,0.137283,0.814000,1.000000,0.300000,0.170000,0.833333,0.330551,0.545388,0.205000,0
0.397479,0.163082,0.188000,0.097000,0.350000,0.000000,0.333333,0.270689,0.071691,0.000000,0
0.514583,0.070378,0.186000,0.112600,0.200000,0.384000,0.666667,0.248929,0.139273,0.000000,0
0.386957,0.385837,0.208000,0.133400,0.200000,0.480000,1.000000,0.101266,0.207312,0.000000,0
0.551220,0.396241,0.173000,0.077800,0.250000,0.095000,0.500000,0.551732,0.198538,0.000000,0
0.169748,0.211547,0.198000,0.150800,0.250000,0.275000,0.666667,0.130181,0.231334,0.000000,0
0.498693,0.244498,0.177000,0.104200,0.100000,0.230000,0.833333,0.059314,0.359992,0.000000,0
0.065759,0.521407,0.207000,0.869400,0.200000,0.213000,0.833333,0.022525,0.083285,0.000000,0
0.048352,0.095409,0.886000,1.000000,0.100000,0.374000,0.833333,0.182206,0.142796,0.261000,0
0.098780,0.226875,0.938000,1.000000,0.400000,0.309000,0.833333,0.035853,0.294655,0.302000,0
0.550000,0.414058,0.183000,0.103800,0.250000,0.127000,0.500000,0.287253,0.391118,0.000000,0
0.376259,0.276398,0.182000,0.104400,0.350000,0.148000,0.666667,0.078820,0.099739,0.000000,0
0.018370,0.197475,0.146000,1.000000,0.150000,0.232000,0.333333,0.133683,0.417256,0.000000,0
0.356627,0.628414,0.527000,1.000000,0.750000,0.000000,0.500000,0.355579,0.506088,0.200000,1
0.011204,0.202420,0.239000,1.000000,0.500000,0.250000,0.833333,0.021883,0.344655,0.000000,0
0.524359,0.406086,0.169000,0.074600,0.300000,0.308000,0.333333,0.142189,0.480598,0.000000,0
0.300826,0.148478,0.201000,0.120800,0.300000,0.533000,0.666667,0.026945,0.297856,0.150000,0
0.469748,0.174918,0.184000,0.087400,0.350000,0.000000,1.000000,0.582295,0.307616,0.000000,0
0.203896,0.268084,0.201000,0.126400,0.300000,0.293000,0.833333,0.377919,0.080384,0.000000,0
0.171296,0.406332,0.216000,0.168200,0.100000,0.387000,1.000000,0.319738,0.017552,0.000000,0
0.005155,1.000000,0.800000,1.000000,0.400000,0.000000,0.500000,0.701301,0.225647,0.300000,1
0.018790,0.202113,0.190000,1.000000,0.550000,0.000000,0.500000,0.118002,0.127815,0.000000,0
0.112698,0.507426,0.662000,0.953600,0.250000,0.772000,0.333333,0.340711,0.608666,0.237000,1
0.399291,0.170019,0.208000,0.110600,0.200000,0.455000,0.333333,0.312659,0.200793,0.000000,0
0.079048,0.127403,0.783000,1.000000,0.000000,0.179000,1.000000,0.374901,0.294215,0.181000,0
0.215663,0.185162,0.693000,1.000000,0.200000,0.244000,0.833333,0.390309,0.152396,0.111000,0
0.021520,0.044281,0.114000,1.000000,0.050000,0.398000,1.000000,0.147185,0.031197,0.000000,0
0.217476,0.443774,0.723000,1.000000,0.600000,0.000000,0.500000,0.395191,0.595096,0.135000,1
0.513793,0.066266,0.174000,0.105200,0.100000,0.062000,0.500000,0.153930,0.149625,0.000000,0
0.301587,0.217887,0.211000,0.147400,0.150000,0.138000,1.000000,0.278160,0.389462,0.000000,0
0.326724,0.340415,0.190000,0.127000,0.450000,0.212000,0.666667,0.178133,0.351804,0.000000,0
0.297619,0.417745,0.204000,0.120400,0.100000,0.000000,0.500000,0.016714,0.474510,0.000000,0
0.015063,0.358926,0.202000,1.000000,0.350000,0.449000,0.500000,0.381988,0.281012,0.000000,0
0.191262,0.226685,0.259000,0.164200,0.250000,0.161000,0.833333,0.184456,0.216351,0.000000,0
0.434545,0.222227,0.163000,0.100200,0.150000,0.233000,0.833333,0.045066,0.043001,0.000000,0
0.012335,0.070741,0.214000,1.000000,0.100000,0.318000,0.333333,0.012219,0.465896,0.000000,0
0.454135,0.107853,0.195000,0.094400,0.350000,0.161000,0.333333,0.169955,0.411812,0.000000,0
0.587681,0.196996,0.166000,0.089800,0.250000,0.154000,1.000000,0.138783,0.447867,0.000000,0
0.029091,0.170758,0.240000,1.000000,0.250000,0.257000,0.833333,0.342897,0.158972,0.000000,0
0.494505,0.176364,0.180000,0.114200,0.350000,0.136000,0.333333,0.105107,0.128042,0.000000,0
0.246377,0.248587,0.188000,0.169000,0.100000,0.187000,0.666667,0.499257,0.122299,0.000000,0
0.160377,0.320018,1.000000,1.000000,0.450000,0.000000,0.166667,0.236003,0.415700,0.350000,1
0.297143,0.463878,0.197000,0.124600,0.600000,0.000000,0.333333,0.278699,0.449637,0.000000,1
0.522137,0.285464,0.184000,0.089000,0.450000,0.140000,0.666667,0.333808,0.407401,0.000000,0
0.284138,0.010000,0.204000,0.134800,0.250000,0.212000,0.333333,0.196631,0.263125,0.000000,0
0.050717,0.193875,0.148000,1.000000,0.100000,0.166000,0.333333,0.144281,0.184560,0.000000,0
0.125000,0.468073,0.189000,0.187400,0.250000,0.272000,0.500000,0.303915,0.136463,0.000000,0
0.530435,0.091007,0.168000,0.103600,0.450000,0.633000,0.833333,0.221657,0.277505,0.150000,0
0.076945,0.075903,0.180000,0.888600,0.350000,0.000000,0.333333,0.373268,0.343648,0.000000,0
0.044025,0.276649,0.210000,1.000000,0.450000,0.000000,0.500000,0.040785,0.169103,0.000000,0
0.145946,0.316778,0.231000,0.171800,0.150000,0.293000,0.666667,0.378287,0.079963,0.000000,0
0.322115,0.234707,0.203000,0.113600,0.400000,0.171000,0.333333,0.105117,0.419283,0.000000,0
0.078755,0.220881,0.209000,0.771800,0.250000,0.000000,0.666667,0.503932,0.399993,0.000000,0
0.233333,0.161778,0.943000,1.000000,0.200000,0.175000,1.000000,0.219677,0.360004,0.306000,0
0.219540,0.330614,0.225000,0.145400,0.550000,0.573000,1.000000,0.194253,0.165907,0.150000,0
0.301429,0.184075,0.204000,0.146800,0.500000,0.069000,1.000000,0.450899,0.218554,0.000000,0
0.314789,0.213951,0.183000,0.109600,0.400000,0.000000,1.000000,0.209107,0.184519,0.000000,0
0.433333,0.123481,0.199000,0.113000,0.750000,0.229000,0.666667,0.147987,0.417471,0.200000,0
0.449057,0.226609,0.187000,0.099200,0.250000,0.173000,0.333333,0.134426,0.302071,0.000000,0
0.032176,0.126276,0.158000,1.000000,0.050000,0.000000,0.833333,0.228316,0.317899,0.000000,0
0.026597,0.232204,0.235000,1.000000,0.150000,0.175000,0.500000,0.204714,0.134043,0.000000,0
0.162871,0.232195,0.128000,0.595200,0.100000,0.243000,1.000000,0.351352,0.151994,0.000000,0
0.500667,0.227001,0.178000,0.095000,0.250000,0.478000,0.666667,0.024581,0.444979,0.000000,0
0.376364,0.189925,0.169000,0.134800,0.150000,0.233000,0.833333,0.047441,0.207282,0.000000,0
0.294574,0.123979,0.211000,0.138800,0.450000,0.116000,0.500000,0.545757,0.324661,0.000000,0
0.183333,0.408415,0.773000,0.920200,0.600000,0.228000,0.666667,0.205663,0.285676,0.173000,0
0.010638,1.000000,0.400000,1.000000,0.250000,0.311000,0.166667,0.558308,0.282769,0.300000,1
0.019697,0.224293,0.246000,1.000000,0.250000,0.459000,0.500000,0.157709,0.314375,0.000000,0
0.021277,1.000000,0.300000,0.697400,0.500000,0.000000,0.166667,0.179168,0.450643,0.300000,1
0.172414,0.302996,0.232000,0.162600,0.400000,0.361000,1.000000,0.172149,0.024251,0.000000,0
0.295122,0.314234,0.207000,0.123400,0.550000,0.000000,1.000000,0.421430,0.240905,0.000000,0
0.225984,0.249371,0.216000,0.138800,0.250000,0.183000,1.000000,0.214238,0.254782,0.000000,0
0.050492,0.151317,0.156000,1.000000,0.550000,0.225000,0.833333,0.084931,0.245990,0.000000,0
0.013832,0.185770,0.156000,1.000000,0.200000,0.223000,0.333333,0.197832,0.357382,0.000000,0
0.268889,0.288953,0.212000,0.122600,0.150000,0.004000,0.333333,0.161953,0.297232,0.000000,0
0.345946,0.292196,0.214000,0.120600,0.100000,0.346000,0.833333,0.336151,0.088768,0.000000,0
0.061919,0.292858,0.192000,0.908400,0.050000,0.000000,0.666667,0.063431,0.099761,0.000000,0
0.357143,0.234116,1.000000,1.000000,0.550000,0.000000,0.333333,0.729423,0.398338,0.350000,1
0.214286,0.297154,0.200000,0.120200,0.500000,0.171000,1.000000,0.159169,0.158566,0.000000,0
0.290909,0.162114,0.177000,0.104800,0.050000,0.252000,1.000000,0.291797,0.233547,0.000000,0
0.123158,0.369783,0.940000,1.000000,0.100000,0.103000,0.666667,0.105271,0.287415,0.303000,0
0.193701,0.049964,0.207000,0.140600,0.300000,0.216000,0.500000,0.433285,0.447256,0.000000,0
0.238298,1.000000,0.714000,0.914600,0.400000,0.682000,0.333333,0.574688,0.683934,0.278000,1
0.471930,0.080889,0.164000,0.100000,0.300000,0.000000,0.500000,0.094167,0.171665,0.000000,0
0.402174,0.041658,0.211000,0.146400,0.050000,0.283000,0.500000,0.066937,0.242335,0.000000,0
0.679412,0.531108,0.383000,0.937000,0.600000,0.000000,0.333333,0.682932,0.746645,0.000000,1
0.018768,0.332536,0.198000,1.000000,0.300000,0.194000,0.833333,0.263497,0.111273,0.000000,0
0.255556,0.168232,0.197000,0.136000,0.250000,0.047000,0.333333,0.079495,0.156475,0.000000,0
0.309420,0.299517,0.194000,0.107800,0.250000,0.072000,0.500000,0.137109,0.221614,0.000000,0
0.277612,0.198804,0.710000,1.000000,0.350000,0.000000,0.333333,0.138304,0.439837,0.124000,0
0.278512,0.245115,0.217000,0.138000,0.450000,0.396000,0.333333,0.009724,0.416195,0.000000,0
0.354545,0.166764,0.744000,1.000000,0.250000,0.019000,0.666667,0.161595,0.135367,0.151000,0
0.518321,0.145007,0.184000,0.088200,0.300000,0.264000,0.666667,0.152462,0.184641,0.000000,0
0.604444,0.274109,0.147000,0.079000,0.250000,0.181000,0.833333,0.179451,0.440172,0.000000,0
0.272973,0.359973,0.208000,0.111200,0.800000,0.000000,0.500000,0.596887,0.444400,0.200000,1
0.225676,0.165668,0.186000,0.142800,0.050000,0.000000,1.000000,0.364958,0.411896,0.000000,0
0.217308,0.225966,0.204000,0.152800,0.000000,0.285000,0.333333,0.144318,0.093292,0.000000,0
0.281818,0.086201,0.185000,0.113600,0.250000,0.279000,0.500000,0.327899,0.314008,0.000000,0
0.412871,0.144970,0.168000,0.094200,0.300000,0.129000,1.000000,0.090837,0.156013,0.000000,0
0.014607,1.000000,0.308000,0.884000,0.400000,0.656000,0.166667,0.774636,0.157478,0.450000,1
0.500000,0.010000,0.170000,0.109600,0.400000,0.341000,0.666667,0.157485,0.313158,0.000000,0
0.542857,0.186983,0.753000,0.915800,0.450000,0.000000,0.500000,0.201669,0.288657,0.158000,1
0.260976,0.218879,0.514000,1.000000,0.150000,0.284000,0.333333,0.357089,0.202295,0.000000,0
0.333628,0.126181,0.199000,0.128200,0.400000,0.194000,0.833333,0.338487,0.212044,0.000000,0
0.156044,0.498392,1.000000,1.000000,0.350000,0.734000,0.333333,0.545525,0.532001,0.500000,1
0.350000,0.211755,0.448000,0.883400,0.500000,0.000000,0.166667,0.507877,0.661961,0.000000,1
0.460156,0.398253,0.183000,0.101200,0.350000,0.416000,0.666667,0.260370,0.339344,0.000000,0
0.067752,0.311419,0.125000,0.991800,0.200000,0.073000,0.833333,0.270310,0.150626,0.000000,0
0.467460,0.100966,0.194000,0.108000,0.300000,0.115000,0.833333,0.363998,0.385727,0.000000,0
0.011688,1.000000,0.444000,1.000000,0.400000,0.000000,0.333333,0.301876,0.376406,0.300000,1
0.004678,0.223269,0.625000,1.000000,0.200000,0.337000,0.333333,0.289166,0.161307,0.058000,0
0.446939,0.227935,0.164000,0.111800,0.200000,0.183000,0.333333,0.337232,0.243834,0.000000,0
0.336364,0.153598,0.198000,0.107600,0.450000,0.346000,0.333333,0.120873,0.111578,0.000000,0
0.182979,0.123008,0.203000,0.173600,0.400000,0.254000,0.333333,0.088536,0.139344,0.000000,0
0.014432,0.228507,0.150000,1.000000,0.350000,0.000000,0.333333,0.126874,0.459128,0.000000,0
0.210667,0.444133,0.196000,0.153200,0.300000,0.246000,0.333333,0.255733,0.298114,0.000000,0
0.049580,0.170368,0.144000,1.000000,0.550000,0.063000,0.833333,0.143135,0.110390,0.000000,0
0.257426,0.218420,0.196000,0.122800,0.200000,0.113000,0.333333,0.210576,0.107575,0.000000,0
0.141053,0.388192,0.194000,0.166400,0.100000,0.000000,0.500000,0.045697,0.075428,0.000000,0
0.150633,0.089998,0.874000,1.000000,0.150000,0.544000,0.666667,0.198435,0.089886,0.402000,0
0.508333,0.010000,0.169000,0.091600,0.100000,0.175000,0.666667,0.132251,0.353473,0.000000,0
0.378846,0.409004,0.162000,0.123000,0.400000,0.298000,1.000000,0.121741,0.140519,0.000000,0
0.009040,0.147097,0.287000,1.000000,0.200000,0.286000,0.833333,0.322801,0.162484,0.000000,0
0.074713,0.270678,0.188000,0.881800,0.100000,0.120000,0.833333,0.189324,0.202971,0.000000,0
0.238889,0.155714,0.216000,0.130000,0.150000,0.202000,0.666667,0.035163,0.337880,0.000000,0
0.021436,0.461661,0.196000,1.000000,0.050000,0.392000,0.500000,0.486895,0.152909,0.000000,0
0.480147,0.138806,0.176000,0.109800,0.250000,0.000000,0.833333,0.122178,0.071709,0.000000,0
0.522535,0.495335,0.404000,0.963400,0.400000,0.000000,0.500000,0.613688,0.427163,0.000000,1
0.012773,0.190036,0.244000,1.000000,0.300000,0.304000,0.833333,0.272400,0.170431,0.000000,0
0.275969,0.209807,0.208000,0.120000,0.350000,0.114000,1.000000,0.233036,0.130902,0.000000,0
0.472881,0.304881,0.194000,0.092800,0.100000,0.006000,0.833333,0.143849,0.063057,0.000000,0
0.026634,0.290212,0.157000,1.000000,0.400000,0.179000,1.000000,0.159532,0.270142,0.000000,0
0.224658,0.194300,0.195000,0.132800,0.550000,0.169000,1.000000,0.174659,0.194935,0.000000,0
0.134066,0.239764,0.197000,0.181400,0.050000,0.111000,0.666667,0.191652,0.217548,0.000000,0
0.435088,0.337746,0.173000,0.123200,0.150000,0.167000,0.500000,0.385026,0.412830,0.000000,0
0.343651,0.379053,0.210000,0.113000,0.400000,0.278000,0.833333,0.133726,0.084174,0.000000,0
0.219643,0.486718,0.171000,0.109400,0.450000,0.277000,0.500000,0.079388,0.055867,0.000000,0
0.426718,0.177279,0.182000,0.094800,0.100000,0.265000,0.833333,0.114975,0.506194,0.000000,0
0.417857,0.010000,0.182000,0.096000,0.150000,0.207000,0.833333,0.147301,0.011972,0.000000,0
0.393893,0.249429,0.190000,0.111800,0.350000,0.196000,0.333333,0.374863,0.249600,0.000000,0
0.023053,0.144786,0.264000,1.000000,0.350000,0.221000,0.833333,0.106942,0.171809,0.000000,0
0.102985,0.783342,0.522000,0.710200,0.450000,0.386000,0.333333,0.227981,0.168667,0.000000,1
0.132203,0.186130,0.667000,1.000000,0.250000,0.149000,0.833333,0.256633,0.088543,0.091000,0
0.207843,0.558752,0.594000,0.752400,0.300000,0.000000,0.166667,0.322957,0.578095,0.034000,1
0.396154,0.162972,0.187000,0.106200,0.050000,0.106000,0.833333,0.163908,0.130451,0.000000,0
0.175000,0.748589,0.619000,0.760400,0.400000,0.000000,0.166667,0.233961,0.301986,0.054000,1
0.517763,0.369355,0.192000,0.091400,0.250000,0.175000,1.000000,0.077749,0.044028,0.000000,0
0.309009,0.179268,0.184000,0.108400,0.300000,0.347000,0.666667,0.385015,0.296648,0.000000,0
0.029810,0.232441,0.255000,1.000000,0.250000,0.078000,1.000000,0.200355,0.141364,0.000000,0
0.413475,0.271039,0.190000,0.105400,0.050000,0.380000,0.833333,0.153496,0.506250,0.000000,0
0.004579,0.180911,0.378000,1.000000,0.450000,0.184000,0.500000,0.300877,0.094010,0.000000,0
0.390000,0.483070,0.188000,0.119600,0.500000,0.050000,0.833333,0.459434,0.262995,0.000000,0
0.009150,0.262738,0.286000,1.000000,0.500000,0.190000,0.666667,0.123327,0.085322,0.000000,0
0.398980,0.345095,0.192000,0.096200,0.200000,0.256000,0.833333,0.065707,0.149101,0.000000,0
0.185965,0.081074,0.179000,0.155400,0.050000,0.379000,0.833333,0.118452,0.363992,0.000000,0
0.477311,0.115564,0.190000,0.093200,0.450000,0.478000,1.000000,0.250647,0.362313,0.000000,0
0.480723,0.284631,0.180000,0.124000,0.250000,0.483000,0.333333,0.274919,0.304600,0.000000,0
0.363291,0.170436,0.190000,0.095200,0.200000,0.346000,0.833333,0.325952,0.199361,0.000000,0
0.024490,1.000000,0.333000,0.690800,0.400000,0.000000,0.500000,0.325497,0.764732,0.300000,1
0.307353,0.119293,0.215000,0.117400,0.150000,0.299000,0.666667,0.425532,0.138146,0.000000,0
0.197436,0.205465,0.610000,1.000000,0.250000,0.291000,1.000000,0.343393,0.160107,0.047000,0
0.006410,1.000000,0.800000,1.000000,0.500000,0.000000,0.166667,0.687143,0.820086,0.300000,1
0.130476,0.060000,0.547000,0.908000,0.500000,0.000000,0.333333,0.467935,0.472206,0.000000,1
0.003908,0.025146,0.206000,1.000000,0.350000,0.187000,0.833333,0.332497,0.173817,0.000000,0
0.314286,0.183268,0.205000,0.129800,0.200000,0.143000,1.000000,0.142635,0.098987,0.000000,0
0.034835,0.258690,0.172000,1.000000,0.400000,0.350000,0.500000,0.225103,0.156912,0.000000,0
0.436538,0.309035,0.181000,0.091200,0.050000,0.080000,0.666667,0.212314,0.015856,0.000000,0
0.032500,1.000000,0.308000,0.605800,0.250000,0.709000,0.333333,0.645983,0.570604,0.450000,1
0.045045,0.189509,0.860000,1.000000,0.600000,0.663000,1.000000,0.588365,0.165870,0.391000,0
0.043011,0.198722,0.192000,1.000000,0.350000,0.304000,1.000000,0.127368,0.207609,0.000000,0
0.040409,0.319175,0.203000,0.995600,0.550000,0.190000,1.000000,0.196079,0.302745,0.000000,0
0.083838,0.223560,0.446000,1.000000,0.200000,0.240000,1.000000,0.129935,0.238060,0.000000,0
0.071471,0.094660,0.140000,0.807600,0.050000,0.000000,0.500000,0.271199,0.171486,0.000000,0
0.459542,0.180453,0.181000,0.105800,0.150000,0.339000,0.500000,0.103969,0.544859,0.000000,0
0.160714,0.256915,0.200000,0.152200,0.600000,0.219000,0.333333,0.225460,0.142663,0.000000,0
0.192405,0.275597,0.211000,0.161800,0.200000,0.268000,0.666667,0.128103,0.339530,0.000000,0
0.440476,0.210362,0.184000,0.105600,0.450000,0.177000,0.833333,0.090211,0.371468,0.000000,0
0.024172,0.226136,0.151000,1.000000,0.050000,0.511000,0.666667,0.293804,0.057876,0.150000,0
0.283051,0.081028,0.192000,0.126200,0.350000,0.133000,0.500000,0.171262,0.027394,0.000000,0
0.200000,0.219188,0.201000,0.138400,0.400000,0.480000,0.666667,0.429379,0.201492,0.000000,0
0.178723,0.060000,0.536000,0.625000,0.650000,0.000000,0.333333,0.251276,0.505921,0.200000,1
0.313265,0.180965,0.176000,0.124000,0.400000,0.194000,1.000000,0.193176,0.252255,0.000000,0
0.339535,0.089365,0.188000,0.112600,0.200000,0.231000,0.333333,0.171603,0.181359,0.000000,0
0.004981,0.148308,0.282000,1.000000,0.250000,0.212000,0.833333,0.440166,0.069407,0.000000,0
0.028910,0.168396,0.311000,1.000000,0.150000,0.391000,0.500000,0.150353,0.192638,0.000000,0
0.472973,0.181022,0.189000,0.115000,0.250000,0.397000,0.500000,0.102514,0.269876,0.000000,0
0.079683,0.349586,0.159000,0.804800,0.150000,0.101000,1.000000,0.100956,0.249154,0.000000,0
0.328125,1.000000,0.857000,0.928400,0.400000,0.000000,0.333333,0.740638,0.566786,0.239000,1
0.082500,0.047325,0.939000,1.000000,0.550000,0.477000,0.333333,0.342523,0.238345,0.303000,0
0.181250,0.707884,0.473000,0.733000,0.550000,0.905000,0.166667,0.857575,0.780984,0.150000,1
0.034146,1.000000,0.286000,0.628600,0.350000,0.358000,0.166667,0.746861,0.532734,0.300000,1
0.024812,0.323785,0.242000,1.000000,0.200000,0.319000,0.833333,0.076138,0.221504,0.000000,0
0.073973,0.277478,0.154000,0.928000,0.250000,0.000000,1.000000,0.184208,0.224272,0.000000,0
0.157692,1.000000,1.000000,1.000000,0.250000,0.412000,0.166667,0.465599,0.785320,0.350000,1
0.352800,0.048282,0.193000,0.123200,0.100000,0.284000,0.333333,0.145271,0.261448,0.000000,0
0.441964,0.131482,0.194000,0.123800,0.100000,0.269000,0.666667,0.140174,0.425004,0.000000,0
0.433333,0.012568,0.221000,0.145400,0.100000,0.232000,0.666667,0.076097,0.133667,0.000000,0
0.379070,0.145406,0.172000,0.159600,0.200000,0.000000,0.333333,0.252294,0.422298,0.000000,0
0.259596,0.379610,0.198000,0.129000,0.050000,0.058000,0.833333,0.281253,0.229256,0.000000,0
0.372072,0.308578,0.189000,0.117000,0.050000,0.000000,0.666667,0.147212,0.035662,0.000000,0
0.429412,0.437225,0.198000,0.104600,0.050000,0.239000,1.000000,0.223820,0.309749,0.000000,0
0.147222,0.232111,0.925000,1.000000,0.100000,0.316000,0.500000,0.121904,0.174099,0.292000,0
0.233043,0.128326,0.545000,1.000000,0.100000,0.236000,0.500000,0.348623,0.540471,0.000000,0
0.625714,0.040000,0.566000,0.820000,0.250000,0.597000,0.500000,0.229096,0.529013,0.162000,1
0.027683,0.086203,0.181000,1.000000,0.100000,0.000000,1.000000,0.238426,0.051747,0.000000,0
0.018475,0.230058,0.317000,1.000000,0.250000,0.000000,0.500000,0.347776,0.020156,0.000000,0
0.465217,0.377828,0.178000,0.106000,0.650000,0.227000,0.833333,0.330318,0.338786,0.200000,0
0.521212,0.363332,0.188000,0.090400,0.000000,0.121000,0.666667,0.080960,0.119796,0.000000,0
0.018434,0.419052,0.124000,1.000000,0.150000,0.000000,0.666667,0.224715,0.055185,0.000000,0
0.017166,0.441014,0.159000,1.000000,0.200000,0.000000,0.833333,0.225875,0.063010,0.000000,0
0.025273,0.217793,0.235000,1.000000,0.350000,0.322000,0.833333,0.136770,0.147290,0.000000,0
0.248864,0.323092,0.219000,0.133200,0.150000,0.812000,0.500000,0.838882,0.705295,0.150000,1
0.036524,0.279386,0.226000,1.000000,0.500000,0.047000,1.000000,0.577324,0.385805,0.000000,0
0.468421,0.253062,0.178000,0.105800,0.400000,0.299000,0.333333,0.136240,0.163710,0.000000,0
0.447500,0.326505,0.726000,0.951600,0.250000,0.270000,0.500000,0.137965,0.218876,0.137000,0
0.218301,0.382953,0.216000,0.149400,0.250000,0.208000,0.833333,0.016156,0.114441,0.000000,0
0.253509,0.446912,0.208000,0.138400,0.300000,0.000000,0.666667,0.135991,0.175686,0.000000,0
0.139252,0.236532,0.940000,1.000000,0.300000,0.026000,0.666667,0.238163,0.131365,0.303000,0
0.013007,0.229695,0.174000,1.000000,0.050000,0.000000,1.000000,0.324454,0.431383,0.000000,0
0.307692,0.441867,0.621000,1.000000,0.500000,0.385000,0.500000,0.306193,0.162771,0.055000,1
0.028571,1.000000,0.286000,0.678200,0.700000,0.000000,0.500000,0.770394,0.525055,0.500000,1
0.236134,0.249625,0.221000,0.138000,0.050000,0.270000,0.500000,0.335153,0.072151,0.000000,0
0.211250,0.518281,1.000000,1.000000,0.450000,0.706000,0.333333,0.479800,0.515556,0.500000,1
0.421986,0.286425,0.200000,0.105800,0.300000,0.304000,0.333333,0.158337,0.034822,0.000000,0
0.030532,0.242596,0.239000,1.000000,0.150000,0.158000,0.500000,0.330441,0.090778,0.000000,0
0.053258,0.275724,0.117000,1.000000,0.250000,0.117000,0.500000,0.274831,0.253527,0.000000,0
0.313559,0.319395,0.186000,0.128400,0.300000,0.387000,0.666667,0.045861,0.038080,0.000000,0
0.048746,0.253641,0.169000,1.000000,0.300000,0.015000,1.000000,0.209768,0.144554,0.000000,0
0.028632,0.314166,0.185000,1.000000,0.200000,0.264000,1.000000,0.053555,0.266835,0.000000,0
0.291489,0.339753,0.182000,0.136400,0.250000,0.321000,0.666667,0.196827,0.331676,0.000000,0
0.512295,0.332649,0.179000,0.111800,0.400000,0.260000,0.500000,0.230501,0.191933,0.000000,0
0.365217,0.174628,0.187000,0.125000,0.150000,0.631000,0.333333,0.217877,0.026467,0.150000,0
0.341667,0.439272,0.195000,0.144600,0.100000,0.228000,0.333333,0.045546,0.558951,0.000000,0
0.286792,0.211243,0.204000,0.125000,0.050000,0.261000,0.833333,0.196232,0.463708,0.000000,0
0.150794,0.366204,0.558000,0.775200,0.550000,0.000000,0.500000,0.375151,0.608428,0.006000,1
0.022977,0.202749,0.162000,1.000000,0.250000,0.290000,0.666667,0.440362,0.600016,0.000000,0
0.346000,0.010000,0.179000,0.112000,0.350000,0.387000,0.500000,0.388734,0.269579,0.000000,0
0.183929,0.210878,0.456000,0.874000,0.300000,0.000000,0.500000,0.271873,0.039929,0.000000,0
0.283908,0.254263,0.194000,0.138800,0.250000,0.193000,0.833333,0.352282,0.131997,0.000000,0
0.423129,0.203129,0.185000,0.108800,0.200000,0.467000,0.500000,0.132116,0.349433,0.000000,0
0.310000,0.279217,0.189000,0.109400,0.150000,0.008000,1.000000,0.100503,0.277821,0.000000,0
0.012893,0.247977,0.134000,1.000000,0.300000,0.292000,0.666667,0.348459,0.156959,0.000000,0
0.022573,0.382091,0.170000,1.000000,0.050000,0.000000,1.000000,0.231167,0.042770,0.000000,0
0.551724,0.250760,0.176000,0.084800,0.150000,0.340000,1.000000,0.081536,0.144462,0.000000,0
0.236986,0.226716,0.197000,0.140800,0.300000,0.000000,0.500000,0.308022,0.563162,0.000000,0
0.104545,0.205556,0.804000,1.000000,0.100000,0.131000,1.000000,0.187330,0.137507,0.198000,0
0.115054,0.599128,0.748000,1.000000,0.700000,0.667000,0.333333,0.780637,0.413417,0.504000,1
0.273000,0.419116,0.194000,0.135400,0.300000,0.160000,0.833333,0.239325,0.350993,0.000000,0
0.250538,0.726187,0.571000,1.000000,0.200000,0.246000,0.500000,0.048677,0.302925,0.016000,0
0.338095,0.252546,0.188000,0.111800,0.300000,0.157000,0.500000,0.475407,0.066390,0.000000,0
0.008140,1.000000,0.429000,1.000000,0.750000,0.694000,0.500000,0.431073,0.486820,0.650000,1
0.012336,0.255224,0.213000,1.000000,0.100000,0.472000,0.500000,0.150335,0.607708,0.000000,0
0.219512,0.363580,0.650000,1.000000,0.400000,0.327000,1.000000,0.528530,0.066805,0.078000,0
0.455556,0.267742,0.187000,0.088000,0.400000,0.148000,0.666667,0.092666,0.171356,0.000000,0
0.027124,0.272833,0.203000,1.000000,0.150000,0.277000,1.000000,0.248866,0.081395,0.000000,0
0.510000,0.324846,0.164000,0.100000,0.200000,0.453000,0.333333,0.120655,0.096564,0.000000,0
0.140449,0.234742,0.192000,0.188200,0.150000,0.346000,0.500000,0.413568,0.194813,0.000000,0
0.449398,0.071569,0.185000,0.093200,0.400000,0.415000,0.833333,0.091780,0.362394,0.000000,0
0.512000,0.287633,0.512000,0.961200,0.150000,0.243000,0.500000,0.134482,0.155522,0.000000,0
0.126606,0.139187,0.449000,0.667000,0.350000,0.747000,0.333333,0.584430,0.523452,0.150000,1
0.181967,0.204221,0.198000,0.138600,0.050000,0.305000,1.000000,0.135301,0.468728,0.000000,0
0.101429,0.274055,0.188000,0.667000,0.250000,0.181000,0.833333,0.123587,0.145345,0.000000,0
0.006122,1.000000,0.500000,1.000000,0.150000,0.000000,0.166667,0.550164,0.485703,0.300000,1
0.051943,0.086260,0.157000,1.000000,0.450000,0.256000,1.000000,0.352607,0.108356,0.000000,0
0.018798,0.221036,0.105000,1.000000,0.150000,0.434000,0.500000,0.037440,0.280199,0.000000,0
0.284722,0.298157,0.202000,0.127200,0.550000,0.391000,0.333333,0.260636,0.159589,0.000000,0
0.202703,0.157511,0.217000,0.143200,0.250000,0.405000,0.666667,0.353396,0.297262,0.000000,0
0.288043,0.628830,0.215000,0.132200,0.400000,0.708000,0.500000,0.753200,0.400753,0.150000,1
0.157746,0.201298,0.232000,0.192200,0.200000,0.186000,0.500000,0.215526,0.185541,0.000000,0
0.497436,0.157535,0.192000,0.106600,0.300000,0.426000,1.000000,0.166050,0.401920,0.000000,0
0.267742,0.393636,1.000000,1.000000,0.600000,0.000000,0.500000,0.423713,0.538995,0.350000,1
0.380519,0.201475,0.188000,0.104800,0.250000,0.396000,0.833333,0.194514,0.246990,0.000000,0
0.013941,0.298926,0.135000,1.000000,0.500000,0.457000,1.000000,0.402358,0.281332,0.000000,0
0.013711,0.337700,0.128000,1.000000,0.400000,0.539000,0.666667,0.342971,0.268494,0.150000,0
0.343011,0.372934,0.188000,0.118000,0.350000,0.502000,0.500000,0.389444,0.228886,0.150000,0
0.026689,0.178583,0.285000,1.000000,0.300000,0.435000,0.833333,0.323724,0.102500,0.000000,0
0.416964,0.111167,0.195000,0.103400,0.150000,0.443000,0.500000,0.100191,0.116684,0.000000,0
0.209677,0.109780,0.177000,0.134600,0.300000,0.193000,0.333333,0.189591,0.383999,0.000000,0
0.114563,0.547750,0.686000,1.000000,0.400000,0.393000,0.833333,0.018882,0.220147,0.106000,0
0.024468,0.348522,0.157000,1.000000,0.200000,0.204000,0.666667,0.425640,0.251417,0.000000,0
0.180531,0.290596,0.520000,1.000000,0.450000,0.011000,1.000000,0.327362,0.111350,0.000000,0
0.032258,1.000000,0.400000,0.617800,0.550000,0.000000,0.500000,0.375872,0.673491,0.300000,1
0.013424,0.248623,0.161000,1.000000,0.450000,0.335000,0.833333,0.166648,0.051390,0.000000,0
0.020000,0.164694,0.161000,1.000000,0.100000,0.346000,1.000000,0.075088,0.278811,0.000000,0
0.379085,0.444712,0.193000,0.108600,0.200000,0.000000,0.833333,0.242888,0.145207,0.000000,0
0.555844,0.099681,0.187000,0.080600,0.300000,0.271000,0.500000,0.215192,0.335543,0.000000,0
0.039826,0.217982,0.192000,1.000000,0.150000,0.199000,1.000000,0.334762,0.397012,0.000000,0
0.012500,1.000000,0.667000,1.000000,0.450000,0.610000,0.500000,0.523042,0.535132,0.450000,1
0.033763,0.109329,0.208000,1.000000,0.200000,0.383000,1.000000,0.191155,0.070136,0.000000,0
0.486029,0.221056,0.186000,0.114600,0.100000,0.000000,0.666667,0.167548,0.283455,0.000000,0
0.344248,0.339662,0.416000,1.000000,0.750000,0.820000,0.500000,0.678083,0.475046,0.350000,1
0.466250,0.979361,0.458000,1.000000,0.450000,0.455000,0.333333,0.176650,0.669900,0.000000,1
0.018987,0.010000,0.217000,1.000000,0.450000,0.234000,0.333333,0.059340,0.151773,0.000000,0
0.165833,0.298026,0.211000,0.169400,0.550000,0.097000,0.833333,0.331844,0.182332,0.000000,0
0.375926,0.220049,0.493000,0.994200,0.200000,0.008000,1.000000,0.098753,0.380978,0.000000,0
0.006111,0.123885,0.409000,1.000000,0.350000,0.442000,0.500000,0.417701,0.197159,0.000000,0
0.664912,0.297124,0.369000,0.853600,0.400000,0.593000,0.500000,0.383509,0.468723,0.150000,1
0.137273,1.000000,0.371000,0.493000,0.550000,0.000000,0.333333,0.654891,0.629216,0.000000,1
0.122549,0.407080,0.928000,1.000000,0.250000,0.000000,0.500000,0.090258,0.242762,0.294000,0
0.018923,0.226453,0.161000,1.000000,0.350000,0.000000,0.333333,0.315297,0.110353,0.000000,0
0.008452,0.285222,0.183000,1.000000,0.100000,0.439000,0.666667,0.038740,0.257810,0.000000,0
0.566667,0.271533,0.153000,0.082600,0.400000,0.483000,0.833333,0.309394,0.153659,0.000000,0
0.069906,0.154576,0.251000,0.959600,0.200000,0.289000,0.333333,0.532887,0.574560,0.000000,0
0.017742,1.000000,0.364000,0.847600,0.850000,0.490000,0.333333,0.505061,0.326959,0.500000,1
0.375000,0.812651,0.463000,1.000000,0.650000,0.239000,0.166667,0.562512,0.716556,0.200000,1
0.036455,0.319515,0.174000,1.000000,0.450000,0.206000,1.000000,0.171680,0.276936,0.000000,0
0.054098,0.040000,1.000000,1.000000,0.550000,0.477000,0.166667,0.546450,0.561060,0.350000,1
0.057399,0.172297,0.211000,1.000000,0.100000,0.075000,1.000000,0.087240,0.397679,0.000000,0
0.033592,0.176521,0.142000,1.000000,0.250000,0.283000,0.500000,0.323469,0.188674,0.000000,0
0.035603,0.348783,0.174000,1.000000,0.250000,0.178000,0.500000,0.217435,0.473798,0.000000,0
0.034722,0.183492,0.136000,1.000000,0.450000,0.293000,0.833333,0.290988,0.253999,0.000000,0
0.135955,0.355458,0.463000,1.000000,0.250000,0.000000,0.333333,0.286846,0.226396,0.000000,0
0.490566,0.363860,0.158000,0.080400,0.050000,0.308000,0.666667,0.247853,0.289187,0.000000,0
0.120354,0.180342,0.676000,1.000000,0.050000,0.177000,1.000000,0.170305,0.062566,0.098000,0
0.131858,0.239633,0.926000,1.000000,0.200000,0.295000,0.833333,0.144563,0.461273,0.292000,0
0.517021,0.155335,0.173000,0.089600,0.250000,0.050000,0.333333,0.056446,0.059209,0.000000,0
0.167647,0.165846,0.222000,0.168800,0.450000,0.000000,0.500000,0.134704,0.108983,0.000000,0
0.266667,0.467043,0.625000,1.000000,0.600000,0.171000,0.166667,0.365369,0.523116,0.058000,1
0.308621,0.303874,0.223000,0.107800,0.200000,0.139000,0.833333,0.304946,0.110149,0.000000,0
0.346154,0.326273,0.173000,0.106800,0.250000,0.210000,0.500000,0.139540,0.466145,0.000000,0
0.593182,0.182107,0.559000,0.913800,0.050000,0.122000,0.500000,0.390059,0.142687,0.007000,0
0.255882,0.558092,0.718000,1.000000,0.500000,0.000000,0.333333,0.189757,0.729477,0.131000,1
0.395349,0.393792,0.182000,0.089200,0.100000,0.000000,0.666667,0.078728,0.120453,0.000000,0
0.401980,0.683160,0.433000,1.000000,0.300000,0.371000,0.500000,0.541857,0.549231,0.000000,1
0.395798,0.363811,0.204000,0.107000,0.500000,0.000000,0.833333,0.366055,0.082281,0.000000,0
0.156944,0.255063,0.217000,0.149200,0.250000,0.147000,0.666667,0.316081,0.115155,0.000000,0
0.009609,0.320632,0.333000,1.000000,0.300000,0.296000,0.333333,0.242333,0.173362,0.000000,0
0.311333,0.446338,0.178000,0.119800,0.150000,0.000000,0.833333,0.194602,0.207650,0.000000,0
0.189855,0.104877,0.206000,0.170200,0.300000,0.041000,1.000000,0.272511,0.453931,0.000000,0
0.051399,0.153318,0.208000,1.000000,0.150000,0.187000,0.500000,0.285445,0.232269,0.000000,0
0.081022,0.307303,0.176000,1.000000,0.000000,0.365000,0.500000,0.128573,0.388854,0.000000,0
0.158537,0.270576,0.246000,0.199000,0.150000,0.432000,0.666667,0.048015,0.239744,0.000000,0
0.536232,0.541302,0.411000,0.957400,0.350000,0.000000,0.333333,0.429792,0.580376,0.000000,1
0.123457,0.215412,0.250000,0.191000,0.150000,0.328000,0.500000,0.403763,0.425951,0.000000,0
0.180000,0.544769,0.722000,1.000000,0.550000,0.000000,0.500000,0.745824,0.305770,0.134000,1
0.007500,1.000000,0.500000,1.000000,0.050000,0.398000,0.500000,0.165633,0.163150,0.300000,1
0.434146,0.221827,0.202000,0.109200,0.100000,0.000000,0.833333,0.153675,0.290026,0.000000,0
0.013875,0.460477,0.244000,1.000000,0.250000,0.514000,0.500000,0.193708,0.209797,0.150000,0
0.285915,0.132928,0.192000,0.121400,0.300000,0.163000,1.000000,0.046673,0.171990,0.000000,0
0.065605,0.067679,0.184000,1.000000,0.300000,0.169000,0.500000,0.084247,0.433745,0.000000,0
0.521374,0.081936,0.167000,0.085800,0.250000,0.135000,1.000000,0.144309,0.251504,0.000000,0
0.295385,0.164021,0.214000,0.124800,0.400000,0.169000,0.833333,0.163586,0.046666,0.000000,0
0.054645,0.010000,0.167000,1.000000,0.350000,0.328000,0.333333,0.205289,0.108975,0.000000,0
0.048958,0.147586,0.284000,0.968200,0.300000,0.291000,0.333333,0.331918,0.220390,0.000000,0
0.008889,1.000000,0.500000,1.000000,0.100000,0.000000,0.333333,0.515546,0.609849,0.300000,1
0.272000,0.447279,0.200000,0.136200,0.300000,0.309000,0.500000,0.208397,0.433224,0.000000,0
0.023302,0.297729,0.119000,1.000000,0.300000,0.000000,1.000000,0.259099,0.229548,0.000000,0
0.201389,0.237891,0.221000,0.157400,0.500000,0.000000,0.833333,0.196092,0.101203,0.000000,0
0.430657,0.185638,0.181000,0.099800,0.250000,0.170000,0.666667,0.230743,0.581517,0.000000,0
0.442647,0.152731,0.183000,0.084600,0.350000,0.477000,0.833333,0.132267,0.313396,0.000000,0
0.158000,0.958536,0.456000,0.527400,0.150000,0.617000,0.166667,0.599845,0.223591,0.150000,1
0.253788,0.178745,0.209000,0.144400,0.150000,0.553000,0.500000,0.097551,0.147115,0.150000,0
0.003222,0.336419,0.400000,1.000000,0.400000,0.194000,0.500000,0.241997,0.563315,0.000000,0
0.041841,0.166582,0.200000,1.000000,0.150000,0.049000,0.666667,0.032303,0.319795,0.000000,0
0.440708,0.347304,0.191000,0.118400,0.250000,0.000000,1.000000,0.022320,0.147174,0.000000,0
0.028208,0.283556,0.185000,1.000000,0.500000,0.219000,1.000000,0.185721,0.377882,0.000000,0
0.407353,0.065111,0.177000,0.123800,0.250000,0.181000,0.333333,0.146736,0.113456,0.000000,0
0.017212,0.374940,0.296000,1.000000,0.250000,0.211000,0.333333,0.073325,0.328919,0.000000,0
0.274638,0.149674,0.193000,0.127400,0.200000,0.046000,0.500000,0.343087,0.171318,0.000000,0
0.314035,0.227620,0.218000,0.126200,0.150000,0.094000,0.500000,0.135456,0.281554,0.000000,0
0.021154,1.000000,0.364000,0.815400,0.750000,0.000000,0.500000,0.674398,0.576462,0.500000,1
0.009677,0.164562,0.333000,1.000000,0.350000,0.367000,0.833333,0.226752,0.202382,0.000000,0
0.106098,0.127883,0.908000,1.000000,0.300000,0.320000,0.333333,0.205966,0.501306,0.278000,0
0.225301,0.163880,0.214000,0.155800,0.450000,0.000000,0.666667,0.367415,0.208092,0.000000,0
0.167470,1.000000,0.561000,0.842600,0.400000,0.000000,0.333333,0.535924,0.501992,0.009000,1
0.344444,0.511941,0.188000,0.107200,0.250000,0.214000,0.500000,0.097887,0.042578,0.000000,0
0.394366,0.324513,0.171000,0.116400,0.200000,0.000000,0.833333,0.511638,0.149255,0.000000,0
0.038247,0.305879,0.115000,1.000000,0.250000,0.268000,1.000000,0.170704,0.506318,0.000000,0
0.008647,0.364492,0.304000,1.000000,0.400000,0.251000,0.333333,0.145354,0.336021,0.000000,0
0.548905,0.200254,0.188000,0.098400,0.000000,0.368000,1.000000,0.232787,0.199889,0.000000,0
0.467797,0.128707,0.183000,0.100000,0.150000,0.118000,0.833333,0.168050,0.359083,0.000000,0
0.441304,0.586753,0.527000,0.823000,0.800000,0.000000,0.500000,0.456716,0.424675,0.200000,1
0.128440,0.369249,0.686000,1.000000,0.100000,0.314000,0.833333,0.213899,0.347782,0.106000,0
0.297297,0.264425,0.518000,1.000000,0.300000,0.194000,1.000000,0.180367,0.020007,0.000000,0
0.346512,0.393288,0.201000,0.106800,0.100000,0.502000,1.000000,0.115285,0.390430,0.150000,0
0.232203,0.611078,0.613000,1.000000,0.300000,0.642000,0.166667,0.512691,0.623573,0.199000,1
0.019181,0.106382,0.101000,1.000000,0.600000,0.189000,0.833333,0.256504,0.264114,0.000000,0
0.039389,0.312561,0.211000,1.000000,0.250000,0.147000,1.000000,0.143987,0.355186,0.000000,0
0.296296,0.309019,0.912000,1.000000,0.250000,0.000000,1.000000,0.149176,0.239634,0.282000,0
0.380357,0.256011,0.178000,0.157200,0.200000,0.189000,0.666667,0.260499,0.223487,0.000000,0
0.550000,0.177110,0.189000,0.082800,0.200000,0.339000,0.500000,0.202838,0.083163,0.000000,0
0.237671,0.010000,0.207000,0.132200,0.600000,0.200000,1.000000,0.399383,0.367323,0.000000,0
0.005048,0.188357,0.238000,1.000000,0.100000,0.234000,0.833333,0.103966,0.208505,0.000000,0
0.303279,0.292498,0.195000,0.126400,0.350000,0.285000,0.333333,0.160488,0.405530,0.000000,0
0.012779,0.192241,0.333000,1.000000,0.300000,0.572000,0.333333,0.042066,0.388260,0.150000,0
0.505952,0.048944,0.184000,0.102800,0.400000,0.128000,0.500000,0.488543,0.118449,0.000000,0
0.510000,0.082255,0.186000,0.095000,0.050000,0.085000,0.500000,0.212556,0.044715,0.000000,0
0.467949,0.121230,0.186000,0.120800,0.450000,0.238000,0.833333,0.142284,0.132496,0.000000,0
0.168254,0.290519,0.179000,0.183200,0.100000,0.415000,1.000000,0.279440,0.321735,0.000000,0
0.220408,0.583925,0.639000,1.000000,0.250000,0.652000,0.333333,0.363378,0.665287,0.219000,1
0.045855,0.317588,0.188000,1.000000,0.200000,0.151000,1.000000,0.156398,0.047524,0.000000,0
0.577049,0.256527,0.179000,0.084200,0.400000,0.000000,0.500000,0.069944,0.184879,0.000000,0
0.009302,1.000000,0.750000,1.000000,0.300000,0.000000,0.166667,0.249586,0.444625,0.300000,1
0.014055,0.213456,0.126000,1.000000,0.300000,0.115000,0.500000,0.089312,0.118266,0.000000,0
0.511321,0.298484,0.183000,0.102600,0.100000,0.437000,0.333333,0.231390,0.288292,0.000000,0
0.301667,0.114357,0.801000,1.000000,0.300000,0.318000,0.333333,0.149205,0.238140,0.195000,0
0.148485,0.054413,0.230000,0.173400,0.250000,0.223000,0.833333,0.230611,0.409016,0.000000,0
0.438931,0.272086,0.183000,0.101400,0.100000,0.127000,0.333333,0.323795,0.416668,0.000000,0
0.413953,0.240717,0.152000,0.145800,0.000000,0.443000,0.833333,0.207043,0.301435,0.000000,0
0.070149,0.164882,0.702000,1.000000,0.100000,0.339000,0.833333,0.343650,0.322889,0.118000,0
0.053097,0.246702,0.200000,0.927200,0.200000,0.189000,0.833333,0.288342,0.212534,0.000000,0
0.185294,0.211668,0.889000,1.000000,0.350000,0.250000,0.833333,0.335272,0.204476,0.264000,0
0.006281,0.113839,0.220000,1.000000,0.150000,0.262000,0.333333,0.185645,0.257084,0.000000,0
0.205310,0.010000,0.513000,1.000000,0.150000,0.145000,1.000000,0.665603,0.337227,0.000000,0
0.178846,0.686672,0.559000,0.653000,0.400000,0.199000,0.333333,0.491662,0.562587,0.007000,1
0.163158,0.907296,0.669000,1.000000,0.450000,0.000000,0.500000,0.637338,0.638515,0.093000,1
0.130000,0.195268,0.212000,0.179400,0.150000,0.417000,1.000000,0.184292,0.197177,0.000000,0
0.273077,0.177878,0.202000,0.129000,0.100000,0.143000,0.500000,0.255943,0.360268,0.000000,0
0.747826,0.529899,0.500000,0.816400,0.250000,0.000000,0.333333,0.295368,0.629751,0.000000,1
0.315517,0.439391,0.186000,0.117000,0.300000,0.000000,0.833333,0.527989,0.088453,0.000000,0
0.345882,0.141124,0.197000,0.119800,0.300000,0.243000,0.833333,0.079121,0.427305,0.000000,0
0.141935,0.504464,1.000000,1.000000,0.650000,0.408000,0.166667,0.322121,0.557361,0.550000,1
0.441463,0.043943,0.652000,0.918400,0.000000,0.206000,0.500000,0.145786,0.051415,0.079000,0
0.219048,0.347223,0.210000,0.152400,0.250000,0.253000,0.833333,0.316456,0.225265,0.000000,0
0.526496,0.120616,0.185000,0.096400,0.100000,0.442000,0.833333,0.059330,0.475599,0.000000,0
0.026316,1.000000,0.400000,0.596000,0.250000,0.845000,0.333333,0.571747,0.624646,0.450000,1
0.012958,0.291645,0.264000,1.000000,0.400000,0.000000,0.833333,0.098160,0.116119,0.000000,0
0.414013,0.232384,0.185000,0.112000,0.450000,0.314000,1.000000,0.104181,0.317150,0.000000,0
0.559813,0.275295,0.195000,0.112200,0.250000,0.209000,0.500000,0.109523,0.088146,0.000000,0
0.033407,0.087307,0.245000,1.000000,0.350000,0.249000,0.833333,0.102754,0.241416,0.000000,0
0.017466,0.093798,0.248000,1.000000,0.050000,0.247000,0.833333,0.467176,0.076619,0.000000,0
0.275701,0.351000,0.193000,0.118600,0.050000,0.367000,0.833333,0.361458,0.139346,0.000000,0
0.357407,0.215618,0.202000,0.126600,0.100000,0.014000,0.666667,0.084808,0.244491,0.000000,0
0.454098,0.349775,0.170000,0.086200,0.250000,0.000000,0.666667,0.072752,0.110317,0.000000,0
0.278704,0.236949,0.213000,0.121200,0.350000,0.194000,0.666667,0.110435,0.152644,0.000000,0
0.491453,0.206624,0.188000,0.088200,0.100000,0.243000,0.333333,0.069928,0.125051,0.000000,0
0.292199,0.176153,0.231000,0.137200,0.200000,0.369000,0.666667,0.510605,0.165781,0.000000,0
0.335714,0.093392,0.220000,0.134400,0.550000,0.000000,0.500000,0.110844,0.139139,0.000000,0
0.414865,0.135576,0.197000,0.112200,0.050000,0.504000,0.833333,0.416069,0.319701,0.150000,0
0.322826,0.174407,0.502000,1.000000,0.250000,0.294000,0.666667,0.160009,0.216766,0.000000,0
0.115942,0.139969,0.912000,1.000000,0.150000,0.264000,0.666667,0.485839,0.263997,0.282000,0
0.044105,0.283001,0.198000,1.000000,0.300000,0.626000,0.333333,0.179160,0.255384,0.150000,0
0.566949,0.280991,0.178000,0.101400,0.150000,0.104000,0.666667,0.064893,0.206461,0.000000,0
0.153535,0.933726,0.342000,0.432800,0.600000,0.654000,0.333333,0.708440,0.545765,0.150000,1
0.286957,0.176572,0.201000,0.126400,0.200000,0.304000,1.000000,0.123854,0.137090,0.000000,0
0.282203,0.088167,0.186000,0.105000,0.200000,0.194000,0.500000,0.138245,0.128539,0.000000,0
0.477778,0.352176,0.207000,0.099000,0.300000,0.214000,0.500000,0.305202,0.093659,0.000000,0
0.016418,0.129066,0.280000,1.000000,0.400000,0.261000,1.000000,0.322291,0.297133,0.000000,0
0.797561,1.000000,0.532000,0.885000,0.550000,0.000000,0.333333,0.543619,0.602296,0.000000,1
0.013840,0.325519,0.282000,1.000000,0.100000,0.365000,1.000000,0.089174,0.202488,0.000000,0
0.269697,0.074227,0.208000,0.134200,0.150000,0.191000,1.000000,0.167933,0.311874,0.000000,0
0.028933,0.109002,0.165000,1.000000,0.650000,0.347000,0.500000,0.239814,0.029333,0.200000,0
0.100000,0.388257,1.000000,1.000000,0.550000,0.572000,0.166667,0.437970,0.508472,0.500000,1
0.402727,0.221486,0.199000,0.099600,0.100000,0.328000,0.833333,0.233962,0.159462,0.000000,0
0.350388,0.278355,0.204000,0.102600,0.500000,0.303000,1.000000,0.019461,0.116409,0.000000,0
0.336691,0.273198,0.184000,0.105800,0.300000,0.421000,1.000000,0.327679,0.413472,0.000000,0
0.184722,0.153302,0.203000,0.146800,0.150000,0.350000,0.500000,0.343550,0.193278,0.000000,0
0.335294,0.246225,0.193000,0.120800,0.100000,0.303000,0.833333,0.207381,0.169701,0.000000,0
0.033803,0.080934,0.250000,1.000000,0.250000,0.215000,0.500000,0.399277,0.092363,0.000000,0
0.022368,0.298643,0.242000,1.000000,0.150000,0.171000,0.666667,0.044607,0.206437,0.000000,0
0.388542,0.010000,0.196000,0.103400,0.100000,0.289000,1.000000,0.129762,0.268497,0.000000,0
0.021739,1.000000,0.400000,0.789000,0.350000,0.804000,0.333333,0.178302,0.545814,0.450000,1
0.048305,0.362586,0.171000,0.996400,0.250000,0.560000,0.500000,0.188263,0.278891,0.150000,0
0.482609,0.046499,0.180000,0.109000,0.150000,0.192000,0.333333,0.094611,0.162757,0.000000,0
0.472727,0.520337,0.185000,0.123000,0.300000,0.193000,0.833333,0.026916,0.119233,0.000000,0
0.549515,0.168508,0.161000,0.079600,0.200000,0.291000,0.666667,0.121100,0.173600,0.000000,0
0.494667,0.251178,0.179000,0.088400,0.400000,0.141000,0.500000,0.024619,0.124625,0.000000,0
0.426144,0.128414,0.181000,0.092200,0.200000,0.277000,0.666667,0.067017,0.250914,0.000000,0
0.026168,0.176028,0.186000,1.000000,0.550000,0.359000,0.333333,0.083702,0.330319,0.000000,0
0.267442,0.053287,0.209000,0.116000,0.200000,0.244000,1.000000,0.182004,0.195902,0.000000,0
0.011607,0.010000,0.359000,1.000000,0.450000,0.104000,0.833333,0.271959,0.083012,0.000000,0
0.276316,0.196351,0.200000,0.125200,0.200000,0.199000,0.833333,0.324157,0.406975,0.000000,0
0.500833,0.380273,0.175000,0.102600,0.250000,0.000000,0.833333,0.386367,0.208222,0.000000,0
0.269048,0.254269,0.221000,0.124000,0.050000,0.448000,0.833333,0.266672,0.172753,0.000000,0
0.048426,0.055558,0.220000,1.000000,0.150000,0.456000,0.666667,0.283921,0.360284,0.000000,0
0.422535,0.202811,0.180000,0.107000,0.050000,0.487000,0.833333,0.142705,0.100790,0.000000,0
0.004225,0.136497,0.267000,1.000000,0.350000,0.327000,0.500000,0.230416,0.449478,0.000000,0
0.412245,0.126174,0.188000,0.124600,0.300000,0.184000,0.500000,0.367026,0.335700,0.000000,0
0.222556,0.328280,0.220000,0.141800,0.200000,0.087000,0.833333,0.352911,0.302390,0.000000,0
0.141860,0.366211,0.186000,0.151800,0.350000,0.241000,0.500000,0.034499,0.346677,0.000000,0
0.230769,0.148325,0.211000,0.137200,0.350000,0.309000,0.833333,0.231365,0.201232,0.000000,0
0.566038,0.182445,0.160000,0.082000,0.350000,0.360000,0.500000,0.316957,0.379702,0.000000,0
0.005733,0.218257,0.288000,1.000000,0.450000,0.085000,0.500000,0.227646,0.114795,0.000000,0
0.181633,0.230863,0.210000,0.136000,0.150000,0.086000,1.000000,0.345575,0.051591,0.000000,0
0.008741,0.200820,0.298000,1.000000,0.400000,0.000000,0.666667,0.411946,0.199779,0.000000,0
0.119048,0.118764,0.904000,1.000000,0.250000,0.000000,1.000000,0.245195,0.431326,0.275000,0
0.016549,0.116909,0.160000,1.000000,0.400000,0.311000,0.333333,0.281278,0.047104,0.000000,0
0.047835,0.231173,0.112000,1.000000,0.500000,0.010000,0.500000,0.255880,0.234667,0.000000,0
0.013993,0.274445,0.138000,1.000000,0.500000,0.000000,0.500000,0.486391,0.198541,0.000000,0
0.052137,0.184458,0.238000,0.829600,0.600000,0.392000,0.833333,0.185135,0.189132,0.000000,0
0.436559,0.377887,0.197000,0.113400,0.600000,0.310000,0.333333,0.043680,0.460319,0.000000,0
0.015254,0.084902,0.210000,1.000000,0.200000,0.065000,0.666667,0.238582,0.171231,0.000000,0
0.207500,0.477202,1.000000,1.000000,0.750000,0.000000,0.333333,0.484557,0.281858,0.550000,1
0.027606,0.204998,0.234000,1.000000,0.400000,0.157000,1.000000,0.240770,0.113730,0.000000,0
0.231111,0.317932,0.971000,1.000000,0.200000,0.261000,0.833333,0.318859,0.325443,0.327000,0
0.558696,0.185450,0.171000,0.081000,0.200000,0.276000,0.666667,0.365766,0.431941,0.000000,0
0.145679,0.183439,0.220000,0.186800,0.050000,0.264000,1.000000,0.261284,0.143512,0.000000,0
0.075000,0.285553,0.803000,1.000000,0.300000,0.251000,0.500000,0.115587,0.264434,0.197000,0
0.190476,0.063123,0.190000,0.141600,0.550000,0.000000,1.000000,0.244983,0.301637,0.000000,0
0.015235,0.581279,0.275000,1.000000,0.450000,0.298000,0.333333,0.278940,0.239208,0.000000,0
0.030442,0.218235,0.124000,1.000000,0.500000,0.366000,1.000000,0.225095,0.417117,0.000000,0
0.152222,0.190942,0.606000,0.974200,0.350000,0.454000,0.166667,0.740633,0.531881,0.044000,1
0.265060,0.538430,0.209000,0.121400,0.150000,0.228000,0.333333,0.283911,0.176973,0.000000,0
0.388050,0.290515,0.201000,0.116200,0.400000,0.223000,1.000000,0.189886,0.234796,0.000000,0
0.190698,0.225174,0.585000,0.853400,0.150000,0.125000,0.833333,0.077508,0.073026,0.027000,0
0.003186,0.263396,0.615000,1.000000,0.150000,0.000000,0.500000,0.112544,0.266082,0.051000,0
0.228000,0.010000,0.211000,0.168400,0.150000,0.242000,0.500000,0.169754,0.092992,0.000000,0
0.016129,1.000000,0.400000,0.839000,0.250000,0.519000,0.333333,0.394417,0.755574,0.450000,1
0.476744,0.199454,0.166000,0.140400,0.100000,0.269000,0.666667,0.359020,0.187407,0.000000,0
0.283871,0.126763,0.197000,0.134800,0.250000,0.238000,0.333333,0.221492,0.369108,0.000000,0
0.316854,0.205734,0.174000,0.119000,0.450000,0.041000,0.833333,0.119158,0.050757,0.000000,0
0.355000,0.336764,0.190000,0.103400,0.150000,0.109000,0.666667,0.126692,0.092816,0.000000,0
0.015528,0.535239,0.360000,1.000000,0.250000,0.374000,0.333333,0.267364,0.388471,0.000000,0
0.010775,0.029709,0.270000,1.000000,0.100000,0.064000,0.500000,0.223973,0.088317,0.000000,0
0.485246,0.214810,0.186000,0.103600,0.250000,0.000000,0.500000,0.372304,0.342674,0.000000,0
0.025316,0.326176,0.183000,1.000000,0.150000,0.240000,0.333333,0.040681,0.201587,0.000000,0
0.029630,0.286915,0.844000,1.000000,0.250000,0.407000,1.000000,0.066652,0.235832,0.229000,0
0.557042,0.141702,0.174000,0.081600,0.100000,0.197000,0.833333,0.026244,0.275406,0.000000,0
0.409353,0.110215,0.185000,0.112400,0.600000,0.379000,0.666667,0.364043,0.065558,0.000000,0
0.157746,0.088169,0.232000,0.169200,0.500000,0.122000,1.000000,0.195672,0.156166,0.000000,0
0.030662,0.067028,0.250000,1.000000,0.300000,0.258000,1.000000,0.181462,0.104485,0.000000,0
0.325610,0.010000,0.180000,0.131200,0.450000,0.268000,0.500000,0.083720,0.137691,0.000000,0
0.197101,1.000000,0.596000,1.000000,0.350000,0.711000,0.166667,0.371274,0.398884,0.186000,1
0.104587,0.216727,0.149000,0.661200,0.550000,0.127000,0.333333,0.383672,0.102743,0.000000,0
0.015066,0.102814,0.138000,1.000000,0.050000,0.232000,0.500000,0.326501,0.071639,0.000000,0
0.273770,0.202431,0.204000,0.139400,0.200000,0.000000,1.000000,0.334625,0.261416,0.000000,0
0.471111,0.192550,0.184000,0.124600,0.100000,0.113000,0.333333,0.254157,0.188546,0.000000,0
0.564331,0.280822,0.169000,0.101000,0.050000,0.151000,0.666667,0.200711,0.231360,0.000000,0
0.031122,0.072949,0.155000,1.000000,0.100000,0.000000,1.000000,0.246506,0.139432,0.000000,0
0.448101,0.388139,0.178000,0.124000,0.150000,0.180000,0.500000,0.088430,0.097326,0.000000,0
0.020455,1.000000,0.333000,0.678000,0.250000,0.000000,0.500000,0.420242,0.327716,0.300000,1
0.362069,0.532595,0.533000,1.000000,0.250000,0.250000,0.666667,0.057451,0.315840,0.000000,0
0.157143,0.109866,0.609000,1.000000,0.400000,0.000000,0.333333,0.118566,0.093354,0.046000,0
0.416346,0.084674,0.176000,0.090400,0.200000,0.209000,0.333333,0.293204,0.205715,0.000000,0
0.021575,0.246457,0.183000,1.000000,0.050000,0.066000,0.666667,0.124894,0.051667,0.000000,0
0.232292,0.338868,0.206000,0.144200,0.450000,0.397000,1.000000,0.203287,0.153891,0.000000,0
0.047196,0.063802,0.208000,1.000000,0.400000,0.283000,0.833333,0.227362,0.094441,0.000000,0
0.146809,0.492490,0.812000,1.000000,0.450000,0.127000,0.833333,0.116993,0.486657,0.204000,0
0.017993,0.204570,0.269000,1.000000,0.100000,0.165000,0.500000,0.469040,0.343301,0.000000,0
0.007934,0.215806,0.362000,1.000000,0.250000,0.282000,0.833333,0.082836,0.281599,0.000000,0
0.205405,0.299629,1.000000,1.000000,0.600000,0.423000,0.333333,0.161643,0.252628,0.350000,1
0.288976,0.208396,0.196000,0.126000,0.250000,0.000000,1.000000,0.246683,0.207863,0.000000,0
0.039627,0.112629,0.209000,1.000000,0.150000,0.255000,0.333333,0.392686,0.065398,0.000000,0
0.057426,0.383541,1.000000,1.000000,0.500000,0.417000,0.333333,0.539576,0.542193,0.350000,1
0.435032,0.199345,0.187000,0.105200,0.200000,0.449000,0.666667,0.267309,0.501633,0.000000,0
0.296250,0.416826,0.565000,1.000000,0.600000,0.000000,0.333333,0.514711,0.411393,0.012000,1
0.035647,0.236216,0.159000,1.000000,0.350000,0.311000,0.500000,0.690168,0.224913,0.000000,0
0.192857,0.267534,0.204000,0.142200,0.200000,0.325000,0.833333,0.195089,0.295047,0.000000,0
0.575000,0.111096,0.162000,0.081600,0.100000,0.011000,0.500000,0.316294,0.119740,0.000000,0
0.455639,0.189249,0.180000,0.089200,0.450000,0.314000,0.833333,0.048323,0.215376,0.000000,0
0.008705,0.317817,0.244000,1.000000,0.400000,0.378000,0.333333,0.182839,0.239155,0.000000,0
0.128846,0.180802,0.627000,1.000000,0.550000,0.325000,0.500000,0.118515,0.081267,0.060000,0
0.438356,0.168687,0.194000,0.124000,0.450000,0.001000,1.000000,0.046139,0.468404,0.000000,0
0.486014,0.178066,0.207000,0.119200,0.200000,0.189000,0.666667,0.210346,0.109793,0.000000,0
0.034328,0.281149,0.185000,1.000000,0.400000,0.319000,0.833333,0.370814,0.031830,0.000000,0
0.220000,1.000000,0.636000,0.898800,0.300000,0.653000,0.333333,0.270757,0.373080,0.217000,1
0.026275,0.010000,0.179000,1.000000,0.400000,0.123000,0.666667,0.440289,0.421083,0.000000,0
0.008612,0.254567,0.222000,1.000000,0.100000,0.531000,0.333333,0.191527,0.064505,0.150000,0
0.113866,0.114190,0.162000,0.716000,0.400000,0.075000,0.333333,0.127585,0.498315,0.000000,0
0.437349,0.280845,0.185000,0.094000,0.100000,0.000000,0.833333,0.142469,0.010778,0.000000,0
0.538514,0.010000,0.189000,0.086600,0.500000,0.231000,0.500000,0.164113,0.269844,0.000000,0
0.007810,0.084252,0.180000,1.000000,0.250000,0.000000,0.666667,0.195759,0.069757,0.000000,0
0.111881,0.397577,0.540000,0.904000,0.700000,0.000000,0.166667,0.370551,0.431431,0.200000,1
0.005357,1.000000,0.667000,1.000000,0.500000,0.598000,0.166667,0.325699,0.567630,0.450000,1
0.183333,0.228733,0.682000,1.000000,0.450000,0.133000,1.000000,0.206140,0.110678,0.103000,0
0.428261,0.206816,0.186000,0.101800,0.100000,0.245000,0.500000,0.544421,0.005588,0.000000,0
0.236782,0.725899,0.689000,1.000000,0.300000,0.544000,0.166667,0.524820,0.286396,0.258000,1
0.008186,0.275452,0.568000,1.000000,0.000000,0.000000,0.833333,0.334295,0.097561,0.014000,0
0.227119,0.172704,0.642000,1.000000,0.100000,0.586000,0.666667,0.293976,0.072374,0.222000,0
0.422500,0.208350,0.195000,0.105600,0.200000,0.000000,0.666667,0.098274,0.272569,0.000000,0
0.014501,0.156532,0.216000,1.000000,0.350000,0.210000,0.500000,0.378473,0.469961,0.000000,0
0.532584,0.195244,0.171000,0.103000,0.300000,0.415000,0.666667,0.156177,0.260309,0.000000,0
0.192500,0.371645,0.208000,0.165000,0.100000,0.416000,0.500000,0.192314,0.297461,0.000000,0
0.021527,0.220095,0.217000,1.000000,0.150000,0.122000,0.666667,0.213424,0.358201,0.000000,0
0.399351,0.199026,0.190000,0.110800,0.250000,0.645000,0.500000,0.218280,0.219743,0.150000,0
0.036647,0.128959,0.215000,1.000000,0.450000,0.000000,1.000000,0.147706,0.029839,0.000000,0
0.384000,0.268185,0.190000,0.096000,0.500000,0.000000,0.500000,0.582041,0.503039,0.000000,1
0.337500,0.076165,0.179000,0.111800,0.150000,0.238000,0.500000,0.334700,0.134563,0.000000,0
0.053535,0.346452,0.717000,1.000000,0.400000,0.139000,0.833333,0.190145,0.240368,0.130000,0
0.052231,0.222021,0.171000,1.000000,0.300000,0.360000,0.333333,0.207586,0.127683,0.000000,0
0.031707,1.000000,0.308000,0.614200,0.550000,0.000000,0.166667,0.461668,0.692282,0.300000,1
0.044545,0.108316,0.259000,1.000000,0.300000,0.105000,0.666667,0.072454,0.245452,0.000000,0
0.458065,0.085517,0.958000,1.000000,0.450000,0.022000,0.500000,0.255791,0.203448,0.317000,0
0.453623,0.348824,0.182000,0.085800,0.300000,0.235000,0.333333,0.082080,0.081143,0.000000,0
0.056658,0.065951,0.230000,1.000000,0.100000,0.309000,0.333333,0.315280,0.263766,0.000000,0
0.026073,0.406187,0.197000,1.000000,0.200000,0.000000,1.000000,0.085265,0.222614,0.000000,0
0.253600,0.210922,0.211000,0.139400,0.250000,0.292000,1.000000,0.092078,0.408554,0.000000,0
0.012706,0.346741,0.208000,1.000000,0.200000,0.065000,0.500000,0.085843,0.069101,0.000000,0
0.308475,0.229100,0.184000,0.108600,0.100000,0.000000,1.000000,0.106511,0.391507,0.000000,0
0.091398,0.292212,0.882000,1.000000,0.200000,0.230000,0.666667,0.202679,0.110959,0.258000,0
0.197647,0.236026,0.536000,1.000000,0.600000,0.022000,0.500000,0.505587,0.303357,0.000000,0
0.237143,0.056150,0.534000,1.000000,0.500000,0.402000,0.833333,0.224068,0.060384,0.000000,0
0.180952,0.164251,0.779000,1.000000,0.150000,0.162000,1.000000,0.269331,0.096877,0.178000,0
0.343966,0.207690,0.193000,0.111000,0.700000,0.153000,0.666667,0.296762,0.200473,0.200000,0
0.482558,0.010000,0.176000,0.095200,0.350000,0.299000,0.500000,0.229699,0.050507,0.000000,0
0.269481,0.211678,0.200000,0.132200,0.350000,0.394000,0.666667,0.356967,0.827548,0.000000,0
0.200000,0.020000,0.218000,0.149000,0.400000,0.335000,0.500000,0.385136,0.656799,0.000000,1
0.175472,0.325871,0.226000,0.134600,0.650000,0.000000,0.166667,0.577648,0.596232,0.200000,1
0.139604,0.332766,0.227000,0.165200,0.300000,0.530000,1.000000,0.422215,0.138315,0.150000,0
0.012416,0.304320,0.293000,1.000000,0.350000,0.489000,0.833333,0.268794,0.150354,0.000000,0
0.505645,0.374939,0.175000,0.094800,0.150000,0.157000,0.666667,0.037139,0.206351,0.000000,0
0.128319,0.954767,1.000000,1.000000,0.750000,0.913000,0.333333,0.730205,0.466999,0.700000,1
0.046463,0.297528,0.160000,1.000000,0.250000,0.000000,0.666667,0.182411,0.288634,0.000000,0
0.257576,0.363117,0.206000,0.135800,0.200000,0.006000,0.333333,0.072209,0.290834,0.000000,0
0.216667,0.225613,0.212000,0.143200,0.100000,0.290000,0.833333,0.442969,0.265995,0.000000,0
0.573529,0.155984,0.162000,0.089400,0.200000,0.007000,0.833333,0.265233,0.031320,0.000000,0
0.206897,0.205168,0.212000,0.133600,0.050000,0.344000,1.000000,0.319604,0.339154,0.000000,0
0.037530,0.173108,0.158000,1.000000,0.400000,0.000000,0.333333,0.434443,0.705390,0.000000,0
0.318493,0.307710,0.202000,0.134800,0.450000,0.094000,1.000000,0.395063,0.204081,0.000000,0
0.402632,0.180565,0.196000,0.099600,0.200000,0.116000,1.000000,0.294934,0.112356,0.000000,0
0.285714,0.086266,0.750000,1.000000,0.500000,0.115000,0.500000,0.153580,0.146097,0.156000,0
0.345714,0.010000,0.190000,0.131800,0.550000,0.000000,0.500000,0.084909,0.129772,0.000000,0
0.024954,0.268768,0.263000,1.000000,0.450000,0.000000,0.666667,0.340178,0.165231,0.000000,0
0.082182,0.235661,0.204000,0.897600,0.250000,0.277000,1.000000,0.377189,0.033710,0.000000,0
0.038730,0.324625,0.156000,1.000000,0.250000,0.144000,1.000000,0.218503,0.212113,0.000000,0
0.108081,0.031773,0.654000,1.000000,0.200000,0.199000,1.000000,0.127293,0.127975,0.081000,0
0.177778,0.382609,1.000000,1.000000,0.550000,0.757000,0.333333,0.436710,0.504411,0.500000,1
0.190826,0.138503,0.226000,0.141000,0.250000,0.186000,0.666667,0.035333,0.203735,0.000000,0
0.017288,0.010000,0.157000,1.000000,0.250000,0.526000,0.833333,0.063133,0.251982,0.150000,0
0.497619,0.121074,0.194000,0.111200,0.650000,0.143000,0.666667,0.068970,0.296859,0.200000,0
0.131193,0.139118,0.622000,1.000000,0.350000,0.010000,0.333333,0.258403,0.543399,0.056000,0
0.160938,0.284594,0.175000,0.175200,0.750000,0.000000,0.833333,0.249160,0.156731,0.200000,0
0.431169,0.633182,0.536000,1.000000,0.600000,0.000000,0.333333,0.759091,0.627783,0.000000,1
0.456061,0.423429,0.193000,0.105600,0.300000,0.212000,0.666667,0.122663,0.423592,0.000000,0
0.130909,0.537469,0.556000,0.691200,0.350000,0.507000,0.333333,0.369705,0.066110,0.155000,1
0.465217,0.280729,0.187000,0.098800,0.150000,0.374000,0.666667,0.127770,0.062091,0.000000,0
0.076190,0.158142,0.812000,1.000000,0.700000,0.144000,0.333333,0.097715,0.503928,0.404000,0
0.346552,0.404008,0.627000,1.000000,0.350000,0.211000,0.500000,0.046127,0.332335,0.060000,0
0.257143,0.849451,0.480000,1.000000,0.500000,0.942000,0.333333,0.433103,0.499880,0.150000,1
0.561688,0.398949,0.169000,0.095600,0.100000,0.364000,0.500000,0.187646,0.239259,0.000000,0
0.008209,0.140375,0.273000,1.000000,0.100000,0.248000,0.333333,0.167534,0.164997,0.000000,0
0.323932,0.069687,0.187000,0.110800,0.050000,0.000000,0.666667,0.340745,0.128838,0.000000,0
0.332258,0.277307,0.214000,0.142200,0.250000,0.227000,0.833333,0.094073,0.144612,0.000000,0
0.407317,0.137190,0.186000,0.120800,0.150000,0.276000,0.500000,0.213453,0.166806,0.000000,0
0.255102,0.217802,0.213000,0.145800,0.350000,0.106000,0.333333,0.428593,0.283859,0.000000,0
0.200000,0.245150,0.182000,0.146600,0.050000,0.238000,0.333333,0.558151,0.381293,0.000000,0
0.067647,0.131047,0.696000,1.000000,0.550000,0.177000,0.500000,0.050553,0.206288,0.114000,0
0.267742,0.159841,0.711000,0.730200,0.350000,0.585000,0.166667,0.504264,0.340150,0.275000,1
0.012500,1.000000,0.400000,1.000000,0.200000,0.699000,0.500000,0.140400,0.435521,0.450000,1
0.068392,0.251227,0.223000,0.969000,0.050000,0.383000,0.333333,0.130748,0.022476,0.000000,0
0.042748,0.242951,0.241000,1.000000,0.050000,0.226000,1.000000,0.220281,0.446069,0.000000,0
0.384821,0.139076,0.183000,0.115600,0.200000,0.355000,0.333333,0.231992,0.054164,0.000000,0
0.487500,0.154939,0.162000,0.107200,0.300000,0.190000,0.666667,0.106787,0.144989,0.000000,0
0.297590,0.081253,0.559000,1.000000,0.550000,0.000000,0.666667,0.365300,0.141634,0.007000,0
0.573611,0.151525,0.191000,0.098000,0.200000,0.000000,1.000000,0.349801,0.319128,0.000000,0
0.416154,0.024071,0.183000,0.114000,0.400000,0.000000,0.333333,0.241598,0.023841,0.000000,0
0.051880,0.264245,0.109000,0.897000,0.100000,0.074000,0.333333,0.296625,0.081938,0.000000,0
0.141237,0.015644,0.584000,1.000000,0.250000,0.386000,0.666667,0.113214,0.111964,0.026000,0
0.480000,0.139725,0.199000,0.126800,0.100000,0.163000,1.000000,0.152247,0.352732,0.000000,0
0.249558,0.187832,0.199000,0.127200,0.200000,0.563000,0.500000,0.608302,0.588102,0.150000,1
0.280769,0.104172,0.527000,0.944400,0.150000,0.019000,0.666667,0.213959,0.198549,0.000000,0
0.128070,0.211784,0.945000,1.000000,0.250000,0.152000,1.000000,0.268617,0.034822,0.307000,0
0.404636,0.255372,0.180000,0.096600,0.050000,0.000000,0.500000,0.414489,0.144959,0.000000,0
0.144928,0.403343,0.590000,1.000000,0.050000,0.359000,0.833333,0.171700,0.507315,0.031000,0
0.156863,0.202697,0.200000,0.199200,0.100000,0.059000,0.333333,0.389792,0.469290,0.000000,0
0.122222,0.367563,0.216000,0.173000,0.550000,0.713000,0.166667,0.431355,0.228205,0.150000,1
0.303378,0.092179,0.200000,0.115000,0.150000,0.000000,0.333333,0.354049,0.367420,0.000000,0
0.275556,0.341696,0.194000,0.133600,0.250000,0.274000,0.500000,0.394279,0.056341,0.000000,0
0.518797,0.139338,0.171000,0.089400,0.300000,0.110000,0.833333,0.245983,0.089901,0.000000,0
0.448000,0.184144,0.210000,0.146800,0.300000,0.196000,0.666667,0.086598,0.173561,0.000000,0
0.481667,0.127250,0.211000,0.118200,0.250000,0.063000,0.666667,0.157602,0.519690,0.000000,0
0.461176,0.069505,0.194000,0.110800,0.050000,0.234000,1.000000,0.173975,0.216118,0.000000,0
0.272340,0.318120,0.195000,0.129200,0.050000,0.230000,0.666667,0.062214,0.088897,0.000000,0
0.114286,0.245258,0.950000,1.000000,0.200000,0.474000,0.333333,0.452320,0.228451,0.311000,0
0.134259,0.291472,0.648000,1.000000,0.800000,0.000000,0.333333,0.861317,0.653843,0.276000,1
0.220000,0.377200,0.894000,0.961400,0.100000,0.223000,0.333333,0.203094,0.096270,0.268000,0
0.019575,0.293796,0.139000,1.000000,0.050000,0.356000,0.666667,0.184328,0.265198,0.000000,0
0.431429,0.253494,0.171000,0.093800,0.200000,0.305000,0.500000,0.279246,0.044907,0.000000,0
0.422727,0.425774,0.495000,0.891200,0.100000,0.097000,1.000000,0.377343,0.380874,0.000000,0
0.417834,0.387782,0.181000,0.096800,0.250000,0.282000,0.500000,0.444452,0.438938,0.000000,0
0.073636,0.074482,0.519000,1.000000,0.300000,0.316000,1.000000,0.071123,0.124021,0.000000,0
0.250000,0.173538,0.487000,0.896400,0.350000,0.092000,0.666667,0.114109,0.225902,0.000000,0
0.553913,0.086329,0.195000,0.094400,0.300000,0.191000,0.500000,0.276475,0.108517,0.000000,0
0.110909,0.285652,0.197000,0.192000,0.250000,0.949000,0.500000,0.669082,0.399210,0.150000,1
0.368085,0.119135,0.173000,0.115000,0.400000,0.130000,0.666667,0.224898,0.170641,0.000000,0
0.397959,0.220664,0.195000,0.152800,0.050000,0.369000,0.500000,0.112787,0.175523,0.000000,0
0.233333,0.314470,0.896000,1.000000,0.200000,0.405000,0.333333,0.066166,0.472941,0.269000,0
0.317197,0.290276,0.199000,0.127200,0.150000,0.273000,0.500000,0.117596,0.362985,0.000000,0
0.022568,0.187600,0.124000,1.000000,0.050000,0.108000,0.500000,0.242332,0.205834,0.000000,0
0.404286,0.042391,0.205000,0.105200,0.400000,0.391000,0.500000,0.093556,0.311751,0.000000,0
0.015795,0.185925,0.275000,1.000000,0.150000,0.198000,0.833333,0.206512,0.470288,0.000000,0
0.387500,0.381449,0.208000,0.121400,0.450000,0.013000,0.833333,0.243801,0.143541,0.000000,0
0.435185,0.210233,0.157000,0.142600,0.450000,0.095000,0.833333,0.242582,0.204034,0.000000,0
0.390196,0.184820,0.462000,0.908600,0.450000,0.000000,0.333333,0.248277,0.528723,0.000000,0
0.038083,0.017917,0.143000,1.000000,0.250000,0.000000,0.833333,0.094506,0.083125,0.000000,0
0.348148,0.354021,0.191000,0.107800,0.250000,0.020000,0.500000,0.072574,0.189919,0.000000,0
0.379381,0.497756,0.201000,0.103800,0.400000,0.375000,0.333333,0.507088,0.666453,0.000000,1
0.270000,0.208653,0.532000,1.000000,0.200000,0.229000,0.833333,0.293742,0.581938,0.000000,0
0.305051,0.266954,0.199000,0.128600,0.350000,0.238000,1.000000,0.206955,0.352506,0.000000,0
0.226582,0.291208,0.207000,0.136000,0.250000,0.000000,0.333333,0.203237,0.359867,0.000000,0
0.212903,0.335866,0.227000,0.164800,0.250000,0.123000,0.666667,0.138875,0.100174,0.000000,0
0.135211,0.222839,0.260000,0.216600,0.050000,0.174000,0.333333,0.148327,0.119598,0.000000,0
0.260000,0.010000,0.215000,0.156200,0.250000,0.077000,1.000000,0.398995,0.067117,0.000000,0
0.315385,0.103088,0.585000,1.000000,0.300000,0.000000,0.500000,0.433045,0.149100,0.027000,0
0.268750,0.338535,0.209000,0.149800,0.300000,0.253000,0.666667,0.185147,0.194312,0.000000,0
0.411765,0.236930,0.189000,0.094800,0.400000,0.000000,0.333333,0.322429,0.170505,0.000000,0
0.502190,0.088652,0.185000,0.099000,0.350000,0.200000,0.833333,0.241764,0.051808,0.000000,0
0.022237,0.264588,0.133000,1.000000,0.200000,0.215000,0.666667,0.146472,0.343518,0.000000,0
0.602632,0.442572,0.184000,0.092200,0.250000,0.000000,0.666667,0.155117,0.313099,0.000000,0
0.365753,0.160313,0.187000,0.102800,0.200000,0.409000,0.333333,0.289829,0.306681,0.000000,0
0.116667,0.878888,1.000000,1.000000,0.400000,0.589000,0.333333,0.322891,0.558209,0.500000,1
0.261392,0.127280,0.206000,0.130800,0.600000,0.100000,0.500000,0.131778,0.322419,0.000000,0
0.268605,0.300074,0.208000,0.152800,0.100000,0.018000,1.000000,0.094541,0.066685,0.000000,0
0.511852,0.051423,0.177000,0.091200,0.150000,0.487000,0.333333,0.456983,0.267547,0.000000,0
0.244068,0.156866,0.222000,0.145800,0.250000,0.210000,0.833333,0.107442,0.099590,0.000000,0
0.005000,1.000000,0.750000,1.000000,0.400000,0.992000,0.500000,0.687633,0.424907,0.450000,1
0.225714,0.644537,0.614000,0.866000,0.600000,0.584000,0.333333,0.675706,0.630211,0.200000,1
0.120721,0.642772,0.567000,1.000000,0.350000,0.100000,0.166667,0.689277,0.440492,0.013000,1
0.287097,0.307318,0.225000,0.147400,0.400000,0.271000,0.666667,0.027747,0.428695,0.000000,0
0.291045,0.364521,0.215000,0.149200,0.050000,0.287000,0.333333,0.144909,0.140267,0.000000,0
0.307500,0.133047,0.927000,1.000000,0.200000,0.342000,1.000000,0.221348,0.085683,0.293000,0
0.513636,0.220855,0.177000,0.093400,0.350000,0.046000,0.666667,0.054918,0.068050,0.000000,0
0.532450,0.020221,0.172000,0.089200,0.150000,0.000000,1.000000,0.049546,0.261380,0.000000,0
0.172174,0.361583,0.707000,1.000000,0.100000,0.797000,0.500000,0.776096,0.305609,0.272000,1
0.530159,0.358281,0.174000,0.107200,0.400000,0.223000,0.833333,0.128969,0.237744,0.000000,0
0.033811,0.150898,0.225000,1.000000,0.350000,0.304000,0.666667,0.238558,0.320709,0.000000,0
0.444118,0.271479,0.927000,1.000000,0.400000,0.352000,0.666667,0.179567,0.252491,0.293000,0
0.055670,0.155659,0.154000,1.000000,0.400000,0.125000,0.833333,0.338046,0.277651,0.000000,0
0.239344,0.153605,0.233000,0.156800,0.300000,0.252000,0.500000,0.410350,0.333940,0.000000,0
0.267442,0.422417,0.217000,0.125600,0.250000,0.364000,0.666667,0.052387,0.053097,0.000000,0
0.030642,0.078350,0.141000,1.000000,0.200000,0.141000,0.833333,0.115003,0.385259,0.000000,0
0.269925,0.116870,0.214000,0.127200,0.300000,0.179000,0.500000,0.290398,0.269642,0.000000,0
0.019048,0.250499,0.237000,1.000000,0.200000,0.280000,0.500000,0.120783,0.277844,0.000000,0
0.035714,0.110352,0.290000,1.000000,0.300000,0.403000,0.833333,0.329143,0.085823,0.000000,0
0.330579,0.279468,0.203000,0.127000,0.050000,0.000000,1.000000,0.127244,0.186560,0.000000,0
0.401961,0.544062,0.195000,0.143600,0.050000,0.376000,1.000000,0.278485,0.192466,0.000000,0
0.193396,0.047453,0.229000,0.156400,0.150000,0.186000,0.666667,0.122710,0.263241,0.000000,0
0.791176,0.111379,0.517000,0.768000,0.150000,0.193000,0.333333,0.251675,0.307743,0.000000,0
0.532941,0.128442,0.166000,0.082800,0.300000,0.264000,0.333333,0.405751,0.051799,0.000000,0
0.476522,0.218033,0.177000,0.099600,0.150000,0.000000,0.666667,0.215287,0.406782,0.000000,0
0.177632,0.223785,0.948000,1.000000,0.250000,0.244000,0.333333,0.345846,0.166501,0.310000,0
0.223009,0.014741,0.190000,0.127400,0.050000,0.000000,0.666667,0.264925,0.138772,0.000000,0
0.195652,0.222999,0.213000,0.147200,0.200000,0.238000,0.333333,0.218479,0.157339,0.000000,0
0.016088,0.282945,0.158000,1.000000,0.500000,0.385000,0.833333,0.055835,0.182303,0.000000,0
0.221277,0.077688,0.212000,0.166600,0.100000,0.387000,0.666667,0.228162,0.426807,0.000000,0
0.225962,0.657477,0.600000,1.000000,0.200000,0.314000,0.500000,0.543502,0.495210,0.039000,1
0.350000,0.112964,0.175000,0.098600,0.250000,0.000000,0.500000,0.551804,0.292820,0.000000,1
0.358503,0.284946,0.182000,0.102400,0.400000,0.172000,1.000000,0.452310,0.120092,0.000000,0
0.347273,0.234861,0.644000,1.000000,0.350000,0.174000,0.333333,0.138752,0.158221,0.073000,0
0.332704,0.137248,0.202000,0.099800,0.250000,0.195000,1.000000,0.269283,0.190411,0.000000,0
0.038220,0.422704,0.212000,1.000000,0.200000,0.275000,0.333333,0.183748,0.358471,0.000000,0
0.494521,0.049483,0.180000,0.123000,0.200000,0.000000,1.000000,0.147324,0.108797,0.000000,0
0.195833,0.058315,0.202000,0.145800,0.100000,0.349000,0.666667,0.083864,0.522445,0.000000,0
0.014502,0.198550,0.198000,1.000000,0.200000,0.394000,1.000000,0.308754,0.264120,0.000000,0
0.139806,0.564456,0.611000,1.000000,0.600000,0.000000,0.333333,0.684277,0.355807,0.047000,1
0.558333,0.257514,0.167000,0.075400,0.250000,0.215000,0.333333,0.292055,0.295089,0.000000,0
0.235593,0.112608,0.194000,0.128600,0.150000,0.129000,0.833333,0.128997,0.248239,0.000000,0
0.511806,0.373286,0.168000,0.097200,0.250000,0.284000,0.666667,0.118090,0.341681,0.000000,0
0.277119,0.320042,0.217000,0.124000,0.250000,0.223000,0.333333,0.525674,0.268495,0.000000,0
0.464286,0.395827,0.549000,0.898800,0.600000,0.351000,0.500000,0.322392,0.490288,0.000000,1
0.753846,0.309238,0.473000,0.742200,0.650000,0.000000,0.500000,0.219756,0.660075,0.200000,1
0.091304,0.060000,0.400000,0.602200,0.350000,0.565000,0.166667,0.617977,0.654164,0.150000,1
0.122222,0.031543,0.922000,1.000000,0.100000,0.204000,0.833333,0.302090,0.178733,0.289000,0
0.025798,0.249514,0.210000,1.000000,0.350000,0.000000,0.333333,0.080761,0.131497,0.000000,0
0.008302,0.326567,0.209000,1.000000,0.350000,0.188000,0.500000,0.174753,0.129689,0.000000,0
0.530233,0.219601,0.174000,0.091000,0.150000,0.471000,0.833333,0.325933,0.244219,0.000000,0
0.455172,0.230750,0.177000,0.103800,0.350000,0.180000,0.666667,0.192232,0.303811,0.000000,0
0.369307,0.182110,0.174000,0.082600,0.600000,0.328000,0.333333,0.215005,0.133162,0.000000,0
0.537363,0.259250,0.170000,0.089800,0.200000,0.055000,0.833333,0.266770,0.601745,0.000000,0
0.313750,0.065235,0.179000,0.114800,0.250000,0.317000,1.000000,0.176692,0.382131,0.000000,0
0.020444,0.350390,0.136000,1.000000,0.350000,0.357000,0.333333,0.028919,0.360620,0.000000,0
0.013054,0.010000,0.184000,1.000000,0.350000,0.159000,0.500000,0.157207,0.286134,0.000000,0
0.494161,0.010000,0.189000,0.100200,0.250000,0.265000,0.333333,0.233394,0.187335,0.000000,0
0.248201,0.287200,0.203000,0.120800,0.350000,0.107000,0.666667,0.288173,0.239708,0.000000,0
0.462121,0.080884,0.182000,0.106800,0.200000,0.000000,0.666667,0.214987,0.225469,0.000000,0
0.226316,0.157850,0.201000,0.126600,0.400000,0.357000,0.500000,0.244767,0.252238,0.000000,0
0.324444,0.258401,0.705000,0.999000,0.500000,0.437000,0.500000,0.222366,0.391864,0.121000,0
0.024043,0.177261,0.140000,1.000000,0.650000,0.258000,0.333333,0.509721,0.181977,0.200000,0
0.166667,0.130821,0.211000,0.176600,0.250000,0.000000,0.333333,0.118013,0.254839,0.000000,0
0.009415,0.312561,0.273000,1.000000,0.050000,0.122000,1.000000,0.348179,0.277911,0.000000,0
0.076569,0.258758,0.186000,0.756200,0.050000,0.201000,0.333333,0.071084,0.163392,0.000000,0
0.374576,0.016188,0.195000,0.100000,0.250000,0.130000,0.500000,0.360992,0.464125,0.000000,0
0.246000,0.103773,0.224000,0.143800,0.550000,0.237000,0.333333,0.712072,0.018869,0.000000,0
0.172903,0.129474,0.201000,0.140400,0.050000,0.270000,0.666667,0.218691,0.140856,0.000000,0
0.246154,0.423917,1.000000,1.000000,0.250000,0.053000,0.500000,0.609315,0.402715,0.350000,1
0.222680,0.348647,0.218000,0.137400,0.350000,0.671000,0.333333,0.076731,0.074650,0.150000,0
0.452586,0.010000,0.185000,0.110200,0.250000,0.253000,0.500000,0.126848,0.127331,0.000000,0
0.251974,0.439065,0.198000,0.137800,0.100000,0.245000,0.833333,0.066604,0.232377,0.000000,0
0.186207,0.200570,0.222000,0.168600,0.450000,0.113000,0.833333,0.148179,0.237632,0.000000,0
0.005398,0.223863,0.500000,1.000000,0.350000,0.297000,0.833333,0.177578,0.111665,0.000000,0
0.352893,0.353493,0.197000,0.103000,0.400000,0.000000,1.000000,0.123430,0.357596,0.000000,0
0.189362,1.000000,0.742000,0.954400,0.400000,0.553000,0.166667,0.601903,0.530430,0.299000,1
0.136842,0.839968,0.615000,1.000000,0.500000,0.476000,0.166667,0.344888,0.262079,0.051000,1
0.074000,0.270611,0.865000,1.000000,0.150000,0.262000,0.500000,0.342396,0.155883,0.245000,0
0.260656,0.116835,0.201000,0.151800,0.050000,0.470000,0.666667,0.167888,0.360184,0.000000,0
0.021309,0.299360,0.170000,1.000000,0.300000,0.000000,0.500000,0.249926,0.185717,0.000000,0
0.140367,0.062779,0.529000,1.000000,0.350000,0.267000,1.000000,0.099396,0.386261,0.000000,0
0.023333,1.000000,0.429000,0.613400,0.350000,0.412000,0.166667,0.145544,0.310054,0.300000,1
0.261905,0.418520,0.200000,0.135400,0.100000,0.224000,0.833333,0.166415,0.339543,0.000000,0
0.475309,0.387777,0.203000,0.109400,0.350000,0.174000,0.833333,0.174576,0.110693,0.000000,0
0.115385,0.939097,0.524000,1.000000,0.450000,0.000000,0.166667,0.253617,0.542171,0.000000,1
0.172093,0.423856,0.959000,1.000000,0.150000,0.085000,0.833333,0.257925,0.358244,0.318000,0
0.240909,1.000000,0.840000,1.000000,0.450000,0.000000,0.333333,0.177577,0.316749,0.226000,1
0.173864,0.010000,0.693000,1.000000,0.200000,0.216000,0.333333,0.268182,0.407689,0.111000,0
0.330597,0.132808,0.192000,0.117800,0.150000,0.277000,0.666667,0.651878,0.085467,0.000000,0
0.121429,0.823625,0.716000,1.000000,0.450000,0.559000,0.166667,0.845357,0.408023,0.279000,1
0.047044,0.355683,0.120000,1.000000,0.100000,0.111000,0.833333,0.247468,0.178619,0.000000,0
0.109442,0.222227,0.227000,0.813000,0.150000,0.136000,0.333333,0.313528,0.408028,0.000000,0
0.004381,0.399369,0.400000,1.000000,0.450000,0.092000,0.500000,0.157533,0.094521,0.000000,0
0.047585,0.030802,0.152000,0.904000,0.150000,0.101000,0.333333,0.439584,0.278679,0.000000,0
0.062069,0.239418,0.179000,1.000000,0.250000,0.000000,0.333333,0.027914,0.374787,0.000000,0
0.015663,1.000000,0.308000,0.960600,0.250000,0.594000,0.333333,0.549909,0.386479,0.450000,1
0.333036,0.253801,0.193000,0.125800,0.050000,0.065000,1.000000,0.109406,0.238710,0.000000,0
0.031098,0.010000,0.242000,1.000000,0.100000,0.309000,0.666667,0.136465,0.115932,0.000000,0
0.525373,0.228187,0.172000,0.086000,0.250000,0.286000,0.833333,0.216500,0.539684,0.000000,0
0.240260,0.208426,0.232000,0.146600,0.300000,0.341000,0.666667,0.177956,0.340837,0.000000,0
0.090598,0.054324,0.566000,1.000000,0.200000,0.000000,0.666667,0.102218,0.113903,0.012000,0
0.184028,0.010000,0.196000,0.137200,0.150000,0.216000,0.333333,0.356851,0.198785,0.000000,0
0.373381,0.244789,0.200000,0.114400,0.250000,0.435000,1.000000,0.471408,0.054545,0.000000,0
0.018615,0.290148,0.149000,1.000000,0.300000,0.036000,0.833333,0.184104,0.013132,0.000000,0
0.552667,0.520610,0.188000,0.100600,0.350000,0.097000,0.500000,0.205296,0.212622,0.000000,0
0.178049,0.415192,0.247000,0.143600,0.250000,0.521000,0.166667,0.474720,0.554800,0.150000,1
0.351020,0.286392,0.198000,0.105600,0.450000,0.157000,0.500000,0.534629,0.336349,0.000000,0
0.415116,0.300139,0.199000,0.118800,0.150000,0.245000,0.500000,0.167616,0.203197,0.000000,0
0.028682,0.013598,0.142000,1.000000,0.250000,0.207000,0.666667,0.073942,0.201722,0.000000,0
0.004237,1.000000,0.600000,1.000000,0.600000,0.763000,0.333333,0.495226,0.752474,0.450000,1
0.038689,0.382092,0.137000,1.000000,0.150000,0.023000,1.000000,0.363008,0.361688,0.000000,0
0.298276,0.215560,0.208000,0.143400,0.050000,0.262000,0.833333,0.214815,0.532565,0.000000,0
0.470000,0.679989,0.732000,1.000000,0.450000,0.823000,0.166667,0.777218,0.687676,0.292000,1
0.248864,0.150435,0.215000,0.126400,0.650000,0.000000,0.166667,0.493314,0.245092,0.200000,1
0.015686,1.000000,0.500000,0.990000,0.450000,0.000000,0.333333,0.588922,0.189832,0.300000,1
0.123762,0.221217,0.696000,1.000000,0.350000,0.000000,0.500000,0.095100,0.085251,0.114000,0
0.072590,0.350121,0.183000,0.839000,0.000000,0.399000,0.666667,0.595667,0.501818,0.000000,0
0.061754,0.285363,0.199000,0.835200,0.250000,0.024000,1.000000,0.376045,0.245629,0.000000,0
0.004461,0.349514,0.488000,1.000000,0.150000,0.297000,0.666667,0.461563,0.029700,0.000000,0
0.337288,0.223422,0.201000,0.116000,0.450000,0.341000,0.500000,0.239492,0.179627,0.000000,0
0.021281,0.131142,0.226000,1.000000,0.400000,0.176000,0.500000,0.137024,0.071217,0.000000,0
0.233945,0.234511,0.506000,1.000000,0.150000,0.320000,0.500000,0.088589,0.137228,0.000000,0
0.070270,0.353939,0.949000,1.000000,0.450000,0.212000,0.833333,0.163201,0.234805,0.310000,0
0.285915,0.262917,0.202000,0.103200,0.400000,0.484000,0.333333,0.144732,0.461404,0.000000,0
0.364706,0.140830,0.169000,0.088800,0.300000,0.041000,0.833333,0.106162,0.075780,0.000000,0
0.014264,0.250208,0.177000,1.000000,0.100000,0.442000,0.500000,0.122089,0.246426,0.000000,0
0.075862,0.375298,0.879000,1.000000,0.250000,0.350000,0.666667,0.164930,0.091465,0.256000,0
0.575410,0.146004,0.188000,0.089400,0.200000,0.094000,1.000000,0.137494,0.162938,0.000000,0
0.051597,0.327056,0.167000,0.917800,0.250000,0.255000,0.833333,0.280649,0.277364,0.000000,0
0.393023,0.359084,0.186000,0.099600,0.050000,0.197000,0.333333,0.236997,0.112613,0.000000,0
0.154054,0.225405,0.696000,1.000000,0.350000,0.141000,0.833333,0.158554,0.026173,0.114000,0
0.632075,0.196353,0.519000,0.881800,0.700000,0.391000,0.333333,0.431534,0.437311,0.200000,1
0.505691,0.159256,0.185000,0.093000,0.100000,0.087000,1.000000,0.098112,0.505239,0.000000,0
0.028143,0.372987,0.178000,1.000000,0.150000,0.259000,0.833333,0.395214,0.139857,0.000000,0
0.459854,0.324291,0.184000,0.093600,0.500000,0.137000,0.666667,0.061538,0.255225,0.000000,0
0.207059,0.299287,0.676000,1.000000,0.050000,0.137000,0.500000,0.231409,0.202247,0.098000,0
0.031362,0.185369,0.224000,1.000000,0.200000,0.322000,0.833333,0.198951,0.439761,0.000000,0
0.026646,0.235601,0.196000,1.000000,0.400000,0.282000,0.833333,0.403138,0.288749,0.000000,0
0.386441,0.253983,0.186000,0.098400,0.350000,0.000000,0.500000,0.540890,0.460736,0.000000,1
0.150704,0.344829,0.206000,0.178000,0.150000,0.088000,0.500000,0.043184,0.269056,0.000000,0
0.472549,0.457704,0.573000,0.919000,0.400000,0.000000,0.166667,0.495741,0.449009,0.018000,1
0.020903,0.150867,0.239000,1.000000,0.600000,0.229000,0.500000,0.137993,0.132403,0.000000,0
0.291667,0.265558,0.196000,0.116000,0.050000,0.000000,1.000000,0.479808,0.268187,0.000000,0
0.015625,1.000000,0.400000,0.853200,0.250000,0.454000,0.166667,0.709524,0.260355,0.300000,1
0.537179,0.323017,0.167000,0.094800,0.250000,0.234000,0.833333,0.301015,0.267848,0.000000,0
0.004731,0.034417,0.361000,1.000000,0.300000,0.116000,0.833333,0.312166,0.344826,0.000000,0
0.419872,0.395370,0.186000,0.089600,0.250000,0.297000,0.500000,0.177470,0.201235,0.000000,0
0.281818,0.308549,0.217000,0.132200,0.300000,0.397000,0.666667,0.172345,0.230975,0.000000,0
0.254762,0.162526,0.215000,0.120200,0.350000,0.282000,0.500000,0.207643,0.211481,0.000000,0
0.590000,0.410203,0.181000,0.089600,0.150000,0.067000,0.666667,0.303725,0.360418,0.000000,0
0.558261,0.205680,0.178000,0.089200,0.150000,0.539000,1.000000,0.351693,0.258280,0.150000,0
0.044856,0.365685,0.294000,1.000000,0.100000,0.228000,1.000000,0.032962,0.220860,0.000000,0
0.302083,0.191767,0.197000,0.120200,0.200000,0.338000,0.500000,0.385802,0.174649,0.000000,0
0.031895,0.190160,0.227000,1.000000,0.100000,0.063000,0.333333,0.512916,0.388304,0.000000,0
0.387013,0.531473,0.185000,0.088600,0.350000,0.510000,0.500000,0.406273,0.399080,0.150000,1
0.300000,0.104922,0.197000,0.124800,0.150000,0.521000,0.500000,0.640517,0.475958,0.150000,1
0.497872,0.162513,0.171000,0.093600,0.150000,0.264000,0.666667,0.210118,0.141455,0.000000,0
0.409836,0.317008,0.188000,0.123200,0.150000,0.182000,0.833333,0.141793,0.159870,0.000000,0
0.421260,0.259439,0.200000,0.112800,0.550000,0.358000,0.666667,0.194348,0.655303,0.000000,0
0.092857,0.472839,1.000000,1.000000,0.450000,0.384000,0.500000,0.580624,0.578921,0.350000,1
0.016667,0.405866,0.128000,1.000000,0.150000,0.263000,0.333333,0.458146,0.299810,0.000000,0
0.149524,0.068730,0.204000,0.159000,0.550000,0.273000,1.000000,0.335853,0.013388,0.000000,0
0.330702,0.254307,0.196000,0.107800,0.250000,0.288000,0.500000,0.230697,0.152555,0.000000,0
0.391071,0.201156,0.187000,0.124600,0.350000,0.000000,0.333333,0.136838,0.281511,0.000000,0
0.156436,0.761176,0.494000,0.731200,0.550000,0.000000,0.166667,0.295462,0.437089,0.000000,1
0.310680,0.272925,0.216000,0.117600,0.300000,0.042000,0.833333,0.245976,0.069937,0.000000,0
0.492857,0.242581,0.164000,0.100000,0.100000,0.293000,0.500000,0.158528,0.476521,0.000000,0
0.548571,0.279650,0.148000,0.096200,0.550000,0.186000,0.666667,0.136760,0.018459,0.000000,0
0.318000,0.070801,0.214000,0.152800,0.150000,0.420000,0.500000,0.033858,0.125287,0.000000,0
0.185211,0.153727,0.194000,0.152200,0.150000,0.200000,0.333333,0.319279,0.067952,0.000000,0
0.474627,0.283379,0.176000,0.105000,0.100000,0.341000,0.333333,0.433369,0.139207,0.000000,0
0.406542,0.289547,0.177000,0.099000,0.400000,0.000000,0.666667,0.212518,0.041122,0.000000,0
0.511111,0.294681,0.174000,0.093600,0.350000,0.414000,0.666667,0.208126,0.294332,0.000000,0
0.040037,0.394668,0.228000,1.000000,0.200000,0.326000,0.333333,0.140406,0.081060,0.000000,0
0.380392,0.175179,0.165000,0.126200,0.050000,0.085000,0.333333,0.032892,0.221079,0.000000,0
0.180000,0.094663,0.222000,0.161200,0.250000,0.441000,0.666667,0.352465,0.144976,0.000000,0
0.107759,0.484773,0.640000,1.000000,0.500000,0.345000,1.000000,0.316470,0.352983,0.070000,0
0.257265,0.264965,0.575000,1.000000,0.300000,0.000000,0.166667,0.670631,0.177696,0.019000,1
0.273750,0.341504,0.502000,1.000000,0.450000,0.026000,0.333333,0.631778,0.167218,0.000000,0
0.163918,0.329296,0.912000,1.000000,0.450000,0.427000,0.833333,0.537423,0.360355,0.282000,0
0.237736,0.147971,0.214000,0.146400,0.400000,0.189000,1.000000,0.114260,0.360471,0.000000,0
0.485455,0.225589,0.170000,0.100600,0.150000,0.188000,0.500000,0.108478,0.211531,0.000000,0
0.033233,0.511463,0.209000,1.000000,0.050000,0.306000,1.000000,0.053401,0.181573,0.000000,0
0.016667,1.000000,0.800000,0.881000,0.650000,0.000000,0.333333,0.521634,0.430158,0.500000,1
0.073839,0.218007,0.146000,0.865400,0.150000,0.090000,0.333333,0.250572,0.206456,0.000000,0
0.497727,0.121045,0.174000,0.081200,0.100000,0.320000,0.666667,0.281537,0.116801,0.000000,0
0.136066,0.273983,0.193000,0.184400,0.100000,0.380000,0.333333,0.415495,0.282587,0.000000,0
0.453409,0.285466,0.195000,0.121200,0.400000,0.000000,1.000000,0.120904,0.100879,0.000000,0
0.025806,1.000000,0.375000,0.621400,0.350000,0.580000,0.166667,0.477595,0.688845,0.450000,1
0.476991,0.248847,0.180000,0.100200,0.300000,0.175000,0.666667,0.321726,0.543990,0.000000,0
0.007727,0.172633,0.324000,1.000000,0.200000,0.380000,0.833333,0.224625,0.129034,0.000000,0
0.401911,0.152284,0.198000,0.099400,0.300000,0.111000,0.666667,0.169538,0.077874,0.000000,0
0.280851,0.153447,0.189000,0.123400,0.100000,0.139000,0.833333,0.144780,0.353194,0.000000,0
0.026056,0.321171,0.195000,1.000000,0.300000,0.183000,0.833333,0.173701,0.226501,0.000000,0
0.558537,0.159230,0.190000,0.092200,0.300000,0.223000,0.333333,0.245176,0.212846,0.000000,0
0.169892,0.315361,0.209000,0.146200,0.250000,0.163000,0.500000,0.266589,0.219392,0.000000,0
0.318621,0.187196,0.206000,0.140600,0.150000,0.133000,0.500000,0.248639,0.275730,0.000000,0
0.141346,0.060000,0.653000,1.000000,0.350000,0.769000,0.333333,0.467623,0.512356,0.230000,1
0.353459,0.159202,0.187000,0.108000,0.450000,0.317000,0.333333,0.222579,0.130403,0.000000,0
0.056651,0.075853,0.166000,0.967800,0.100000,0.394000,0.333333,0.221318,0.144737,0.000000,0
0.084615,0.109330,0.870000,1.000000,0.150000,0.254000,0.333333,0.251604,0.017484,0.249000,0
0.155952,0.192369,0.198000,0.174000,0.250000,0.182000,0.833333,0.247770,0.117303,0.000000,0
0.270313,0.296483,0.199000,0.119000,0.450000,0.402000,1.000000,0.060185,0.218868,0.000000,0
0.160526,0.332197,0.209000,0.154600,0.600000,0.220000,0.333333,0.078280,0.336088,0.000000,0
0.549180,0.351892,0.179000,0.085600,0.300000,0.253000,0.333333,0.212170,0.271282,0.000000,0
0.014382,0.240489,0.141000,1.000000,0.000000,0.332000,0.666667,0.217146,0.356457,0.000000,0
0.247917,0.214197,0.185000,0.131800,0.300000,0.000000,1.000000,0.261195,0.415865,0.000000,0
0.020722,0.384664,0.136000,1.000000,0.100000,0.185000,0.333333,0.259243,0.035494,0.000000,0
0.092208,0.040000,1.000000,1.000000,0.500000,0.644000,0.500000,0.557084,0.465312,0.500000,1
0.013127,0.198545,0.225000,1.000000,0.450000,0.278000,0.666667,0.148298,0.364650,0.000000,0
0.062931,1.000000,0.562000,1.000000,0.750000,0.410000,0.166667,0.688214,0.510125,0.209000,1
0.104412,0.328235,0.831000,1.000000,0.450000,0.050000,0.666667,0.097636,0.473590,0.219000,0
0.031013,0.061250,0.255000,1.000000,0.500000,0.163000,0.500000,0.158072,0.320978,0.000000,0
0.023144,0.194672,0.113000,1.000000,0.250000,0.199000,0.833333,0.266863,0.347130,0.000000,0
0.384615,0.370303,0.192000,0.115400,0.250000,0.148000,0.833333,0.470398,0.043922,0.000000,0
0.303614,0.267480,0.563000,1.000000,0.250000,0.214000,1.000000,0.163727,0.385280,0.010000,0
0.018048,0.159098,0.141000,1.000000,0.500000,0.116000,0.666667,0.131839,0.384335,0.000000,0
0.301020,0.258140,0.427000,1.000000,0.700000,0.000000,0.333333,0.499574,0.525314,0.200000,1
0.034839,0.451643,0.189000,1.000000,0.350000,0.475000,0.333333,0.188284,0.084790,0.000000,0
0.093182,0.286169,0.854000,1.000000,0.150000,0.000000,1.000000,0.490844,0.032111,0.236000,0
0.226984,0.027625,0.231000,0.138800,0.450000,0.518000,1.000000,0.150424,0.159598,0.150000,0
0.367460,0.059829,0.188000,0.107200,0.550000,0.151000,0.500000,0.091237,0.200589,0.000000,0
0.393636,0.246210,0.199000,0.120200,0.200000,0.134000,0.666667,0.348662,0.138481,0.000000,0
0.241860,0.314915,0.192000,0.141200,0.050000,0.393000,1.000000,0.086167,0.102553,0.000000,0
0.338462,0.267710,0.196000,0.124600,0.050000,0.019000,0.333333,0.180498,0.104012,0.000000,0
0.396350,0.377990,0.192000,0.090400,0.100000,0.040000,0.666667,0.020651,0.329058,0.000000,0
0.509346,0.123717,0.172000,0.099000,0.300000,0.286000,0.833333,0.311500,0.208530,0.000000,0
0.202222,0.340206,0.198000,0.141400,0.250000,0.116000,0.333333,0.435072,0.137037,0.000000,0
0.200000,1.000000,0.846000,1.000000,0.150000,0.000000,0.500000,0.137072,0.638251,0.230000,1
0.023918,0.330830,0.181000,1.000000,0.100000,0.199000,0.666667,0.031709,0.434689,0.000000,0
0.035959,0.010000,0.162000,1.000000,0.500000,0.001000,1.000000,0.110215,0.048669,0.000000,0
0.509211,0.356850,0.165000,0.120000,0.150000,0.123000,0.833333,0.313181,0.079820,0.000000,0
0.007921,1.000000,0.500000,1.000000,0.150000,0.000000,0.166667,0.580055,0.665098,0.300000,1
0.515888,0.340662,0.192000,0.117400,0.150000,0.038000,1.000000,0.095941,0.329511,0.000000,0
0.172603,0.362860,0.540000,0.789000,0.250000,0.560000,0.500000,0.439624,0.320786,0.150000,1
0.284416,0.326984,0.205000,0.135000,0.150000,0.200000,0.500000,0.414416,0.233858,0.000000,0
0.089908,1.000000,0.398000,0.570800,0.500000,0.000000,0.166667,0.176281,0.478087,0.000000,1
0.406061,0.448953,0.209000,0.135000,0.100000,0.473000,0.500000,0.367336,0.299887,0.000000,0
0.216514,0.316843,0.225000,0.132200,0.100000,0.000000,0.833333,0.151422,0.355894,0.000000,0
0.414634,0.162960,0.188000,0.101400,0.400000,0.380000,0.833333,0.059357,0.270016,0.000000,0
0.023068,0.270856,0.187000,1.000000,0.200000,0.054000,0.833333,0.282525,0.302797,0.000000,0
0.140404,0.027181,0.612000,1.000000,0.200000,0.257000,0.500000,0.181292,0.132118,0.048000,0
0.201176,0.020000,0.193000,0.142600,0.400000,0.000000,0.500000,0.407696,0.343320,0.000000,1
0.267442,0.428080,0.204000,0.128200,0.300000,0.372000,1.000000,0.078758,0.063574,0.000000,0
0.054082,0.787085,1.000000,1.000000,0.600000,0.000000,0.166667,0.472388,0.581798,0.350000,1
0.106140,0.133019,0.926000,1.000000,0.550000,0.104000,0.833333,0.434500,0.266028,0.292000,0
0.035156,0.076934,0.191000,1.000000,0.200000,0.194000,1.000000,0.301605,0.470046,0.000000,0
0.291753,0.339053,0.208000,0.122400,0.250000,0.271000,0.666667,0.235946,0.141817,0.000000,0
0.214118,0.431303,0.676000,1.000000,0.050000,0.383000,0.500000,0.096811,0.311503,0.098000,0
0.130147,0.279207,0.186000,0.179000,0.550000,0.292000,1.000000,0.125140,0.467676,0.000000,0
0.351282,0.372572,1.000000,1.000000,0.300000,0.000000,0.166667,0.302251,0.532439,0.350000,1
0.428671,0.152480,0.188000,0.114200,0.150000,0.150000,0.666667,0.229021,0.125166,0.000000,0
0.357364,0.269013,0.200000,0.121000,0.050000,0.303000,0.833333,0.018762,0.398343,0.000000,0
0.024148,0.218882,0.135000,1.000000,0.300000,0.179000,0.666667,0.250555,0.323437,0.000000,0
0.011876,0.302810,0.275000,1.000000,0.150000,0.411000,0.500000,0.224715,0.114903,0.000000,0
0.365060,0.598364,0.505000,1.000000,0.550000,0.000000,0.166667,0.316784,0.490999,0.000000,1
0.405172,0.010000,0.196000,0.132600,0.250000,0.248000,0.333333,0.642329,0.402882,0.000000,0
0.435965,0.279075,0.189000,0.102200,0.200000,0.260000,0.666667,0.346900,0.298361,0.000000,0
0.556522,0.201869,0.180000,0.098400,0.150000,0.000000,0.500000,0.469932,0.075528,0.000000,0
0.032269,0.432204,0.130000,1.000000,0.450000,0.243000,0.500000,0.034321,0.041160,0.000000,0
0.379167,0.278701,0.676000,1.000000,0.400000,0.298000,1.000000,0.073684,0.530180,0.098000,0
0.262595,0.296591,0.218000,0.129800,0.250000,0.015000,0.833333,0.238925,0.096901,0.000000,0
0.204110,0.300093,0.198000,0.147800,0.350000,0.122000,0.666667,0.125061,0.062213,0.000000,0
0.237838,0.124079,0.557000,1.000000,0.100000,0.092000,1.000000,0.156571,0.297519,0.005000,0
0.581333,0.274094,0.161000,0.091400,0.400000,0.127000,1.000000,0.367018,0.267069,0.000000,0
0.368067,0.259986,0.215000,0.127200,0.200000,0.337000,0.833333,0.085214,0.399326,0.000000,0
0.319540,0.291038,0.511000,1.000000,0.350000,0.133000,0.333333,0.331704,0.442068,0.000000,0
0.337647,0.281101,0.213000,0.127600,0.400000,0.041000,0.833333,0.282791,0.215565,0.000000,0
0.326490,0.263993,0.205000,0.123800,0.400000,0.222000,0.500000,0.196694,0.316671,0.000000,0
0.568033,0.308111,0.190000,0.089600,0.200000,0.067000,0.833333,0.182682,0.231917,0.000000,0
0.029967,0.175008,0.141000,1.000000,0.300000,0.612000,0.500000,0.509358,0.087221,0.150000,0
0.026460,0.267691,0.130000,1.000000,0.350000,0.054000,0.833333,0.267496,0.021452,0.000000,0
0.007839,0.126285,0.230000,1.000000,0.250000,0.000000,0.666667,0.188812,0.425872,0.000000,0
0.389381,0.267560,0.177000,0.110400,0.050000,0.179000,0.833333,0.642538,0.091217,0.000000,0
0.484884,0.335397,0.213000,0.136800,0.200000,0.117000,0.666667,0.412780,0.037676,0.000000,0
0.347260,0.338560,0.191000,0.108200,0.150000,0.038000,0.666667,0.082748,0.008270,0.000000,0
0.150968,0.308480,0.201000,0.156600,0.150000,0.015000,0.833333,0.202032,0.303693,0.000000,0
0.160504,0.195854,0.702000,1.000000,0.250000,0.316000,0.333333,0.288405,0.203866,0.118000,0
0.523944,0.417517,0.164000,0.086000,0.050000,0.367000,0.666667,0.173818,0.295677,0.000000,0
0.015996,0.261586,0.266000,1.000000,0.150000,0.047000,0.333333,0.044848,0.178041,0.000000,0
0.213978,0.183649,0.216000,0.150600,0.200000,0.000000,0.833333,0.065101,0.115944,0.000000,0
0.054639,0.328619,0.212000,1.000000,0.300000,0.205000,0.500000,0.076041,0.340318,0.000000,0
0.538760,0.134490,0.184000,0.092600,0.200000,0.280000,0.500000,0.363984,0.078879,0.000000,0
0.470909,0.167924,0.189000,0.115200,0.200000,0.113000,0.333333,0.183978,0.214674,0.000000,0
0.052899,0.284550,0.269000,1.000000,0.150000,0.178000,1.000000,0.205897,0.224927,0.000000,0
0.211702,0.300733,0.497000,1.000000,0.400000,0.251000,0.333333,0.345147,0.186645,0.000000,0
0.244828,0.440992,0.190000,0.140000,0.650000,0.000000,0.500000,0.343147,0.146038,0.200000,0
0.021006,0.175423,0.169000,1.000000,0.300000,0.211000,0.666667,0.388589,0.173887,0.000000,0
0.018841,0.450558,0.277000,1.000000,0.300000,0.333000,0.500000,0.312468,0.475665,0.000000,0
0.480952,0.117756,0.158000,0.112800,0.350000,0.023000,0.833333,0.065906,0.181254,0.000000,0
0.003960,0.440409,0.281000,1.000000,0.250000,0.326000,0.500000,0.097571,0.435293,0.000000,0
0.460000,0.153189,0.174000,0.103400,0.150000,0.107000,0.833333,0.264121,0.467134,0.000000,0
0.180435,0.164989,0.229000,0.157800,0.300000,0.481000,1.000000,0.101935,0.145719,0.000000,0
0.614194,0.178675,0.172000,0.076200,0.250000,0.079000,1.000000,0.049255,0.528886,0.000000,0
0.476271,0.220471,0.189000,0.085600,0.300000,0.561000,0.333333,0.263005,0.051944,0.150000,0
0.716216,0.456777,0.502000,0.836600,0.550000,0.000000,0.333333,0.390896,0.818320,0.000000,1
0.194444,0.084056,0.214000,0.151200,0.300000,0.289000,1.000000,0.046470,0.091462,0.000000,0
0.508824,0.057063,0.168000,0.098600,0.100000,0.475000,0.500000,0.389053,0.543778,0.000000,0
0.326667,0.134070,0.211000,0.135400,0.150000,0.252000,0.333333,0.136967,0.243132,0.000000,0
0.234722,0.014754,0.586000,1.000000,0.200000,0.062000,0.666667,0.304968,0.126944,0.028000,0
0.277311,0.067618,0.188000,0.109200,0.450000,0.283000,0.833333,0.185986,0.015564,0.000000,0
0.197273,0.183217,0.207000,0.164400,0.250000,0.000000,0.833333,0.083820,0.426928,0.000000,0
0.058367,0.036720,0.161000,1.000000,0.200000,0.173000,0.333333,0.024513,0.302150,0.000000,0
0.333333,0.060000,0.770000,0.788800,0.600000,0.000000,0.500000,0.270385,0.530419,0.171000,1
0.019512,0.179710,0.208000,1.000000,0.350000,0.195000,0.833333,0.431263,0.054202,0.000000,0
0.165217,0.387933,0.908000,1.000000,0.250000,0.356000,1.000000,0.405440,0.090879,0.278000,0
0.237313,0.039569,0.189000,0.117200,0.350000,0.124000,0.500000,0.293065,0.033761,0.000000,0
0.413043,0.010000,0.189000,0.104200,0.350000,0.293000,0.333333,0.177844,0.066554,0.000000,0
0.040000,1.000000,0.333000,0.600000,0.150000,0.000000,0.166667,0.692220,0.185037,0.300000,1
0.077049,0.065244,0.191000,0.818400,0.400000,0.323000,0.833333,0.340387,0.234263,0.000000,0
0.028889,1.000000,0.308000,0.595000,0.600000,0.565000,0.500000,0.790042,0.374210,0.450000,1
0.498230,0.146077,0.187000,0.117800,0.200000,0.000000,0.833333,0.103512,0.079253,0.000000,0
0.218889,0.085118,0.208000,0.158200,0.150000,0.175000,0.833333,0.239759,0.413719,0.000000,0
0.464356,0.407170,0.171000,0.085200,0.350000,0.376000,0.833333,0.064860,0.366521,0.000000,0
0.434568,0.047597,0.205000,0.110800,0.250000,0.560000,0.500000,0.373470,0.641780,0.150000,0
0.319463,0.234809,0.200000,0.118200,0.300000,0.090000,0.833333,0.328086,0.100428,0.000000,0
0.011429,1.000000,0.500000,0.696400,0.400000,0.722000,0.333333,0.772775,0.524919,0.450000,1
0.329310,0.628792,0.382000,0.871800,0.550000,0.000000,0.166667,0.717174,0.555051,0.000000,1
0.105660,0.108710,0.875000,1.000000,0.050000,0.318000,0.666667,0.127359,0.095498,0.253000,0
0.140171,0.820096,0.537000,0.906200,0.800000,0.767000,0.166667,0.485463,0.472642,0.350000,1
0.409375,0.239092,0.168000,0.096000,0.200000,0.249000,1.000000,0.128816,0.280613,0.000000,0
0.532184,0.393670,0.190000,0.102600,0.150000,0.016000,0.833333,0.200829,0.194489,0.000000,0
0.021828,0.253009,0.138000,1.000000,0.300000,0.000000,0.666667,0.274610,0.388260,0.000000,0
0.017439,0.010000,0.195000,1.000000,0.200000,0.516000,0.500000,0.249029,0.289273,0.150000,0
0.013722,0.239813,0.164000,1.000000,0.400000,0.309000,1.000000,0.118799,0.113956,0.000000,0
0.461682,0.264429,0.178000,0.103200,0.200000,0.393000,0.666667,0.153296,0.293789,0.000000,0
0.031111,1.000000,0.214000,0.572200,0.550000,0.715000,0.166667,0.590781,0.511265,0.450000,1
0.310714,0.147626,0.165000,0.118000,0.350000,0.579000,0.833333,0.217767,0.071692,0.150000,0
0.334783,0.224992,0.177000,0.110800,0.150000,0.420000,0.333333,0.185059,0.122676,0.000000,0
0.121364,0.168392,0.199000,0.700200,0.000000,0.277000,0.666667,0.151912,0.075306,0.000000,0
0.166279,0.304696,0.217000,0.158400,0.550000,0.056000,0.666667,0.605637,0.263135,0.000000,0
0.004449,0.347545,0.300000,1.000000,0.150000,0.000000,1.000000,0.027223,0.251364,0.000000,0
0.257778,0.130407,0.181000,0.108400,0.550000,0.683000,0.500000,0.742739,0.541390,0.150000,1
0.521849,0.205228,0.174000,0.095600,0.450000,0.180000,1.000000,0.054397,0.053020,0.000000,0
0.273973,0.322706,0.210000,0.124400,0.250000,0.230000,0.500000,0.388892,0.208895,0.000000,0
0.219048,0.334255,0.201000,0.149400,0.350000,0.133000,0.333333,0.201124,0.236522,0.000000,0
0.008278,0.133396,0.293000,1.000000,0.300000,0.269000,0.666667,0.297843,0.371298,0.000000,0
0.208696,1.000000,0.646000,0.944800,0.300000,0.000000,0.166667,0.212523,0.715731,0.075000,1
0.242553,0.246944,0.702000,1.000000,0.050000,0.159000,1.000000,0.234805,0.212698,0.118000,0
0.011354,0.217640,0.241000,1.000000,0.300000,0.048000,0.833333,0.300314,0.206740,0.000000,0
0.322500,0.010000,0.915000,1.000000,0.150000,0.067000,0.833333,0.434216,0.207012,0.284000,0
0.590123,0.182557,0.178000,0.094200,0.300000,0.326000,0.833333,0.109448,0.407951,0.000000,0
0.195556,0.220936,0.920000,1.000000,0.150000,0.118000,0.833333,0.081361,0.122391,0.288000,0
0.341026,0.171628,0.541000,0.833800,0.450000,0.231000,1.000000,0.047308,0.338467,0.000000,0
0.175510,0.278714,0.244000,0.176800,0.250000,0.220000,0.833333,0.321680,0.474214,0.000000,0
0.008368,0.187024,0.400000,1.000000,0.200000,0.187000,0.833333,0.280697,0.124173,0.000000,0
0.156154,0.204049,0.227000,0.153200,0.300000,0.425000,0.333333,0.432548,0.146308,0.000000,0
0.008642,1.000000,0.571000,1.000000,0.600000,0.712000,0.500000,0.324631,0.361908,0.450000,1
0.025410,0.456579,0.218000,1.000000,0.250000,0.679000,0.833333,0.264812,0.624964,0.150000,0
0.028208,0.211113,0.180000,1.000000,0.550000,0.440000,0.333333,0.361607,0.263870,0.000000,0
0.262281,0.136435,0.197000,0.129400,0.100000,0.071000,0.666667,0.086615,0.216850,0.000000,0
0.172464,0.360408,0.218000,0.142200,0.150000,0.131000,0.666667,0.553705,0.357728,0.000000,0
0.412121,0.446856,0.493000,1.000000,0.150000,0.325000,0.333333,0.106640,0.062474,0.000000,0
0.439683,0.016880,0.170000,0.133400,0.100000,0.096000,0.333333,0.171153,0.325691,0.000000,0
0.494118,0.179946,0.167000,0.127600,0.200000,0.432000,0.666667,0.027900,0.141759,0.000000,0
0.576087,0.698167,0.642000,0.976600,0.300000,0.000000,0.333333,0.373750,0.436024,0.072000,1
0.333019,0.317926,0.215000,0.125800,0.000000,0.249000,0.333333,0.174971,0.191197,0.000000,0
0.213333,0.146235,0.211000,0.163600,0.150000,0.033000,1.000000,0.057173,0.579775,0.000000,0
0.481667,0.136323,0.187000,0.100400,0.200000,0.000000,0.333333,0.361915,0.167896,0.000000,0
0.240000,0.178251,0.167000,0.132200,0.450000,0.416000,0.500000,0.485615,0.292742,0.000000,0
0.004241,0.153225,0.258000,1.000000,0.100000,0.271000,1.000000,0.297318,0.149343,0.000000,0
0.497222,0.219610,0.173000,0.095600,0.300000,0.313000,1.000000,0.127473,0.095982,0.000000,0
0.537681,0.286674,0.159000,0.096000,0.400000,0.000000,1.000000,0.249086,0.122426,0.000000,0
0.137313,0.146856,0.239000,0.193000,0.200000,0.450000,0.666667,0.218594,0.066770,0.000000,0
0.011787,0.359348,0.129000,1.000000,0.150000,0.268000,0.500000,0.117074,0.057525,0.000000,0
0.350000,0.213991,0.175000,0.092600,0.100000,0.228000,0.666667,0.410500,0.194283,0.000000,0
0.011940,1.000000,0.500000,1.000000,0.300000,0.000000,0.333333,0.558152,0.748590,0.300000,1
0.173026,0.348143,0.221000,0.164000,0.250000,0.329000,0.500000,0.227441,0.150081,0.000000,0
0.365584,0.273062,0.192000,0.104200,0.250000,0.409000,0.500000,0.168568,0.202147,0.000000,0
0.038652,0.157965,0.142000,1.000000,0.100000,0.211000,0.833333,0.371989,0.134335,0.000000,0
0.092473,0.722857,1.000000,1.000000,0.400000,0.000000,0.333333,0.496263,0.488025,0.350000,1
0.229530,0.258656,0.213000,0.144400,0.050000,0.267000,0.666667,0.025251,0.245284,0.000000,0
0.482292,0.158377,0.192000,0.112200,0.200000,0.136000,1.000000,0.282422,0.134882,0.000000,0
0.171681,0.200503,0.201000,0.146600,0.050000,0.401000,0.500000,0.096946,0.501885,0.000000,0
0.121818,0.592020,0.634000,1.000000,0.650000,0.251000,0.500000,0.325529,0.501066,0.265000,1
0.005433,0.277112,0.444000,1.000000,0.050000,0.409000,0.333333,0.353690,0.250758,0.000000,0
0.396040,0.323951,0.185000,0.120600,0.200000,0.216000,0.833333,0.271713,0.076313,0.000000,0
0.274667,0.278879,0.214000,0.131400,0.200000,0.271000,0.833333,0.125568,0.205985,0.000000,0
0.231776,0.181160,0.581000,1.000000,0.400000,0.249000,0.333333,0.138530,0.225792,0.024000,0
0.788679,0.253148,0.356000,0.819400,0.350000,1.000000,0.166667,0.452081,0.575301,0.150000,1
0.005488,0.289434,0.360000,1.000000,0.050000,0.265000,1.000000,0.314108,0.265445,0.000000,0
0.266129,0.172648,0.691000,1.000000,0.250000,0.000000,0.666667,0.515573,0.421961,0.110000,0
0.188000,0.249091,0.943000,1.000000,0.600000,0.413000,0.333333,0.283587,0.275349,0.306000,0
0.337647,0.067009,0.502000,1.000000,0.350000,0.035000,0.666667,0.042918,0.385785,0.000000,0
0.504167,0.293697,0.165000,0.110200,0.350000,0.269000,1.000000,0.149879,0.380672,0.000000,0
0.426000,0.208651,0.183000,0.125200,0.400000,0.000000,1.000000,0.220371,0.145757,0.000000,0
0.404082,0.373300,0.808000,1.000000,0.850000,0.762000,0.333333,0.691694,0.669248,0.551000,1
0.163415,1.000000,0.776000,0.977600,0.500000,0.723000,0.500000,0.336789,0.386303,0.326000,1
0.189610,0.094955,0.185000,0.137600,0.050000,0.149000,0.333333,0.091798,0.301745,0.000000,0
0.015553,0.282385,0.180000,1.000000,0.550000,0.094000,0.666667,0.020678,0.175096,0.000000,0
0.261151,0.418388,0.182000,0.109200,0.400000,0.000000,0.833333,0.261019,0.109419,0.000000,0
0.512658,0.058836,0.173000,0.106200,0.350000,0.000000,1.000000,0.184896,0.287114,0.000000,0
0.608621,0.100893,0.176000,0.078200,0.350000,0.000000,0.500000,0.101224,0.249648,0.000000,0
0.013580,1.000000,0.273000,0.888800,0.500000,0.501000,0.166667,0.675389,0.545476,0.450000,1
0.159155,0.335830,0.199000,0.160000,0.200000,0.203000,0.833333,0.257428,0.195382,0.000000,0
