model,curve,x,y,threshold
rules_only,roc,0.000000,0.000000,1.000000
rules_only,roc,0.000000,0.007407,0.700000
rules_only,roc,0.000000,0.022222,0.650000
rules_only,roc,0.000000,0.029630,0.551000
rules_only,roc,0.000000,0.059259,0.550000
rules_only,roc,0.000000,0.066667,0.504000
rules_only,roc,0.000000,0.125926,0.500000
rules_only,roc,0.000000,0.222222,0.450000
rules_only,roc,0.002614,0.222222,0.391000
rules_only,roc,0.002614,0.229630,0.358000
rules_only,roc,0.002614,0.318519,0.350000
rules_only,roc,0.003922,0.318519,0.330000
rules_only,roc,0.006536,0.318519,0.327000
rules_only,roc,0.006536,0.325926,0.326000
rules_only,roc,0.014379,0.325926,0.307000
rules_only,roc,0.016993,0.325926,0.306000
rules_only,roc,0.019608,0.325926,0.303000
rules_only,roc,0.022222,0.325926,0.302000
rules_only,roc,0.022222,0.422222,0.300000
rules_only,roc,0.022222,0.429630,0.299000
rules_only,roc,0.023529,0.429630,0.294000
rules_only,roc,0.026144,0.429630,0.293000
rules_only,roc,0.027451,0.437037,0.292000
rules_only,roc,0.033987,0.437037,0.278000
rules_only,roc,0.033987,0.444444,0.276000
rules_only,roc,0.039216,0.444444,0.267000
rules_only,roc,0.039216,0.451852,0.262000
rules_only,roc,0.041830,0.451852,0.261000
rules_only,roc,0.043137,0.451852,0.260000
rules_only,roc,0.044444,0.466667,0.258000
rules_only,roc,0.050980,0.466667,0.245000
rules_only,roc,0.053595,0.466667,0.243000
rules_only,roc,0.054902,0.466667,0.241000
rules_only,roc,0.054902,0.474074,0.230000
rules_only,roc,0.056209,0.481481,0.229000
rules_only,roc,0.056209,0.518519,0.205000
rules_only,roc,0.058824,0.518519,0.202000
rules_only,roc,0.069281,0.585185,0.200000
rules_only,roc,0.071895,0.585185,0.181000
rules_only,roc,0.075817,0.585185,0.171000
rules_only,roc,0.075817,0.592593,0.170000
rules_only,roc,0.077124,0.592593,0.165000
rules_only,roc,0.077124,0.607407,0.162000
rules_only,roc,0.078431,0.614815,0.159000
rules_only,roc,0.078431,0.622222,0.155000
rules_only,roc,0.079739,0.622222,0.151000
rules_only,roc,0.113725,0.703704,0.150000
rules_only,roc,0.113725,0.718519,0.142000
rules_only,roc,0.120261,0.718519,0.118000
rules_only,roc,0.121569,0.725926,0.114000
rules_only,roc,0.125490,0.725926,0.106000
rules_only,roc,0.125490,0.733333,0.103000
rules_only,roc,0.133333,0.733333,0.081000
rules_only,roc,0.135948,0.733333,0.078000
rules_only,roc,0.135948,0.740741,0.075000
rules_only,roc,0.137255,0.740741,0.073000
rules_only,roc,0.137255,0.748148,0.072000
rules_only,roc,0.141176,0.748148,0.060000
rules_only,roc,0.141176,0.755556,0.058000
rules_only,roc,0.142484,0.762963,0.056000
rules_only,roc,0.142484,0.777778,0.048000
rules_only,roc,0.145098,0.777778,0.043000
rules_only,roc,0.145098,0.785185,0.037000
rules_only,roc,0.146405,0.792593,0.034000
rules_only,roc,0.146405,0.800000,0.030000
rules_only,roc,0.150327,0.800000,0.021000
rules_only,roc,0.150327,0.807407,0.020000
rules_only,roc,0.152941,0.807407,0.016000
rules_only,roc,0.152941,0.814815,0.013000
rules_only,roc,0.154248,0.822222,0.012000
rules_only,roc,0.155556,0.822222,0.009000
rules_only,roc,0.158170,0.822222,0.007000
rules_only,roc,0.158170,0.837037,0.002000
rules_only,roc,1.000000,1.000000,0.000000
rules_only,pr,1.000000,0.150000,0.000000
rules_only,pr,0.837037,0.482906,0.002000
rules_only,pr,0.829630,0.480687,0.006000
rules_only,pr,0.822222,0.478448,0.007000
rules_only,pr,0.822222,0.482609,0.009000
rules_only,pr,0.822222,0.484716,0.012000
rules_only,pr,0.814815,0.484581,0.013000
rules_only,pr,0.807407,0.482301,0.016000
rules_only,pr,0.807407,0.486607,0.020000
rules_only,pr,0.800000,0.484305,0.021000
rules_only,pr,0.800000,0.486486,0.027000
rules_only,pr,0.800000,0.488688,0.029000
rules_only,pr,0.800000,0.490909,0.030000
rules_only,pr,0.792593,0.488584,0.034000
rules_only,pr,0.785185,0.488479,0.037000
rules_only,pr,0.777778,0.486111,0.043000
rules_only,pr,0.777778,0.488372,0.046000
rules_only,pr,0.777778,0.490654,0.048000
rules_only,pr,0.770370,0.488263,0.054000
rules_only,pr,0.762963,0.485849,0.056000
rules_only,pr,0.755556,0.485714,0.058000
rules_only,pr,0.748148,0.483254,0.060000
rules_only,pr,0.748148,0.485577,0.069000
rules_only,pr,0.748148,0.487923,0.070000
rules_only,pr,0.748148,0.490291,0.072000
rules_only,pr,0.740741,0.487805,0.073000
rules_only,pr,0.740741,0.490196,0.075000
rules_only,pr,0.733333,0.487685,0.078000
rules_only,pr,0.733333,0.492537,0.081000
rules_only,pr,0.733333,0.495000,0.091000
rules_only,pr,0.733333,0.497487,0.094000
rules_only,pr,0.733333,0.500000,0.095000
rules_only,pr,0.733333,0.502538,0.096000
rules_only,pr,0.733333,0.505102,0.098000
rules_only,pr,0.733333,0.507692,0.103000
rules_only,pr,0.725926,0.505155,0.106000
rules_only,pr,0.725926,0.507772,0.111000
rules_only,pr,0.725926,0.510417,0.112000
rules_only,pr,0.725926,0.513089,0.114000
rules_only,pr,0.718519,0.513228,0.118000
rules_only,pr,0.718519,0.515957,0.121000
rules_only,pr,0.718519,0.518717,0.124000
rules_only,pr,0.718519,0.521505,0.125000
rules_only,pr,0.718519,0.524324,0.131000
rules_only,pr,0.718519,0.527174,0.142000
rules_only,pr,0.711111,0.524590,0.145000
rules_only,pr,0.703704,0.521978,0.150000
rules_only,pr,0.622222,0.579310,0.151000
rules_only,pr,0.622222,0.583333,0.155000
rules_only,pr,0.614815,0.580420,0.159000
rules_only,pr,0.607407,0.581560,0.162000
rules_only,pr,0.600000,0.578571,0.164000
rules_only,pr,0.592593,0.575540,0.165000
rules_only,pr,0.592593,0.579710,0.170000
rules_only,pr,0.585185,0.576642,0.171000
rules_only,pr,0.585185,0.580882,0.173000
rules_only,pr,0.585185,0.585185,0.178000
rules_only,pr,0.585185,0.589552,0.181000
rules_only,pr,0.585185,0.598485,0.200000
rules_only,pr,0.518519,0.608696,0.202000
rules_only,pr,0.518519,0.614035,0.204000
rules_only,pr,0.518519,0.619469,0.205000
rules_only,pr,0.511111,0.616071,0.207000
rules_only,pr,0.503704,0.612613,0.209000
rules_only,pr,0.496296,0.609091,0.213000
rules_only,pr,0.488889,0.605505,0.220000
rules_only,pr,0.481481,0.601852,0.229000
rules_only,pr,0.474074,0.603774,0.230000
rules_only,pr,0.466667,0.600000,0.241000
rules_only,pr,0.466667,0.605769,0.243000
rules_only,pr,0.466667,0.617647,0.245000
rules_only,pr,0.466667,0.623762,0.247000
rules_only,pr,0.466667,0.630000,0.249000
rules_only,pr,0.466667,0.636364,0.250000
rules_only,pr,0.466667,0.642857,0.253000
rules_only,pr,0.466667,0.649485,0.258000
rules_only,pr,0.451852,0.648936,0.260000
rules_only,pr,0.451852,0.655914,0.261000
rules_only,pr,0.451852,0.670330,0.262000
rules_only,pr,0.444444,0.666667,0.267000
rules_only,pr,0.444444,0.674157,0.268000
rules_only,pr,0.444444,0.681818,0.271000
rules_only,pr,0.444444,0.689655,0.272000
rules_only,pr,0.444444,0.697674,0.276000
rules_only,pr,0.437037,0.694118,0.278000
rules_only,pr,0.437037,0.702381,0.282000
rules_only,pr,0.437037,0.710843,0.284000
rules_only,pr,0.437037,0.719512,0.289000
rules_only,pr,0.437037,0.728395,0.291000
rules_only,pr,0.437037,0.737500,0.292000
rules_only,pr,0.429630,0.743590,0.293000
rules_only,pr,0.429630,0.763158,0.294000
rules_only,pr,0.429630,0.773333,0.299000
rules_only,pr,0.422222,0.770270,0.300000
rules_only,pr,0.325926,0.721311,0.302000
rules_only,pr,0.325926,0.745763,0.303000
rules_only,pr,0.325926,0.758621,0.305000
rules_only,pr,0.325926,0.771930,0.306000
rules_only,pr,0.325926,0.800000,0.307000
rules_only,pr,0.325926,0.814815,0.310000
rules_only,pr,0.325926,0.830189,0.311000
rules_only,pr,0.325926,0.846154,0.312000
rules_only,pr,0.325926,0.862745,0.314000
rules_only,pr,0.325926,0.880000,0.317000
rules_only,pr,0.325926,0.897959,0.326000
rules_only,pr,0.318519,0.895833,0.327000
rules_only,pr,0.318519,0.934783,0.330000
rules_only,pr,0.318519,0.955556,0.350000
rules_only,pr,0.229630,0.939394,0.358000
rules_only,pr,0.222222,0.937500,0.391000
rules_only,pr,0.222222,0.967742,0.404000
rules_only,pr,0.222222,1.000000,0.450000
rules_only,pr,0.125926,1.000000,0.500000
rules_only,pr,0.066667,1.000000,0.504000
rules_only,pr,0.059259,1.000000,0.550000
rules_only,pr,0.029630,1.000000,0.551000
rules_only,pr,0.022222,1.000000,0.650000
rules_only,pr,0.007407,1.000000,0.700000
rules_only,pr,0.000000,1.000000,1.000000
ml_only,roc,0.000000,0.000000,1.000000
ml_only,roc,0.000000,0.007407,1.000000
ml_only,roc,0.000000,0.192593,0.768262
ml_only,roc,0.001307,0.192593,0.765340
ml_only,roc,0.001307,0.451852,0.667584
ml_only,roc,0.002614,0.451852,0.664805
ml_only,roc,0.002614,0.518519,0.652635
ml_only,roc,0.003922,0.518519,0.652166
ml_only,roc,0.003922,0.592593,0.620962
ml_only,roc,0.005229,0.592593,0.619388
ml_only,roc,0.005229,0.629630,0.604269
ml_only,roc,0.006536,0.629630,0.603741
ml_only,roc,0.006536,0.674074,0.584847
ml_only,roc,0.007843,0.674074,0.583100
ml_only,roc,0.007843,0.688889,0.578868
ml_only,roc,0.009150,0.688889,0.578534
ml_only,roc,0.009150,0.718519,0.571262
ml_only,roc,0.010458,0.718519,0.567524
ml_only,roc,0.010458,0.733333,0.562478
ml_only,roc,0.013072,0.733333,0.553192
ml_only,roc,0.013072,0.748148,0.546231
ml_only,roc,0.014379,0.748148,0.540294
ml_only,roc,0.014379,0.814815,0.531371
ml_only,roc,0.016993,0.814815,0.529858
ml_only,roc,0.016993,0.829630,0.525640
ml_only,roc,0.020915,0.829630,0.523135
ml_only,roc,0.020915,0.874074,0.517024
ml_only,roc,0.022222,0.874074,0.516501
ml_only,roc,0.022222,0.881481,0.507701
ml_only,roc,0.023529,0.881481,0.507445
ml_only,roc,0.023529,0.903704,0.503865
ml_only,roc,0.024837,0.903704,0.503792
ml_only,roc,0.024837,0.911111,0.500741
ml_only,roc,0.026144,0.911111,0.498856
ml_only,roc,0.026144,0.918519,0.496062
ml_only,roc,0.032680,0.918519,0.487075
ml_only,roc,0.032680,0.925926,0.484731
ml_only,roc,0.045752,0.925926,0.465178
ml_only,roc,0.045752,0.933333,0.464328
ml_only,roc,0.062745,0.933333,0.450301
ml_only,roc,0.062745,0.940741,0.447381
ml_only,roc,0.070588,0.940741,0.441248
ml_only,roc,0.070588,0.948148,0.439677
ml_only,roc,0.086275,0.948148,0.429271
ml_only,roc,0.086275,0.955556,0.429191
ml_only,roc,0.103268,0.955556,0.412170
ml_only,roc,0.103268,0.962963,0.412161
ml_only,roc,0.108497,0.962963,0.403984
ml_only,roc,0.108497,0.970370,0.403046
ml_only,roc,0.120261,0.970370,0.396690
ml_only,roc,0.120261,0.977778,0.395798
ml_only,roc,0.166013,0.977778,0.372761
ml_only,roc,0.166013,0.985185,0.370899
ml_only,roc,0.180392,0.985185,0.364378
ml_only,roc,0.180392,0.992593,0.362347
ml_only,roc,0.224837,0.992593,0.342530
ml_only,roc,0.224837,1.000000,0.342482
ml_only,roc,1.000000,1.000000,0.020205
ml_only,pr,1.000000,0.150000,0.020205
ml_only,pr,1.000000,0.150167,0.022775
ml_only,pr,1.000000,0.150334,0.026223
ml_only,pr,1.000000,0.150502,0.028080
ml_only,pr,1.000000,0.150670,0.030166
ml_only,pr,1.000000,0.150838,0.037020
ml_only,pr,1.000000,0.151007,0.042352
ml_only,pr,1.000000,0.151176,0.044400
ml_only,pr,1.000000,0.151345,0.044872
ml_only,pr,1.000000,0.151515,0.052287
ml_only,pr,1.000000,0.151685,0.053864
ml_only,pr,1.000000,0.151856,0.055606
ml_only,pr,1.000000,0.152027,0.055612
ml_only,pr,1.000000,0.152198,0.055936
ml_only,pr,1.000000,0.152370,0.058501
ml_only,pr,1.000000,0.152542,0.059438
ml_only,pr,1.000000,0.152715,0.060645
ml_only,pr,1.000000,0.152888,0.061517
ml_only,pr,1.000000,0.153061,0.062206
ml_only,pr,1.000000,0.153235,0.063996
ml_only,pr,1.000000,0.153409,0.064745
ml_only,pr,1.000000,0.153584,0.067192
ml_only,pr,1.000000,0.153759,0.067214
ml_only,pr,1.000000,0.153934,0.067548
ml_only,pr,1.000000,0.154110,0.068885
ml_only,pr,1.000000,0.154286,0.069420
ml_only,pr,1.000000,0.154462,0.070716
ml_only,pr,1.000000,0.154639,0.071430
ml_only,pr,1.000000,0.154817,0.071732
ml_only,pr,1.000000,0.154994,0.072780
ml_only,pr,1.000000,0.155172,0.073848
ml_only,pr,1.000000,0.155351,0.076279
ml_only,pr,1.000000,0.155530,0.077005
ml_only,pr,1.000000,0.155709,0.077193
ml_only,pr,1.000000,0.155889,0.077531
ml_only,pr,1.000000,0.156069,0.077588
ml_only,pr,1.000000,0.156250,0.080475
ml_only,pr,1.000000,0.156431,0.080498
ml_only,pr,1.000000,0.156613,0.081440
ml_only,pr,1.000000,0.156794,0.082076
ml_only,pr,1.000000,0.156977,0.083634
ml_only,pr,1.000000,0.157159,0.085991
ml_only,pr,1.000000,0.157343,0.088417
ml_only,pr,1.000000,0.157526,0.090298
ml_only,pr,1.000000,0.157710,0.090878
ml_only,pr,1.000000,0.157895,0.092970
ml_only,pr,1.000000,0.158080,0.093994
ml_only,pr,1.000000,0.158265,0.094545
ml_only,pr,1.000000,0.158451,0.097407
ml_only,pr,1.000000,0.158637,0.097618
ml_only,pr,1.000000,0.158824,0.098049
ml_only,pr,1.000000,0.159011,0.098243
ml_only,pr,1.000000,0.159198,0.098726
ml_only,pr,1.000000,0.159386,0.099100
ml_only,pr,1.000000,0.159574,0.099214
ml_only,pr,1.000000,0.159763,0.099228
ml_only,pr,1.000000,0.159953,0.100646
ml_only,pr,1.000000,0.160142,0.101245
ml_only,pr,1.000000,0.160333,0.101569
ml_only,pr,1.000000,0.160523,0.102312
ml_only,pr,1.000000,0.160714,0.102886
ml_only,pr,1.000000,0.160906,0.103246
ml_only,pr,1.000000,0.161098,0.104256
ml_only,pr,1.000000,0.161290,0.104507
ml_only,pr,1.000000,0.161483,0.104543
ml_only,pr,1.000000,0.161677,0.104615
ml_only,pr,1.000000,0.161871,0.104834
ml_only,pr,1.000000,0.162065,0.106837
ml_only,pr,1.000000,0.162260,0.108231
ml_only,pr,1.000000,0.162455,0.108802
ml_only,pr,1.000000,0.162651,0.109064
ml_only,pr,1.000000,0.162847,0.110351
ml_only,pr,1.000000,0.163043,0.110588
ml_only,pr,1.000000,0.163241,0.111250
ml_only,pr,1.000000,0.163438,0.112193
ml_only,pr,1.000000,0.163636,0.112871
ml_only,pr,1.000000,0.163835,0.113452
ml_only,pr,1.000000,0.164034,0.113613
ml_only,pr,1.000000,0.164234,0.114111
ml_only,pr,1.000000,0.164434,0.114591
ml_only,pr,1.000000,0.164634,0.115185
ml_only,pr,1.000000,0.164835,0.116311
ml_only,pr,1.000000,0.165037,0.116348
ml_only,pr,1.000000,0.165239,0.116616
ml_only,pr,1.000000,0.165441,0.116943
ml_only,pr,1.000000,0.165644,0.117405
ml_only,pr,1.000000,0.165848,0.117448
ml_only,pr,1.000000,0.166052,0.117493
ml_only,pr,1.000000,0.166256,0.117644
ml_only,pr,1.000000,0.166461,0.117693
ml_only,pr,1.000000,0.166667,0.117762
ml_only,pr,1.000000,0.166873,0.118601
ml_only,pr,1.000000,0.167079,0.119326
ml_only,pr,1.000000,0.167286,0.119442
ml_only,pr,1.000000,0.167494,0.119514
ml_only,pr,1.000000,0.167702,0.120206
ml_only,pr,1.000000,0.167910,0.120950
ml_only,pr,1.000000,0.168120,0.121104
ml_only,pr,1.000000,0.168329,0.121260
ml_only,pr,1.000000,0.168539,0.121819
ml_only,pr,1.000000,0.168750,0.121902
ml_only,pr,1.000000,0.168961,0.122447
ml_only,pr,1.000000,0.169173,0.122806
ml_only,pr,1.000000,0.169385,0.123101
ml_only,pr,1.000000,0.169598,0.123153
ml_only,pr,1.000000,0.169811,0.123584
ml_only,pr,1.000000,0.170025,0.123784
ml_only,pr,1.000000,0.170240,0.124980
ml_only,pr,1.000000,0.170455,0.126195
ml_only,pr,1.000000,0.170670,0.126450
ml_only,pr,1.000000,0.170886,0.126561
ml_only,pr,1.000000,0.171103,0.126621
ml_only,pr,1.000000,0.171320,0.127235
ml_only,pr,1.000000,0.171537,0.127983
ml_only,pr,1.000000,0.171756,0.128025
ml_only,pr,1.000000,0.171975,0.128091
ml_only,pr,1.000000,0.172194,0.128396
ml_only,pr,1.000000,0.172414,0.128477
ml_only,pr,1.000000,0.172634,0.128745
ml_only,pr,1.000000,0.172855,0.129174
ml_only,pr,1.000000,0.173077,0.129673
ml_only,pr,1.000000,0.173299,0.129906
ml_only,pr,1.000000,0.173522,0.129986
ml_only,pr,1.000000,0.173745,0.130414
ml_only,pr,1.000000,0.173969,0.132274
ml_only,pr,1.000000,0.174194,0.132377
ml_only,pr,1.000000,0.174419,0.132799
ml_only,pr,1.000000,0.174644,0.133010
ml_only,pr,1.000000,0.174870,0.133021
ml_only,pr,1.000000,0.175097,0.135658
ml_only,pr,1.000000,0.175325,0.136507
ml_only,pr,1.000000,0.175553,0.136599
ml_only,pr,1.000000,0.175781,0.137165
ml_only,pr,1.000000,0.176010,0.137392
ml_only,pr,1.000000,0.176240,0.138150
ml_only,pr,1.000000,0.176471,0.139425
ml_only,pr,1.000000,0.176702,0.139644
ml_only,pr,1.000000,0.176933,0.139672
ml_only,pr,1.000000,0.177165,0.140339
ml_only,pr,1.000000,0.177398,0.140356
ml_only,pr,1.000000,0.177632,0.141226
ml_only,pr,1.000000,0.177866,0.141611
ml_only,pr,1.000000,0.178100,0.141694
ml_only,pr,1.000000,0.178336,0.142368
ml_only,pr,1.000000,0.178571,0.142450
ml_only,pr,1.000000,0.178808,0.142547
ml_only,pr,1.000000,0.179045,0.144423
ml_only,pr,1.000000,0.179283,0.144780
ml_only,pr,1.000000,0.179521,0.145185
ml_only,pr,1.000000,0.179760,0.145240
ml_only,pr,1.000000,0.180000,0.145625
ml_only,pr,1.000000,0.180240,0.146324
ml_only,pr,1.000000,0.180481,0.146714
ml_only,pr,1.000000,0.180723,0.148045
ml_only,pr,1.000000,0.180965,0.149437
ml_only,pr,1.000000,0.181208,0.149732
ml_only,pr,1.000000,0.181452,0.150351
ml_only,pr,1.000000,0.181696,0.150640
ml_only,pr,1.000000,0.181941,0.150869
ml_only,pr,1.000000,0.182186,0.151217
ml_only,pr,1.000000,0.182432,0.152126
ml_only,pr,1.000000,0.182679,0.152905
ml_only,pr,1.000000,0.182927,0.153913
ml_only,pr,1.000000,0.183175,0.154225
ml_only,pr,1.000000,0.183424,0.154298
ml_only,pr,1.000000,0.183673,0.154507
ml_only,pr,1.000000,0.183924,0.154709
ml_only,pr,1.000000,0.184175,0.154861
ml_only,pr,1.000000,0.184426,0.155007
ml_only,pr,1.000000,0.184679,0.155026
ml_only,pr,1.000000,0.184932,0.155407
ml_only,pr,1.000000,0.185185,0.155758
ml_only,pr,1.000000,0.185440,0.155816
ml_only,pr,1.000000,0.185695,0.156665
ml_only,pr,1.000000,0.185950,0.157173
ml_only,pr,1.000000,0.186207,0.157439
ml_only,pr,1.000000,0.186464,0.157510
ml_only,pr,1.000000,0.186722,0.157626
ml_only,pr,1.000000,0.186981,0.157675
ml_only,pr,1.000000,0.187240,0.157693
ml_only,pr,1.000000,0.187500,0.158116
ml_only,pr,1.000000,0.187761,0.158493
ml_only,pr,1.000000,0.188022,0.158824
ml_only,pr,1.000000,0.188285,0.158960
ml_only,pr,1.000000,0.188547,0.159149
ml_only,pr,1.000000,0.188811,0.159257
ml_only,pr,1.000000,0.189076,0.159454
ml_only,pr,1.000000,0.189341,0.160794
ml_only,pr,1.000000,0.189607,0.161641
ml_only,pr,1.000000,0.189873,0.162062
ml_only,pr,1.000000,0.190141,0.162286
ml_only,pr,1.000000,0.190409,0.163306
ml_only,pr,1.000000,0.190678,0.163341
ml_only,pr,1.000000,0.190948,0.163655
ml_only,pr,1.000000,0.191218,0.163734
ml_only,pr,1.000000,0.191489,0.164153
ml_only,pr,1.000000,0.191761,0.164575
ml_only,pr,1.000000,0.192034,0.165323
ml_only,pr,1.000000,0.192308,0.165404
ml_only,pr,1.000000,0.192582,0.165414
ml_only,pr,1.000000,0.192857,0.165976
ml_only,pr,1.000000,0.193133,0.166044
ml_only,pr,1.000000,0.193410,0.167024
ml_only,pr,1.000000,0.193687,0.168519
ml_only,pr,1.000000,0.193966,0.168978
ml_only,pr,1.000000,0.194245,0.169138
ml_only,pr,1.000000,0.194524,0.169140
ml_only,pr,1.000000,0.194805,0.169734
ml_only,pr,1.000000,0.195087,0.170071
ml_only,pr,1.000000,0.195369,0.170839
ml_only,pr,1.000000,0.195652,0.171011
ml_only,pr,1.000000,0.195936,0.171560
ml_only,pr,1.000000,0.196221,0.171807
ml_only,pr,1.000000,0.196507,0.173079
ml_only,pr,1.000000,0.196793,0.173246
ml_only,pr,1.000000,0.197080,0.174064
ml_only,pr,1.000000,0.197368,0.174632
ml_only,pr,1.000000,0.197657,0.174754
ml_only,pr,1.000000,0.197947,0.174891
ml_only,pr,1.000000,0.198238,0.175034
ml_only,pr,1.000000,0.198529,0.175220
ml_only,pr,1.000000,0.198822,0.175221
ml_only,pr,1.000000,0.199115,0.175445
ml_only,pr,1.000000,0.199409,0.175679
ml_only,pr,1.000000,0.199704,0.176377
ml_only,pr,1.000000,0.200000,0.176734
ml_only,pr,1.000000,0.200297,0.176843
ml_only,pr,1.000000,0.200594,0.177341
ml_only,pr,1.000000,0.200893,0.177825
ml_only,pr,1.000000,0.201192,0.178194
ml_only,pr,1.000000,0.201493,0.178265
ml_only,pr,1.000000,0.201794,0.178960
ml_only,pr,1.000000,0.202096,0.179290
ml_only,pr,1.000000,0.202399,0.179322
ml_only,pr,1.000000,0.202703,0.180403
ml_only,pr,1.000000,0.203008,0.180839
ml_only,pr,1.000000,0.203313,0.180842
ml_only,pr,1.000000,0.203620,0.181112
ml_only,pr,1.000000,0.203927,0.181474
ml_only,pr,1.000000,0.204236,0.181614
ml_only,pr,1.000000,0.204545,0.181881
ml_only,pr,1.000000,0.204856,0.182411
ml_only,pr,1.000000,0.205167,0.182572
ml_only,pr,1.000000,0.205479,0.182959
ml_only,pr,1.000000,0.205793,0.183235
ml_only,pr,1.000000,0.206107,0.184990
ml_only,pr,1.000000,0.206422,0.185436
ml_only,pr,1.000000,0.206738,0.186600
ml_only,pr,1.000000,0.207055,0.187782
ml_only,pr,1.000000,0.207373,0.188058
ml_only,pr,1.000000,0.207692,0.188652
ml_only,pr,1.000000,0.208012,0.188740
ml_only,pr,1.000000,0.208333,0.188771
ml_only,pr,1.000000,0.208655,0.188996
ml_only,pr,1.000000,0.208978,0.189007
ml_only,pr,1.000000,0.209302,0.189755
ml_only,pr,1.000000,0.209627,0.189843
ml_only,pr,1.000000,0.209953,0.189845
ml_only,pr,1.000000,0.210280,0.190284
ml_only,pr,1.000000,0.210608,0.190578
ml_only,pr,1.000000,0.210938,0.191075
ml_only,pr,1.000000,0.211268,0.191614
ml_only,pr,1.000000,0.211599,0.191820
ml_only,pr,1.000000,0.211931,0.192758
ml_only,pr,1.000000,0.212264,0.193593
ml_only,pr,1.000000,0.212598,0.193606
ml_only,pr,1.000000,0.212934,0.194536
ml_only,pr,1.000000,0.213270,0.194935
ml_only,pr,1.000000,0.213608,0.195388
ml_only,pr,1.000000,0.213946,0.195520
ml_only,pr,1.000000,0.214286,0.195526
ml_only,pr,1.000000,0.214626,0.195623
ml_only,pr,1.000000,0.214968,0.196485
ml_only,pr,1.000000,0.215311,0.196493
ml_only,pr,1.000000,0.215655,0.196620
ml_only,pr,1.000000,0.216000,0.196627
ml_only,pr,1.000000,0.216346,0.196665
ml_only,pr,1.000000,0.216693,0.196903
ml_only,pr,1.000000,0.217042,0.197670
ml_only,pr,1.000000,0.217391,0.198147
ml_only,pr,1.000000,0.217742,0.198636
ml_only,pr,1.000000,0.218094,0.198941
ml_only,pr,1.000000,0.218447,0.199025
ml_only,pr,1.000000,0.218801,0.199972
ml_only,pr,1.000000,0.219156,0.200182
ml_only,pr,1.000000,0.219512,0.200590
ml_only,pr,1.000000,0.219870,0.200808
ml_only,pr,1.000000,0.220228,0.200845
ml_only,pr,1.000000,0.220588,0.201389
ml_only,pr,1.000000,0.220949,0.201456
ml_only,pr,1.000000,0.221311,0.202442
ml_only,pr,1.000000,0.221675,0.202883
ml_only,pr,1.000000,0.222039,0.202892
ml_only,pr,1.000000,0.222405,0.202980
ml_only,pr,1.000000,0.222772,0.203358
ml_only,pr,1.000000,0.223140,0.203649
ml_only,pr,1.000000,0.223510,0.205428
ml_only,pr,1.000000,0.223881,0.205600
ml_only,pr,1.000000,0.224252,0.206299
ml_only,pr,1.000000,0.224626,0.207031
ml_only,pr,1.000000,0.225000,0.207096
ml_only,pr,1.000000,0.225376,0.207537
ml_only,pr,1.000000,0.225753,0.207818
ml_only,pr,1.000000,0.226131,0.208157
ml_only,pr,1.000000,0.226510,0.208400
ml_only,pr,1.000000,0.226891,0.208939
ml_only,pr,1.000000,0.227273,0.209569
ml_only,pr,1.000000,0.227656,0.209627
ml_only,pr,1.000000,0.228041,0.209730
ml_only,pr,1.000000,0.228426,0.209900
ml_only,pr,1.000000,0.228814,0.209922
ml_only,pr,1.000000,0.229202,0.210138
ml_only,pr,1.000000,0.229592,0.210171
ml_only,pr,1.000000,0.229983,0.211683
ml_only,pr,1.000000,0.230375,0.211957
ml_only,pr,1.000000,0.230769,0.212173
ml_only,pr,1.000000,0.231164,0.212177
ml_only,pr,1.000000,0.231561,0.212748
ml_only,pr,1.000000,0.231959,0.213640
ml_only,pr,1.000000,0.232358,0.214743
ml_only,pr,1.000000,0.232759,0.214816
ml_only,pr,1.000000,0.233161,0.214823
ml_only,pr,1.000000,0.233564,0.215442
ml_only,pr,1.000000,0.233969,0.215530
ml_only,pr,1.000000,0.234375,0.215557
ml_only,pr,1.000000,0.234783,0.215613
ml_only,pr,1.000000,0.235192,0.215747
ml_only,pr,1.000000,0.235602,0.215753
ml_only,pr,1.000000,0.236014,0.216631
ml_only,pr,1.000000,0.236427,0.216768
ml_only,pr,1.000000,0.236842,0.216869
ml_only,pr,1.000000,0.237258,0.217021
ml_only,pr,1.000000,0.237676,0.217389
ml_only,pr,1.000000,0.238095,0.217547
ml_only,pr,1.000000,0.238516,0.218162
ml_only,pr,1.000000,0.238938,0.218303
ml_only,pr,1.000000,0.239362,0.218486
ml_only,pr,1.000000,0.239787,0.218619
ml_only,pr,1.000000,0.240214,0.218667
ml_only,pr,1.000000,0.240642,0.219043
ml_only,pr,1.000000,0.241071,0.219322
ml_only,pr,1.000000,0.241503,0.220331
ml_only,pr,1.000000,0.241935,0.220349
ml_only,pr,1.000000,0.242370,0.220503
ml_only,pr,1.000000,0.242806,0.221040
ml_only,pr,1.000000,0.243243,0.221063
ml_only,pr,1.000000,0.243682,0.221435
ml_only,pr,1.000000,0.244123,0.221784
ml_only,pr,1.000000,0.244565,0.222779
ml_only,pr,1.000000,0.245009,0.223560
ml_only,pr,1.000000,0.245455,0.223885
ml_only,pr,1.000000,0.245902,0.223957
ml_only,pr,1.000000,0.246350,0.225100
ml_only,pr,1.000000,0.246801,0.225463
ml_only,pr,1.000000,0.247253,0.225812
ml_only,pr,1.000000,0.247706,0.226222
ml_only,pr,1.000000,0.248162,0.226984
ml_only,pr,1.000000,0.248619,0.227295
ml_only,pr,1.000000,0.249077,0.227365
ml_only,pr,1.000000,0.249538,0.229291
ml_only,pr,1.000000,0.250000,0.229321
ml_only,pr,1.000000,0.250464,0.229770
ml_only,pr,1.000000,0.250929,0.230242
ml_only,pr,1.000000,0.251397,0.230247
ml_only,pr,1.000000,0.251866,0.230420
ml_only,pr,1.000000,0.252336,0.231017
ml_only,pr,1.000000,0.252809,0.231086
ml_only,pr,1.000000,0.253283,0.231089
ml_only,pr,1.000000,0.253759,0.231553
ml_only,pr,1.000000,0.254237,0.231823
ml_only,pr,1.000000,0.254717,0.232197
ml_only,pr,1.000000,0.255198,0.232359
ml_only,pr,1.000000,0.255682,0.232404
ml_only,pr,1.000000,0.256167,0.232870
ml_only,pr,1.000000,0.256654,0.233098
ml_only,pr,1.000000,0.257143,0.233359
ml_only,pr,1.000000,0.257634,0.233604
ml_only,pr,1.000000,0.258126,0.233895
ml_only,pr,1.000000,0.258621,0.234252
ml_only,pr,1.000000,0.259117,0.234493
ml_only,pr,1.000000,0.259615,0.234547
ml_only,pr,1.000000,0.260116,0.234938
ml_only,pr,1.000000,0.260618,0.235346
ml_only,pr,1.000000,0.261122,0.235544
ml_only,pr,1.000000,0.261628,0.235548
ml_only,pr,1.000000,0.262136,0.235819
ml_only,pr,1.000000,0.262646,0.236006
ml_only,pr,1.000000,0.263158,0.236638
ml_only,pr,1.000000,0.263672,0.238490
ml_only,pr,1.000000,0.264188,0.238869
ml_only,pr,1.000000,0.264706,0.239395
ml_only,pr,1.000000,0.265226,0.239739
ml_only,pr,1.000000,0.265748,0.239827
ml_only,pr,1.000000,0.266272,0.241420
ml_only,pr,1.000000,0.266798,0.241800
ml_only,pr,1.000000,0.267327,0.241816
ml_only,pr,1.000000,0.267857,0.241964
ml_only,pr,1.000000,0.268390,0.242120
ml_only,pr,1.000000,0.268924,0.242529
ml_only,pr,1.000000,0.269461,0.242830
ml_only,pr,1.000000,0.270000,0.242979
ml_only,pr,1.000000,0.270541,0.243807
ml_only,pr,1.000000,0.271084,0.244641
ml_only,pr,1.000000,0.271630,0.244909
ml_only,pr,1.000000,0.272177,0.244914
ml_only,pr,1.000000,0.272727,0.245112
ml_only,pr,1.000000,0.273279,0.245244
ml_only,pr,1.000000,0.273834,0.246430
ml_only,pr,1.000000,0.274390,0.247089
ml_only,pr,1.000000,0.274949,0.247174
ml_only,pr,1.000000,0.275510,0.248699
ml_only,pr,1.000000,0.276074,0.248848
ml_only,pr,1.000000,0.276639,0.249043
ml_only,pr,1.000000,0.277207,0.249397
ml_only,pr,1.000000,0.277778,0.249453
ml_only,pr,1.000000,0.278351,0.250420
ml_only,pr,1.000000,0.278926,0.250444
ml_only,pr,1.000000,0.279503,0.250637
ml_only,pr,1.000000,0.280083,0.250947
ml_only,pr,1.000000,0.280665,0.253038
ml_only,pr,1.000000,0.281250,0.253302
ml_only,pr,1.000000,0.281837,0.253304
ml_only,pr,1.000000,0.282427,0.253640
ml_only,pr,1.000000,0.283019,0.253674
ml_only,pr,1.000000,0.283613,0.254966
ml_only,pr,1.000000,0.284211,0.255004
ml_only,pr,1.000000,0.284810,0.256506
ml_only,pr,1.000000,0.285412,0.256558
ml_only,pr,1.000000,0.286017,0.257170
ml_only,pr,1.000000,0.286624,0.257214
ml_only,pr,1.000000,0.287234,0.257405
ml_only,pr,1.000000,0.287846,0.258355
ml_only,pr,1.000000,0.288462,0.258742
ml_only,pr,1.000000,0.289079,0.259233
ml_only,pr,1.000000,0.289700,0.259738
ml_only,pr,1.000000,0.290323,0.259966
ml_only,pr,1.000000,0.290948,0.260029
ml_only,pr,1.000000,0.291577,0.260076
ml_only,pr,1.000000,0.292208,0.261124
ml_only,pr,1.000000,0.292842,0.261164
ml_only,pr,1.000000,0.293478,0.261636
ml_only,pr,1.000000,0.294118,0.261681
ml_only,pr,1.000000,0.294760,0.262058
ml_only,pr,1.000000,0.295405,0.262369
ml_only,pr,1.000000,0.296053,0.262560
ml_only,pr,1.000000,0.296703,0.262617
ml_only,pr,1.000000,0.297357,0.262760
ml_only,pr,1.000000,0.298013,0.263446
ml_only,pr,1.000000,0.298673,0.263500
ml_only,pr,1.000000,0.299335,0.263523
ml_only,pr,1.000000,0.300000,0.263612
ml_only,pr,1.000000,0.300668,0.264273
ml_only,pr,1.000000,0.301339,0.264280
ml_only,pr,1.000000,0.302013,0.264585
ml_only,pr,1.000000,0.302691,0.265543
ml_only,pr,1.000000,0.303371,0.265582
ml_only,pr,1.000000,0.304054,0.265938
ml_only,pr,1.000000,0.304740,0.265964
ml_only,pr,1.000000,0.305430,0.266011
ml_only,pr,1.000000,0.306122,0.266103
ml_only,pr,1.000000,0.306818,0.266386
ml_only,pr,1.000000,0.307517,0.266416
ml_only,pr,1.000000,0.308219,0.266983
ml_only,pr,1.000000,0.308924,0.267605
ml_only,pr,1.000000,0.309633,0.269079
ml_only,pr,1.000000,0.310345,0.269765
ml_only,pr,1.000000,0.311060,0.269975
ml_only,pr,1.000000,0.311778,0.269988
ml_only,pr,1.000000,0.312500,0.270608
ml_only,pr,1.000000,0.313225,0.270929
ml_only,pr,1.000000,0.313953,0.272007
ml_only,pr,1.000000,0.314685,0.272660
ml_only,pr,1.000000,0.315421,0.272683
ml_only,pr,1.000000,0.316159,0.272739
ml_only,pr,1.000000,0.316901,0.274923
ml_only,pr,1.000000,0.317647,0.275150
ml_only,pr,1.000000,0.318396,0.275173
ml_only,pr,1.000000,0.319149,0.277352
ml_only,pr,1.000000,0.319905,0.278238
ml_only,pr,1.000000,0.320665,0.278299
ml_only,pr,1.000000,0.321429,0.278618
ml_only,pr,1.000000,0.322196,0.279402
ml_only,pr,1.000000,0.322967,0.279487
ml_only,pr,1.000000,0.323741,0.279595
ml_only,pr,1.000000,0.324519,0.280799
ml_only,pr,1.000000,0.325301,0.281277
ml_only,pr,1.000000,0.326087,0.281428
ml_only,pr,1.000000,0.326877,0.281844
ml_only,pr,1.000000,0.327670,0.282584
ml_only,pr,1.000000,0.328467,0.282850
ml_only,pr,1.000000,0.329268,0.282915
ml_only,pr,1.000000,0.330073,0.283338
ml_only,pr,1.000000,0.330882,0.283485
ml_only,pr,1.000000,0.331695,0.283897
ml_only,pr,1.000000,0.332512,0.284392
ml_only,pr,1.000000,0.333333,0.284404
ml_only,pr,1.000000,0.334158,0.284773
ml_only,pr,1.000000,0.334988,0.285103
ml_only,pr,1.000000,0.335821,0.285174
ml_only,pr,1.000000,0.336658,0.285680
ml_only,pr,1.000000,0.337500,0.285839
ml_only,pr,1.000000,0.338346,0.286557
ml_only,pr,1.000000,0.339196,0.286585
ml_only,pr,1.000000,0.340050,0.286807
ml_only,pr,1.000000,0.340909,0.287266
ml_only,pr,1.000000,0.341772,0.287403
ml_only,pr,1.000000,0.342640,0.288617
ml_only,pr,1.000000,0.343511,0.288856
ml_only,pr,1.000000,0.344388,0.289055
ml_only,pr,1.000000,0.345269,0.290183
ml_only,pr,1.000000,0.346154,0.290618
ml_only,pr,1.000000,0.347044,0.291803
ml_only,pr,1.000000,0.347938,0.292345
ml_only,pr,1.000000,0.348837,0.294533
ml_only,pr,1.000000,0.349741,0.294595
ml_only,pr,1.000000,0.350649,0.294694
ml_only,pr,1.000000,0.351562,0.295914
ml_only,pr,1.000000,0.352480,0.296420
ml_only,pr,1.000000,0.353403,0.296584
ml_only,pr,1.000000,0.354331,0.297019
ml_only,pr,1.000000,0.355263,0.297697
ml_only,pr,1.000000,0.356201,0.297769
ml_only,pr,1.000000,0.357143,0.297832
ml_only,pr,1.000000,0.358090,0.298081
ml_only,pr,1.000000,0.359043,0.298134
ml_only,pr,1.000000,0.360000,0.298574
ml_only,pr,1.000000,0.360963,0.300151
ml_only,pr,1.000000,0.361930,0.300235
ml_only,pr,1.000000,0.362903,0.301118
ml_only,pr,1.000000,0.363881,0.302017
ml_only,pr,1.000000,0.364865,0.302687
ml_only,pr,1.000000,0.365854,0.302738
ml_only,pr,1.000000,0.366848,0.302772
ml_only,pr,1.000000,0.367847,0.304434
ml_only,pr,1.000000,0.368852,0.305435
ml_only,pr,1.000000,0.369863,0.305472
ml_only,pr,1.000000,0.370879,0.305619
ml_only,pr,1.000000,0.371901,0.306234
ml_only,pr,1.000000,0.372928,0.306445
ml_only,pr,1.000000,0.373961,0.308010
ml_only,pr,1.000000,0.375000,0.308115
ml_only,pr,1.000000,0.376045,0.308750
ml_only,pr,1.000000,0.377095,0.309481
ml_only,pr,1.000000,0.378151,0.309622
ml_only,pr,1.000000,0.379213,0.309643
ml_only,pr,1.000000,0.380282,0.310657
ml_only,pr,1.000000,0.381356,0.311142
ml_only,pr,1.000000,0.382436,0.312049
ml_only,pr,1.000000,0.383523,0.312506
ml_only,pr,1.000000,0.384615,0.313412
ml_only,pr,1.000000,0.385714,0.313535
ml_only,pr,1.000000,0.386819,0.313606
ml_only,pr,1.000000,0.387931,0.313750
ml_only,pr,1.000000,0.389049,0.314249
ml_only,pr,1.000000,0.390173,0.315512
ml_only,pr,1.000000,0.391304,0.315552
ml_only,pr,1.000000,0.392442,0.315606
ml_only,pr,1.000000,0.393586,0.317760
ml_only,pr,1.000000,0.394737,0.317901
ml_only,pr,1.000000,0.395894,0.318181
ml_only,pr,1.000000,0.397059,0.318373
ml_only,pr,1.000000,0.398230,0.318558
ml_only,pr,1.000000,0.399408,0.319650
ml_only,pr,1.000000,0.400593,0.319683
ml_only,pr,1.000000,0.401786,0.320452
ml_only,pr,1.000000,0.402985,0.323106
ml_only,pr,1.000000,0.404192,0.323136
ml_only,pr,1.000000,0.405405,0.324193
ml_only,pr,1.000000,0.406627,0.324427
ml_only,pr,1.000000,0.407855,0.324982
ml_only,pr,1.000000,0.409091,0.325890
ml_only,pr,1.000000,0.410334,0.325989
ml_only,pr,1.000000,0.411585,0.327668
ml_only,pr,1.000000,0.412844,0.328032
ml_only,pr,1.000000,0.414110,0.328926
ml_only,pr,1.000000,0.415385,0.329055
ml_only,pr,1.000000,0.416667,0.329842
ml_only,pr,1.000000,0.417957,0.330020
ml_only,pr,1.000000,0.419255,0.330082
ml_only,pr,1.000000,0.420561,0.330255
ml_only,pr,1.000000,0.421875,0.331416
ml_only,pr,1.000000,0.423197,0.331731
ml_only,pr,1.000000,0.424528,0.332173
ml_only,pr,1.000000,0.425868,0.333798
ml_only,pr,1.000000,0.427215,0.333962
ml_only,pr,1.000000,0.428571,0.335662
ml_only,pr,1.000000,0.429936,0.336010
ml_only,pr,1.000000,0.431310,0.336964
ml_only,pr,1.000000,0.432692,0.336984
ml_only,pr,1.000000,0.434084,0.339328
ml_only,pr,1.000000,0.435484,0.340063
ml_only,pr,1.000000,0.436893,0.341269
ml_only,pr,1.000000,0.438312,0.341865
ml_only,pr,1.000000,0.439739,0.342482
ml_only,pr,0.992593,0.437908,0.342530
ml_only,pr,0.992593,0.439344,0.343490
ml_only,pr,0.992593,0.440789,0.344101
ml_only,pr,0.992593,0.442244,0.344175
ml_only,pr,0.992593,0.443709,0.345243
ml_only,pr,0.992593,0.445183,0.345250
ml_only,pr,0.992593,0.446667,0.345316
ml_only,pr,0.992593,0.448161,0.345798
ml_only,pr,0.992593,0.449664,0.346073
ml_only,pr,0.992593,0.451178,0.346948
ml_only,pr,0.992593,0.452703,0.347344
ml_only,pr,0.992593,0.454237,0.347738
ml_only,pr,0.992593,0.455782,0.348184
ml_only,pr,0.992593,0.457338,0.348848
ml_only,pr,0.992593,0.458904,0.348920
ml_only,pr,0.992593,0.460481,0.349019
ml_only,pr,0.992593,0.462069,0.349106
ml_only,pr,0.992593,0.463668,0.350265
ml_only,pr,0.992593,0.465278,0.350329
ml_only,pr,0.992593,0.466899,0.350517
ml_only,pr,0.992593,0.468531,0.351558
ml_only,pr,0.992593,0.470175,0.351630
ml_only,pr,0.992593,0.471831,0.352154
ml_only,pr,0.992593,0.473498,0.352676
ml_only,pr,0.992593,0.475177,0.352952
ml_only,pr,0.992593,0.476868,0.353410
ml_only,pr,0.992593,0.478571,0.353935
ml_only,pr,0.992593,0.480287,0.354957
ml_only,pr,0.992593,0.482014,0.357553
ml_only,pr,0.992593,0.483755,0.359377
ml_only,pr,0.992593,0.485507,0.359388
ml_only,pr,0.992593,0.487273,0.359764
ml_only,pr,0.992593,0.489051,0.360140
ml_only,pr,0.992593,0.490842,0.361334
ml_only,pr,0.992593,0.492647,0.362347
ml_only,pr,0.985185,0.490775,0.364378
ml_only,pr,0.985185,0.492593,0.364726
ml_only,pr,0.985185,0.494424,0.364997
ml_only,pr,0.985185,0.496269,0.365400
ml_only,pr,0.985185,0.498127,0.365972
ml_only,pr,0.985185,0.500000,0.366514
ml_only,pr,0.985185,0.501887,0.366703
ml_only,pr,0.985185,0.503788,0.367909
ml_only,pr,0.985185,0.505703,0.369358
ml_only,pr,0.985185,0.507634,0.369878
ml_only,pr,0.985185,0.509579,0.370347
ml_only,pr,0.985185,0.511538,0.370899
ml_only,pr,0.977778,0.509653,0.372761
ml_only,pr,0.977778,0.511628,0.373139
ml_only,pr,0.977778,0.513619,0.373147
ml_only,pr,0.977778,0.515625,0.373230
ml_only,pr,0.977778,0.517647,0.373950
ml_only,pr,0.977778,0.519685,0.376449
ml_only,pr,0.977778,0.521739,0.376571
ml_only,pr,0.977778,0.523810,0.377757
ml_only,pr,0.977778,0.525896,0.377785
ml_only,pr,0.977778,0.528000,0.377860
ml_only,pr,0.977778,0.530120,0.377888
ml_only,pr,0.977778,0.532258,0.377899
ml_only,pr,0.977778,0.534413,0.378104
ml_only,pr,0.977778,0.536585,0.378186
ml_only,pr,0.977778,0.538776,0.378390
ml_only,pr,0.977778,0.540984,0.378533
ml_only,pr,0.977778,0.543210,0.378830
ml_only,pr,0.977778,0.545455,0.380877
ml_only,pr,0.977778,0.547718,0.381419
ml_only,pr,0.977778,0.550000,0.382148
ml_only,pr,0.977778,0.552301,0.382303
ml_only,pr,0.977778,0.554622,0.382750
ml_only,pr,0.977778,0.556962,0.383509
ml_only,pr,0.977778,0.559322,0.383779
ml_only,pr,0.977778,0.561702,0.384027
ml_only,pr,0.977778,0.564103,0.384462
ml_only,pr,0.977778,0.566524,0.385169
ml_only,pr,0.977778,0.568966,0.387090
ml_only,pr,0.977778,0.571429,0.388282
ml_only,pr,0.977778,0.573913,0.388992
ml_only,pr,0.977778,0.576419,0.389781
ml_only,pr,0.977778,0.578947,0.392578
ml_only,pr,0.977778,0.581498,0.393670
ml_only,pr,0.977778,0.584071,0.394788
ml_only,pr,0.977778,0.586667,0.395767
ml_only,pr,0.977778,0.589286,0.395798
ml_only,pr,0.970370,0.587444,0.396690
ml_only,pr,0.970370,0.590090,0.397319
ml_only,pr,0.970370,0.592760,0.398004
ml_only,pr,0.970370,0.595455,0.398387
ml_only,pr,0.970370,0.598174,0.398579
ml_only,pr,0.970370,0.600917,0.398897
ml_only,pr,0.970370,0.603687,0.399023
ml_only,pr,0.970370,0.606481,0.400293
ml_only,pr,0.970370,0.609302,0.402857
ml_only,pr,0.970370,0.612150,0.403046
ml_only,pr,0.962963,0.610329,0.403984
ml_only,pr,0.962963,0.613208,0.404665
ml_only,pr,0.962963,0.616114,0.406083
ml_only,pr,0.962963,0.619048,0.407594
ml_only,pr,0.962963,0.622010,0.412161
ml_only,pr,0.955556,0.620192,0.412170
ml_only,pr,0.955556,0.623188,0.415737
ml_only,pr,0.955556,0.626214,0.415971
ml_only,pr,0.955556,0.629268,0.417592
ml_only,pr,0.955556,0.632353,0.418611
ml_only,pr,0.955556,0.635468,0.420037
ml_only,pr,0.955556,0.638614,0.420379
ml_only,pr,0.955556,0.641791,0.420991
ml_only,pr,0.955556,0.645000,0.421288
ml_only,pr,0.955556,0.648241,0.421696
ml_only,pr,0.955556,0.651515,0.425532
ml_only,pr,0.955556,0.654822,0.426610
ml_only,pr,0.955556,0.658163,0.426612
ml_only,pr,0.955556,0.661538,0.429191
ml_only,pr,0.948148,0.659794,0.429271
ml_only,pr,0.948148,0.663212,0.429615
ml_only,pr,0.948148,0.666667,0.430695
ml_only,pr,0.948148,0.670157,0.431054
ml_only,pr,0.948148,0.673684,0.431552
ml_only,pr,0.948148,0.677249,0.434171
ml_only,pr,0.948148,0.680851,0.434185
ml_only,pr,0.948148,0.684492,0.434751
ml_only,pr,0.948148,0.688172,0.435424
ml_only,pr,0.948148,0.691892,0.436002
ml_only,pr,0.948148,0.695652,0.436406
ml_only,pr,0.948148,0.699454,0.436806
ml_only,pr,0.948148,0.703297,0.439677
ml_only,pr,0.940741,0.701657,0.441248
ml_only,pr,0.940741,0.705556,0.441674
ml_only,pr,0.940741,0.709497,0.441714
ml_only,pr,0.940741,0.713483,0.442101
ml_only,pr,0.940741,0.717514,0.444490
ml_only,pr,0.940741,0.721591,0.446936
ml_only,pr,0.940741,0.725714,0.447381
ml_only,pr,0.933333,0.724138,0.450301
ml_only,pr,0.933333,0.728324,0.450810
ml_only,pr,0.933333,0.732558,0.451306
ml_only,pr,0.933333,0.736842,0.451527
ml_only,pr,0.933333,0.741176,0.453492
ml_only,pr,0.933333,0.745562,0.454786
ml_only,pr,0.933333,0.750000,0.455124
ml_only,pr,0.933333,0.754491,0.455254
ml_only,pr,0.933333,0.759036,0.456329
ml_only,pr,0.933333,0.763636,0.459087
ml_only,pr,0.933333,0.768293,0.459225
ml_only,pr,0.933333,0.773006,0.463198
ml_only,pr,0.933333,0.777778,0.463970
ml_only,pr,0.933333,0.782609,0.464328
ml_only,pr,0.925926,0.781250,0.465178
ml_only,pr,0.925926,0.786164,0.466256
ml_only,pr,0.925926,0.791139,0.467569
ml_only,pr,0.925926,0.796178,0.470462
ml_only,pr,0.925926,0.801282,0.472826
ml_only,pr,0.925926,0.806452,0.474383
ml_only,pr,0.925926,0.811688,0.479955
ml_only,pr,0.925926,0.816993,0.479961
ml_only,pr,0.925926,0.822368,0.481542
ml_only,pr,0.925926,0.827815,0.484182
ml_only,pr,0.925926,0.833333,0.484731
ml_only,pr,0.918519,0.832215,0.487075
ml_only,pr,0.918519,0.837838,0.488824
ml_only,pr,0.918519,0.843537,0.490749
ml_only,pr,0.918519,0.849315,0.491685
ml_only,pr,0.918519,0.855172,0.495766
ml_only,pr,0.918519,0.861111,0.496062
ml_only,pr,0.911111,0.860140,0.498856
ml_only,pr,0.911111,0.866197,0.500741
ml_only,pr,0.903704,0.865248,0.503792
ml_only,pr,0.903704,0.871429,0.503865
ml_only,pr,0.896296,0.870504,0.506692
ml_only,pr,0.888889,0.869565,0.507159
ml_only,pr,0.881481,0.868613,0.507445
ml_only,pr,0.881481,0.875000,0.507701
ml_only,pr,0.874074,0.874074,0.516501
ml_only,pr,0.874074,0.880597,0.517024
ml_only,pr,0.866667,0.879699,0.518997
ml_only,pr,0.859259,0.878788,0.519027
ml_only,pr,0.851852,0.877863,0.519830
ml_only,pr,0.844444,0.876923,0.520861
ml_only,pr,0.837037,0.875969,0.521882
ml_only,pr,0.829630,0.875000,0.523135
ml_only,pr,0.829630,0.881890,0.525199
ml_only,pr,0.829630,0.888889,0.525460
ml_only,pr,0.829630,0.896000,0.525640
ml_only,pr,0.822222,0.895161,0.527729
ml_only,pr,0.814815,0.894309,0.529858
ml_only,pr,0.814815,0.901639,0.530675
ml_only,pr,0.814815,0.909091,0.531371
ml_only,pr,0.807407,0.908333,0.532005
ml_only,pr,0.800000,0.907563,0.533002
ml_only,pr,0.792593,0.906780,0.536258
ml_only,pr,0.785185,0.905983,0.536825
ml_only,pr,0.777778,0.905172,0.537249
ml_only,pr,0.770370,0.904348,0.537898
ml_only,pr,0.762963,0.903509,0.539155
ml_only,pr,0.755556,0.902655,0.539898
ml_only,pr,0.748148,0.901786,0.540294
ml_only,pr,0.748148,0.909910,0.546231
ml_only,pr,0.740741,0.909091,0.546740
ml_only,pr,0.733333,0.908257,0.553192
ml_only,pr,0.733333,0.916667,0.561618
ml_only,pr,0.733333,0.925234,0.562478
ml_only,pr,0.725926,0.924528,0.565333
ml_only,pr,0.718519,0.923810,0.567524
ml_only,pr,0.718519,0.932692,0.571262
ml_only,pr,0.711111,0.932039,0.574739
ml_only,pr,0.703704,0.931373,0.575100
ml_only,pr,0.696296,0.930693,0.576087
ml_only,pr,0.688889,0.930000,0.578534
ml_only,pr,0.688889,0.939394,0.578868
ml_only,pr,0.681481,0.938776,0.581976
ml_only,pr,0.674074,0.938144,0.583100
ml_only,pr,0.674074,0.947917,0.584847
ml_only,pr,0.666667,0.947368,0.586615
ml_only,pr,0.659259,0.946809,0.598933
ml_only,pr,0.651852,0.946237,0.599799
ml_only,pr,0.644444,0.945652,0.600705
ml_only,pr,0.637037,0.945055,0.603660
ml_only,pr,0.629630,0.944444,0.603741
ml_only,pr,0.629630,0.955056,0.604269
ml_only,pr,0.622222,0.954545,0.610902
ml_only,pr,0.614815,0.954023,0.611046
ml_only,pr,0.607407,0.953488,0.612585
ml_only,pr,0.600000,0.952941,0.613305
ml_only,pr,0.592593,0.952381,0.619388
ml_only,pr,0.592593,0.963855,0.620962
ml_only,pr,0.585185,0.963415,0.621797
ml_only,pr,0.577778,0.962963,0.625011
ml_only,pr,0.570370,0.962500,0.627618
ml_only,pr,0.562963,0.962025,0.629106
ml_only,pr,0.555556,0.961538,0.629110
ml_only,pr,0.548148,0.961039,0.647503
ml_only,pr,0.540741,0.960526,0.647921
ml_only,pr,0.533333,0.960000,0.649591
ml_only,pr,0.525926,0.959459,0.650207
ml_only,pr,0.518519,0.958904,0.652166
ml_only,pr,0.518519,0.972222,0.652635
ml_only,pr,0.511111,0.971831,0.655019
ml_only,pr,0.503704,0.971429,0.656490
ml_only,pr,0.496296,0.971014,0.658740
ml_only,pr,0.488889,0.970588,0.659740
ml_only,pr,0.481481,0.970149,0.659889
ml_only,pr,0.474074,0.969697,0.659967
ml_only,pr,0.466667,0.969231,0.660425
ml_only,pr,0.459259,0.968750,0.664098
ml_only,pr,0.451852,0.968254,0.664805
ml_only,pr,0.451852,0.983871,0.667584
ml_only,pr,0.444444,0.983607,0.674424
ml_only,pr,0.437037,0.983333,0.677247
ml_only,pr,0.429630,0.983051,0.678283
ml_only,pr,0.422222,0.982759,0.680844
ml_only,pr,0.414815,0.982456,0.683775
ml_only,pr,0.407407,0.982143,0.684187
ml_only,pr,0.400000,0.981818,0.685882
ml_only,pr,0.392593,0.981481,0.685902
ml_only,pr,0.385185,0.981132,0.690300
ml_only,pr,0.377778,0.980769,0.705189
ml_only,pr,0.370370,0.980392,0.705301
ml_only,pr,0.362963,0.980000,0.706696
ml_only,pr,0.355556,0.979592,0.708174
ml_only,pr,0.348148,0.979167,0.713360
ml_only,pr,0.340741,0.978723,0.716604
ml_only,pr,0.333333,0.978261,0.718041
ml_only,pr,0.325926,0.977778,0.719715
ml_only,pr,0.318519,0.977273,0.722567
ml_only,pr,0.311111,0.976744,0.724402
ml_only,pr,0.303704,0.976190,0.728269
ml_only,pr,0.296296,0.975610,0.728693
ml_only,pr,0.288889,0.975000,0.735826
ml_only,pr,0.281481,0.974359,0.737615
ml_only,pr,0.274074,0.973684,0.739624
ml_only,pr,0.266667,0.972973,0.742983
ml_only,pr,0.259259,0.972222,0.745051
ml_only,pr,0.251852,0.971429,0.746794
ml_only,pr,0.244444,0.970588,0.748364
ml_only,pr,0.237037,0.969697,0.754962
ml_only,pr,0.229630,0.968750,0.758175
ml_only,pr,0.222222,0.967742,0.760047
ml_only,pr,0.214815,0.966667,0.760277
ml_only,pr,0.207407,0.965517,0.762571
ml_only,pr,0.200000,0.964286,0.765328
ml_only,pr,0.192593,0.962963,0.765340
ml_only,pr,0.192593,1.000000,0.768262
ml_only,pr,0.185185,1.000000,0.773446
ml_only,pr,0.177778,1.000000,0.777425
ml_only,pr,0.170370,1.000000,0.780105
ml_only,pr,0.162963,1.000000,0.785961
ml_only,pr,0.155556,1.000000,0.794619
ml_only,pr,0.148148,1.000000,0.800826
ml_only,pr,0.140741,1.000000,0.806532
ml_only,pr,0.133333,1.000000,0.811878
ml_only,pr,0.125926,1.000000,0.812123
ml_only,pr,0.118519,1.000000,0.812435
ml_only,pr,0.111111,1.000000,0.818051
ml_only,pr,0.103704,1.000000,0.825911
ml_only,pr,0.096296,1.000000,0.828175
ml_only,pr,0.088889,1.000000,0.829875
ml_only,pr,0.081481,1.000000,0.832093
ml_only,pr,0.074074,1.000000,0.852968
ml_only,pr,0.066667,1.000000,0.856664
ml_only,pr,0.059259,1.000000,0.867323
ml_only,pr,0.051852,1.000000,0.888243
ml_only,pr,0.044444,1.000000,0.890640
ml_only,pr,0.037037,1.000000,0.895095
ml_only,pr,0.029630,1.000000,0.923914
ml_only,pr,0.022222,1.000000,0.934701
ml_only,pr,0.014815,1.000000,0.984441
ml_only,pr,0.007407,1.000000,1.000000
ml_only,pr,0.000000,1.000000,1.000000
hybrid,roc,0.000000,0.000000,1.000000
hybrid,roc,0.000000,0.007407,0.825000
hybrid,roc,0.000000,0.185185,0.580523
hybrid,roc,0.001307,0.185185,0.578170
hybrid,roc,0.001307,0.348148,0.507666
hybrid,roc,0.002614,0.348148,0.503871
hybrid,roc,0.002614,0.429630,0.474467
hybrid,roc,0.003922,0.429630,0.457403
hybrid,roc,0.003922,0.533333,0.427650
hybrid,roc,0.005229,0.533333,0.427600
hybrid,roc,0.005229,0.592593,0.414087
hybrid,roc,0.006536,0.592593,0.412596
hybrid,roc,0.006536,0.651852,0.398752
hybrid,roc,0.011765,0.651852,0.392896
hybrid,roc,0.011765,0.674074,0.389434
hybrid,roc,0.013072,0.674074,0.389153
hybrid,roc,0.013072,0.703704,0.380024
hybrid,roc,0.014379,0.703704,0.378905
hybrid,roc,0.014379,0.711111,0.377320
hybrid,roc,0.015686,0.711111,0.376857
hybrid,roc,0.015686,0.733333,0.371492
hybrid,roc,0.020915,0.733333,0.367124
hybrid,roc,0.020915,0.740741,0.366501
hybrid,roc,0.026144,0.740741,0.358869
hybrid,roc,0.026144,0.748148,0.356509
hybrid,roc,0.030065,0.748148,0.352290
hybrid,roc,0.030065,0.762963,0.350616
hybrid,roc,0.036601,0.762963,0.343513
hybrid,roc,0.036601,0.770370,0.342078
hybrid,roc,0.041830,0.770370,0.339212
hybrid,roc,0.041830,0.777778,0.338623
hybrid,roc,0.056209,0.777778,0.330588
hybrid,roc,0.056209,0.792593,0.329944
hybrid,roc,0.058824,0.792593,0.324915
hybrid,roc,0.058824,0.800000,0.324870
hybrid,roc,0.061438,0.800000,0.320374
hybrid,roc,0.061438,0.814815,0.318988
hybrid,roc,0.065359,0.814815,0.314928
hybrid,roc,0.065359,0.822222,0.310899
hybrid,roc,0.070588,0.822222,0.307991
hybrid,roc,0.070588,0.837037,0.304550
hybrid,roc,0.071895,0.837037,0.302627
hybrid,roc,0.071895,0.844444,0.302135
hybrid,roc,0.073203,0.844444,0.302050
hybrid,roc,0.073203,0.851852,0.301685
hybrid,roc,0.083660,0.851852,0.288321
hybrid,roc,0.083660,0.866667,0.287370
hybrid,roc,0.099346,0.866667,0.276992
hybrid,roc,0.099346,0.874074,0.274514
hybrid,roc,0.107190,0.874074,0.271009
hybrid,roc,0.107190,0.888889,0.270365
hybrid,roc,0.109804,0.888889,0.269496
hybrid,roc,0.109804,0.903704,0.266531
hybrid,roc,0.112418,0.903704,0.266074
hybrid,roc,0.112418,0.911111,0.266002
hybrid,roc,0.118954,0.911111,0.261568
hybrid,roc,0.118954,0.918519,0.258512
hybrid,roc,0.121569,0.918519,0.253890
hybrid,roc,0.121569,0.925926,0.253851
hybrid,roc,0.125490,0.925926,0.248869
hybrid,roc,0.125490,0.933333,0.242366
hybrid,roc,0.146405,0.933333,0.225151
hybrid,roc,0.146405,0.940741,0.223691
hybrid,roc,0.151634,0.940741,0.221050
hybrid,roc,0.151634,0.948148,0.219839
hybrid,roc,0.159477,0.948148,0.214808
hybrid,roc,0.159477,0.955556,0.214595
hybrid,roc,0.167320,0.955556,0.210018
hybrid,roc,0.167320,0.962963,0.209449
hybrid,roc,0.169935,0.962963,0.207985
hybrid,roc,0.169935,0.985185,0.201523
hybrid,roc,0.222222,0.985185,0.181672
hybrid,roc,0.222222,0.992593,0.181173
hybrid,roc,0.253595,0.992593,0.171265
hybrid,roc,0.253595,1.000000,0.171241
hybrid,roc,1.000000,1.000000,0.010103
hybrid,pr,1.000000,0.150000,0.010103
hybrid,pr,1.000000,0.150167,0.011388
hybrid,pr,1.000000,0.150334,0.013112
hybrid,pr,1.000000,0.150502,0.014040
hybrid,pr,1.000000,0.150670,0.015083
hybrid,pr,1.000000,0.150838,0.018510
hybrid,pr,1.000000,0.151007,0.021176
hybrid,pr,1.000000,0.151176,0.022200
hybrid,pr,1.000000,0.151345,0.022436
hybrid,pr,1.000000,0.151515,0.026144
hybrid,pr,1.000000,0.151685,0.026932
hybrid,pr,1.000000,0.151856,0.027803
hybrid,pr,1.000000,0.152027,0.027806
hybrid,pr,1.000000,0.152198,0.027968
hybrid,pr,1.000000,0.152370,0.029250
hybrid,pr,1.000000,0.152542,0.029719
hybrid,pr,1.000000,0.152715,0.030322
hybrid,pr,1.000000,0.152888,0.030759
hybrid,pr,1.000000,0.153061,0.031103
hybrid,pr,1.000000,0.153235,0.031998
hybrid,pr,1.000000,0.153409,0.032372
hybrid,pr,1.000000,0.153584,0.033596
hybrid,pr,1.000000,0.153759,0.033607
hybrid,pr,1.000000,0.153934,0.033774
hybrid,pr,1.000000,0.154110,0.034442
hybrid,pr,1.000000,0.154286,0.034710
hybrid,pr,1.000000,0.154462,0.035358
hybrid,pr,1.000000,0.154639,0.035715
hybrid,pr,1.000000,0.154817,0.035866
hybrid,pr,1.000000,0.154994,0.036390
hybrid,pr,1.000000,0.155172,0.036924
hybrid,pr,1.000000,0.155351,0.038140
hybrid,pr,1.000000,0.155530,0.038502
hybrid,pr,1.000000,0.155709,0.038597
hybrid,pr,1.000000,0.155889,0.038766
hybrid,pr,1.000000,0.156069,0.038794
hybrid,pr,1.000000,0.156250,0.040238
hybrid,pr,1.000000,0.156431,0.040249
hybrid,pr,1.000000,0.156613,0.040720
hybrid,pr,1.000000,0.156794,0.041038
hybrid,pr,1.000000,0.156977,0.041817
hybrid,pr,1.000000,0.157159,0.042995
hybrid,pr,1.000000,0.157343,0.044208
hybrid,pr,1.000000,0.157526,0.045149
hybrid,pr,1.000000,0.157710,0.045439
hybrid,pr,1.000000,0.157895,0.046485
hybrid,pr,1.000000,0.158080,0.046997
hybrid,pr,1.000000,0.158265,0.047273
hybrid,pr,1.000000,0.158451,0.048704
hybrid,pr,1.000000,0.158637,0.048809
hybrid,pr,1.000000,0.158824,0.049025
hybrid,pr,1.000000,0.159011,0.049122
hybrid,pr,1.000000,0.159198,0.049363
hybrid,pr,1.000000,0.159386,0.049550
hybrid,pr,1.000000,0.159574,0.049607
hybrid,pr,1.000000,0.159763,0.049614
hybrid,pr,1.000000,0.159953,0.050323
hybrid,pr,1.000000,0.160142,0.050622
hybrid,pr,1.000000,0.160333,0.050784
hybrid,pr,1.000000,0.160523,0.051156
hybrid,pr,1.000000,0.160714,0.051443
hybrid,pr,1.000000,0.160906,0.051623
hybrid,pr,1.000000,0.161098,0.052128
hybrid,pr,1.000000,0.161290,0.052253
hybrid,pr,1.000000,0.161483,0.052272
hybrid,pr,1.000000,0.161677,0.052307
hybrid,pr,1.000000,0.161871,0.052417
hybrid,pr,1.000000,0.162065,0.053418
hybrid,pr,1.000000,0.162260,0.054116
hybrid,pr,1.000000,0.162455,0.054401
hybrid,pr,1.000000,0.162651,0.054532
hybrid,pr,1.000000,0.162847,0.055176
hybrid,pr,1.000000,0.163043,0.055294
hybrid,pr,1.000000,0.163241,0.055625
hybrid,pr,1.000000,0.163438,0.056096
hybrid,pr,1.000000,0.163636,0.056436
hybrid,pr,1.000000,0.163835,0.056726
hybrid,pr,1.000000,0.164034,0.056806
hybrid,pr,1.000000,0.164234,0.057055
hybrid,pr,1.000000,0.164434,0.057296
hybrid,pr,1.000000,0.164634,0.057593
hybrid,pr,1.000000,0.164835,0.058156
hybrid,pr,1.000000,0.165037,0.058174
hybrid,pr,1.000000,0.165239,0.058308
hybrid,pr,1.000000,0.165441,0.058472
hybrid,pr,1.000000,0.165644,0.058703
hybrid,pr,1.000000,0.165848,0.058724
hybrid,pr,1.000000,0.166052,0.058746
hybrid,pr,1.000000,0.166256,0.058822
hybrid,pr,1.000000,0.166461,0.058846
hybrid,pr,1.000000,0.166667,0.058881
hybrid,pr,1.000000,0.166873,0.059300
hybrid,pr,1.000000,0.167079,0.059663
hybrid,pr,1.000000,0.167286,0.059721
hybrid,pr,1.000000,0.167494,0.059757
hybrid,pr,1.000000,0.167702,0.060103
hybrid,pr,1.000000,0.167910,0.060475
hybrid,pr,1.000000,0.168120,0.060552
hybrid,pr,1.000000,0.168329,0.060630
hybrid,pr,1.000000,0.168539,0.060910
hybrid,pr,1.000000,0.168750,0.060951
hybrid,pr,1.000000,0.168961,0.061223
hybrid,pr,1.000000,0.169173,0.061403
hybrid,pr,1.000000,0.169385,0.061551
hybrid,pr,1.000000,0.169598,0.061576
hybrid,pr,1.000000,0.169811,0.061792
hybrid,pr,1.000000,0.170025,0.061892
hybrid,pr,1.000000,0.170240,0.062490
hybrid,pr,1.000000,0.170455,0.063097
hybrid,pr,1.000000,0.170670,0.063225
hybrid,pr,1.000000,0.170886,0.063280
hybrid,pr,1.000000,0.171103,0.063311
hybrid,pr,1.000000,0.171320,0.063618
hybrid,pr,1.000000,0.171537,0.063991
hybrid,pr,1.000000,0.171756,0.064012
hybrid,pr,1.000000,0.171975,0.064046
hybrid,pr,1.000000,0.172194,0.064198
hybrid,pr,1.000000,0.172414,0.064238
hybrid,pr,1.000000,0.172634,0.064373
hybrid,pr,1.000000,0.172855,0.064587
hybrid,pr,1.000000,0.173077,0.064837
hybrid,pr,1.000000,0.173299,0.064953
hybrid,pr,1.000000,0.173522,0.064993
hybrid,pr,1.000000,0.173745,0.065207
hybrid,pr,1.000000,0.173969,0.066137
hybrid,pr,1.000000,0.174194,0.066188
hybrid,pr,1.000000,0.174419,0.066400
hybrid,pr,1.000000,0.174644,0.066505
hybrid,pr,1.000000,0.174870,0.066510
hybrid,pr,1.000000,0.175097,0.067829
hybrid,pr,1.000000,0.175325,0.068253
hybrid,pr,1.000000,0.175553,0.068300
hybrid,pr,1.000000,0.175781,0.068582
hybrid,pr,1.000000,0.176010,0.068696
hybrid,pr,1.000000,0.176240,0.069075
hybrid,pr,1.000000,0.176471,0.069713
hybrid,pr,1.000000,0.176702,0.069822
hybrid,pr,1.000000,0.176933,0.069836
hybrid,pr,1.000000,0.177165,0.070169
hybrid,pr,1.000000,0.177398,0.070178
hybrid,pr,1.000000,0.177632,0.070613
hybrid,pr,1.000000,0.177866,0.070806
hybrid,pr,1.000000,0.178100,0.070847
hybrid,pr,1.000000,0.178336,0.071184
hybrid,pr,1.000000,0.178571,0.071225
hybrid,pr,1.000000,0.178808,0.071273
hybrid,pr,1.000000,0.179045,0.072212
hybrid,pr,1.000000,0.179283,0.072390
hybrid,pr,1.000000,0.179521,0.072593
hybrid,pr,1.000000,0.179760,0.072620
hybrid,pr,1.000000,0.180000,0.072813
hybrid,pr,1.000000,0.180240,0.073162
hybrid,pr,1.000000,0.180481,0.073357
hybrid,pr,1.000000,0.180723,0.074022
hybrid,pr,1.000000,0.180965,0.074718
hybrid,pr,1.000000,0.181208,0.074866
hybrid,pr,1.000000,0.181452,0.075176
hybrid,pr,1.000000,0.181696,0.075320
hybrid,pr,1.000000,0.181941,0.075434
hybrid,pr,1.000000,0.182186,0.075608
hybrid,pr,1.000000,0.182432,0.076063
hybrid,pr,1.000000,0.182679,0.076453
hybrid,pr,1.000000,0.182927,0.076956
hybrid,pr,1.000000,0.183175,0.077113
hybrid,pr,1.000000,0.183424,0.077149
hybrid,pr,1.000000,0.183673,0.077254
hybrid,pr,1.000000,0.183924,0.077354
hybrid,pr,1.000000,0.184175,0.077430
hybrid,pr,1.000000,0.184426,0.077503
hybrid,pr,1.000000,0.184679,0.077513
hybrid,pr,1.000000,0.184932,0.077704
hybrid,pr,1.000000,0.185185,0.077879
hybrid,pr,1.000000,0.185440,0.077908
hybrid,pr,1.000000,0.185695,0.078333
hybrid,pr,1.000000,0.185950,0.078586
hybrid,pr,1.000000,0.186207,0.078720
hybrid,pr,1.000000,0.186464,0.078755
hybrid,pr,1.000000,0.186722,0.078813
hybrid,pr,1.000000,0.186981,0.078837
hybrid,pr,1.000000,0.187240,0.078847
hybrid,pr,1.000000,0.187500,0.079058
hybrid,pr,1.000000,0.187761,0.079247
hybrid,pr,1.000000,0.188022,0.079412
hybrid,pr,1.000000,0.188285,0.079480
hybrid,pr,1.000000,0.188547,0.079574
hybrid,pr,1.000000,0.188811,0.079629
hybrid,pr,1.000000,0.189076,0.079727
hybrid,pr,1.000000,0.189341,0.080397
hybrid,pr,1.000000,0.189607,0.080821
hybrid,pr,1.000000,0.189873,0.081031
hybrid,pr,1.000000,0.190141,0.081143
hybrid,pr,1.000000,0.190409,0.081653
hybrid,pr,1.000000,0.190678,0.081671
hybrid,pr,1.000000,0.190948,0.081827
hybrid,pr,1.000000,0.191218,0.081867
hybrid,pr,1.000000,0.191489,0.082076
hybrid,pr,1.000000,0.191761,0.082288
hybrid,pr,1.000000,0.192034,0.082661
hybrid,pr,1.000000,0.192308,0.082702
hybrid,pr,1.000000,0.192582,0.082707
hybrid,pr,1.000000,0.192857,0.082988
hybrid,pr,1.000000,0.193133,0.083022
hybrid,pr,1.000000,0.193410,0.083512
hybrid,pr,1.000000,0.193687,0.084260
hybrid,pr,1.000000,0.193966,0.084489
hybrid,pr,1.000000,0.194245,0.084569
hybrid,pr,1.000000,0.194524,0.084570
hybrid,pr,1.000000,0.194805,0.084867
hybrid,pr,1.000000,0.195087,0.085036
hybrid,pr,1.000000,0.195369,0.085420
hybrid,pr,1.000000,0.195652,0.085506
hybrid,pr,1.000000,0.195936,0.085780
hybrid,pr,1.000000,0.196221,0.085903
hybrid,pr,1.000000,0.196507,0.086540
hybrid,pr,1.000000,0.196793,0.086623
hybrid,pr,1.000000,0.197080,0.087032
hybrid,pr,1.000000,0.197368,0.087316
hybrid,pr,1.000000,0.197657,0.087377
hybrid,pr,1.000000,0.197947,0.087446
hybrid,pr,1.000000,0.198238,0.087517
hybrid,pr,1.000000,0.198529,0.087610
hybrid,pr,1.000000,0.198822,0.087611
hybrid,pr,1.000000,0.199115,0.087723
hybrid,pr,1.000000,0.199409,0.087839
hybrid,pr,1.000000,0.199704,0.088189
hybrid,pr,1.000000,0.200000,0.088367
hybrid,pr,1.000000,0.200297,0.088422
hybrid,pr,1.000000,0.200594,0.088671
hybrid,pr,1.000000,0.200893,0.088913
hybrid,pr,1.000000,0.201192,0.089097
hybrid,pr,1.000000,0.201493,0.089132
hybrid,pr,1.000000,0.201794,0.089480
hybrid,pr,1.000000,0.202096,0.089645
hybrid,pr,1.000000,0.202399,0.089661
hybrid,pr,1.000000,0.202703,0.090201
hybrid,pr,1.000000,0.203008,0.090420
hybrid,pr,1.000000,0.203313,0.090421
hybrid,pr,1.000000,0.203620,0.090556
hybrid,pr,1.000000,0.203927,0.090737
hybrid,pr,1.000000,0.204236,0.090807
hybrid,pr,1.000000,0.204545,0.090940
hybrid,pr,1.000000,0.204856,0.091205
hybrid,pr,1.000000,0.205167,0.091286
hybrid,pr,1.000000,0.205479,0.091479
hybrid,pr,1.000000,0.205793,0.091617
hybrid,pr,1.000000,0.206107,0.092495
hybrid,pr,1.000000,0.206422,0.092718
hybrid,pr,1.000000,0.206738,0.093300
hybrid,pr,1.000000,0.207055,0.093891
hybrid,pr,1.000000,0.207373,0.094326
hybrid,pr,1.000000,0.207692,0.094370
hybrid,pr,1.000000,0.208012,0.094385
hybrid,pr,1.000000,0.208333,0.094498
hybrid,pr,1.000000,0.208655,0.094504
hybrid,pr,1.000000,0.208978,0.094877
hybrid,pr,1.000000,0.209302,0.094921
hybrid,pr,1.000000,0.209627,0.094923
hybrid,pr,1.000000,0.209953,0.095142
hybrid,pr,1.000000,0.210280,0.095289
hybrid,pr,1.000000,0.210608,0.095537
hybrid,pr,1.000000,0.210938,0.095807
hybrid,pr,1.000000,0.211268,0.096379
hybrid,pr,1.000000,0.211599,0.096797
hybrid,pr,1.000000,0.211931,0.096803
hybrid,pr,1.000000,0.212264,0.097268
hybrid,pr,1.000000,0.212598,0.097467
hybrid,pr,1.000000,0.212934,0.097694
hybrid,pr,1.000000,0.213270,0.097760
hybrid,pr,1.000000,0.213608,0.097763
hybrid,pr,1.000000,0.213946,0.097812
hybrid,pr,1.000000,0.214286,0.098242
hybrid,pr,1.000000,0.214626,0.098246
hybrid,pr,1.000000,0.214968,0.098310
hybrid,pr,1.000000,0.215311,0.098313
hybrid,pr,1.000000,0.215655,0.098333
hybrid,pr,1.000000,0.216000,0.098451
hybrid,pr,1.000000,0.216346,0.098835
hybrid,pr,1.000000,0.216693,0.099074
hybrid,pr,1.000000,0.217042,0.099318
hybrid,pr,1.000000,0.217391,0.099471
hybrid,pr,1.000000,0.217742,0.099512
hybrid,pr,1.000000,0.218094,0.099986
hybrid,pr,1.000000,0.218447,0.100091
hybrid,pr,1.000000,0.218801,0.100295
hybrid,pr,1.000000,0.219156,0.100404
hybrid,pr,1.000000,0.219512,0.100422
hybrid,pr,1.000000,0.219870,0.100695
hybrid,pr,1.000000,0.220228,0.100728
hybrid,pr,1.000000,0.220588,0.101221
hybrid,pr,1.000000,0.220949,0.101442
hybrid,pr,1.000000,0.221311,0.101446
hybrid,pr,1.000000,0.221675,0.101490
hybrid,pr,1.000000,0.222039,0.101825
hybrid,pr,1.000000,0.222405,0.102714
hybrid,pr,1.000000,0.222772,0.102800
hybrid,pr,1.000000,0.223140,0.103150
hybrid,pr,1.000000,0.223510,0.103516
hybrid,pr,1.000000,0.223881,0.103548
hybrid,pr,1.000000,0.224252,0.103769
hybrid,pr,1.000000,0.224626,0.103909
hybrid,pr,1.000000,0.225000,0.104078
hybrid,pr,1.000000,0.225376,0.104200
hybrid,pr,1.000000,0.225753,0.104470
hybrid,pr,1.000000,0.226131,0.104784
hybrid,pr,1.000000,0.226510,0.104813
hybrid,pr,1.000000,0.226891,0.104865
hybrid,pr,1.000000,0.227273,0.104950
hybrid,pr,1.000000,0.227656,0.104961
hybrid,pr,1.000000,0.228041,0.105069
hybrid,pr,1.000000,0.228426,0.105086
hybrid,pr,1.000000,0.228814,0.105842
hybrid,pr,1.000000,0.229202,0.105979
hybrid,pr,1.000000,0.229592,0.106087
hybrid,pr,1.000000,0.229983,0.106088
hybrid,pr,1.000000,0.230375,0.106374
hybrid,pr,1.000000,0.230769,0.106820
hybrid,pr,1.000000,0.231164,0.107372
hybrid,pr,1.000000,0.231561,0.107408
hybrid,pr,1.000000,0.231959,0.107411
hybrid,pr,1.000000,0.232358,0.107721
hybrid,pr,1.000000,0.232759,0.107765
hybrid,pr,1.000000,0.233161,0.107779
hybrid,pr,1.000000,0.233564,0.107806
hybrid,pr,1.000000,0.233969,0.107873
hybrid,pr,1.000000,0.234375,0.107877
hybrid,pr,1.000000,0.234783,0.108315
hybrid,pr,1.000000,0.235192,0.108384
hybrid,pr,1.000000,0.235602,0.108434
hybrid,pr,1.000000,0.236014,0.108510
hybrid,pr,1.000000,0.236427,0.108695
hybrid,pr,1.000000,0.236842,0.108773
hybrid,pr,1.000000,0.237258,0.109081
hybrid,pr,1.000000,0.237676,0.109151
hybrid,pr,1.000000,0.238095,0.109243
hybrid,pr,1.000000,0.238516,0.109310
hybrid,pr,1.000000,0.238938,0.109334
hybrid,pr,1.000000,0.239362,0.109522
hybrid,pr,1.000000,0.239787,0.109661
hybrid,pr,1.000000,0.240214,0.110165
hybrid,pr,1.000000,0.240642,0.110174
hybrid,pr,1.000000,0.241071,0.110251
hybrid,pr,1.000000,0.241503,0.110520
hybrid,pr,1.000000,0.241935,0.110532
hybrid,pr,1.000000,0.242370,0.110718
hybrid,pr,1.000000,0.242806,0.110892
hybrid,pr,1.000000,0.243243,0.111390
hybrid,pr,1.000000,0.243682,0.111780
hybrid,pr,1.000000,0.244123,0.111942
hybrid,pr,1.000000,0.244565,0.111979
hybrid,pr,1.000000,0.245009,0.112550
hybrid,pr,1.000000,0.245455,0.112732
hybrid,pr,1.000000,0.245902,0.112906
hybrid,pr,1.000000,0.246350,0.112910
hybrid,pr,1.000000,0.246801,0.113111
hybrid,pr,1.000000,0.247253,0.113492
hybrid,pr,1.000000,0.247706,0.113648
hybrid,pr,1.000000,0.248162,0.113683
hybrid,pr,1.000000,0.248619,0.114646
hybrid,pr,1.000000,0.249077,0.114660
hybrid,pr,1.000000,0.249538,0.114885
hybrid,pr,1.000000,0.250000,0.115121
hybrid,pr,1.000000,0.250464,0.115123
hybrid,pr,1.000000,0.250929,0.115210
hybrid,pr,1.000000,0.251397,0.115509
hybrid,pr,1.000000,0.251866,0.115543
hybrid,pr,1.000000,0.252336,0.115545
hybrid,pr,1.000000,0.252809,0.115776
hybrid,pr,1.000000,0.253283,0.115911
hybrid,pr,1.000000,0.253759,0.116099
hybrid,pr,1.000000,0.254237,0.116180
hybrid,pr,1.000000,0.254717,0.116202
hybrid,pr,1.000000,0.255198,0.116435
hybrid,pr,1.000000,0.255682,0.116549
hybrid,pr,1.000000,0.256167,0.116680
hybrid,pr,1.000000,0.256654,0.116802
hybrid,pr,1.000000,0.257143,0.116947
hybrid,pr,1.000000,0.257634,0.117126
hybrid,pr,1.000000,0.258126,0.117247
hybrid,pr,1.000000,0.258621,0.117274
hybrid,pr,1.000000,0.259117,0.117469
hybrid,pr,1.000000,0.259615,0.117772
hybrid,pr,1.000000,0.260116,0.117774
hybrid,pr,1.000000,0.260618,0.117909
hybrid,pr,1.000000,0.261122,0.118003
hybrid,pr,1.000000,0.261628,0.118319
hybrid,pr,1.000000,0.262136,0.119245
hybrid,pr,1.000000,0.262646,0.119435
hybrid,pr,1.000000,0.263158,0.119698
hybrid,pr,1.000000,0.263672,0.119870
hybrid,pr,1.000000,0.264188,0.120900
hybrid,pr,1.000000,0.264706,0.120908
hybrid,pr,1.000000,0.265226,0.120982
hybrid,pr,1.000000,0.265748,0.121060
hybrid,pr,1.000000,0.266272,0.121265
hybrid,pr,1.000000,0.266798,0.121415
hybrid,pr,1.000000,0.267327,0.121489
hybrid,pr,1.000000,0.267857,0.121904
hybrid,pr,1.000000,0.268390,0.122321
hybrid,pr,1.000000,0.268924,0.122454
hybrid,pr,1.000000,0.269461,0.122457
hybrid,pr,1.000000,0.270000,0.122556
hybrid,pr,1.000000,0.270541,0.122622
hybrid,pr,1.000000,0.271084,0.123215
hybrid,pr,1.000000,0.271630,0.123544
hybrid,pr,1.000000,0.272177,0.123587
hybrid,pr,1.000000,0.272727,0.124350
hybrid,pr,1.000000,0.273279,0.124424
hybrid,pr,1.000000,0.273834,0.124521
hybrid,pr,1.000000,0.274390,0.124698
hybrid,pr,1.000000,0.274949,0.124726
hybrid,pr,1.000000,0.275510,0.125210
hybrid,pr,1.000000,0.276074,0.125222
hybrid,pr,1.000000,0.276639,0.125319
hybrid,pr,1.000000,0.277207,0.125473
hybrid,pr,1.000000,0.277778,0.126519
hybrid,pr,1.000000,0.278351,0.126651
hybrid,pr,1.000000,0.278926,0.126652
hybrid,pr,1.000000,0.279503,0.126820
hybrid,pr,1.000000,0.280083,0.126837
hybrid,pr,1.000000,0.280665,0.127483
hybrid,pr,1.000000,0.281250,0.127502
hybrid,pr,1.000000,0.281837,0.128253
hybrid,pr,1.000000,0.282427,0.128279
hybrid,pr,1.000000,0.283019,0.128585
hybrid,pr,1.000000,0.283613,0.128607
hybrid,pr,1.000000,0.284211,0.128703
hybrid,pr,1.000000,0.284810,0.129177
hybrid,pr,1.000000,0.285412,0.129371
hybrid,pr,1.000000,0.286017,0.129617
hybrid,pr,1.000000,0.286624,0.129869
hybrid,pr,1.000000,0.287234,0.129983
hybrid,pr,1.000000,0.287846,0.130014
hybrid,pr,1.000000,0.288462,0.130038
hybrid,pr,1.000000,0.289079,0.130562
hybrid,pr,1.000000,0.289700,0.130582
hybrid,pr,1.000000,0.290323,0.130818
hybrid,pr,1.000000,0.290948,0.130840
hybrid,pr,1.000000,0.291577,0.131029
hybrid,pr,1.000000,0.292208,0.131185
hybrid,pr,1.000000,0.292842,0.131280
hybrid,pr,1.000000,0.293478,0.131309
hybrid,pr,1.000000,0.294118,0.131380
hybrid,pr,1.000000,0.294760,0.131723
hybrid,pr,1.000000,0.295405,0.131750
hybrid,pr,1.000000,0.296053,0.131762
hybrid,pr,1.000000,0.296703,0.131806
hybrid,pr,1.000000,0.297357,0.132136
hybrid,pr,1.000000,0.298013,0.132140
hybrid,pr,1.000000,0.298673,0.132173
hybrid,pr,1.000000,0.299335,0.132292
hybrid,pr,1.000000,0.300000,0.132791
hybrid,pr,1.000000,0.300668,0.132982
hybrid,pr,1.000000,0.301339,0.133006
hybrid,pr,1.000000,0.302013,0.133029
hybrid,pr,1.000000,0.302691,0.133052
hybrid,pr,1.000000,0.303371,0.133193
hybrid,pr,1.000000,0.304054,0.133208
hybrid,pr,1.000000,0.304740,0.133492
hybrid,pr,1.000000,0.305430,0.133803
hybrid,pr,1.000000,0.306122,0.134539
hybrid,pr,1.000000,0.306818,0.134882
hybrid,pr,1.000000,0.307517,0.134987
hybrid,pr,1.000000,0.308219,0.134994
hybrid,pr,1.000000,0.308924,0.135304
hybrid,pr,1.000000,0.309633,0.135464
hybrid,pr,1.000000,0.310345,0.136003
hybrid,pr,1.000000,0.311060,0.136330
hybrid,pr,1.000000,0.311778,0.136342
hybrid,pr,1.000000,0.312500,0.136370
hybrid,pr,1.000000,0.313225,0.137575
hybrid,pr,1.000000,0.313953,0.137587
hybrid,pr,1.000000,0.314685,0.138676
hybrid,pr,1.000000,0.315421,0.139149
hybrid,pr,1.000000,0.316159,0.139309
hybrid,pr,1.000000,0.316901,0.139701
hybrid,pr,1.000000,0.317647,0.139743
hybrid,pr,1.000000,0.318396,0.139797
hybrid,pr,1.000000,0.319149,0.140400
hybrid,pr,1.000000,0.319905,0.140638
hybrid,pr,1.000000,0.320665,0.140714
hybrid,pr,1.000000,0.321429,0.140922
hybrid,pr,1.000000,0.322196,0.141292
hybrid,pr,1.000000,0.322967,0.141425
hybrid,pr,1.000000,0.323741,0.141458
hybrid,pr,1.000000,0.324519,0.141669
hybrid,pr,1.000000,0.325301,0.141743
hybrid,pr,1.000000,0.326087,0.142196
hybrid,pr,1.000000,0.326877,0.142202
hybrid,pr,1.000000,0.327670,0.142386
hybrid,pr,1.000000,0.328467,0.142552
hybrid,pr,1.000000,0.329268,0.142587
hybrid,pr,1.000000,0.330073,0.142840
hybrid,pr,1.000000,0.330882,0.142919
hybrid,pr,1.000000,0.331695,0.143279
hybrid,pr,1.000000,0.332512,0.143293
hybrid,pr,1.000000,0.333333,0.143403
hybrid,pr,1.000000,0.334158,0.143633
hybrid,pr,1.000000,0.334988,0.144308
hybrid,pr,1.000000,0.335821,0.144527
hybrid,pr,1.000000,0.336658,0.145091
hybrid,pr,1.000000,0.337500,0.145901
hybrid,pr,1.000000,0.338346,0.146172
hybrid,pr,1.000000,0.339196,0.147267
hybrid,pr,1.000000,0.340050,0.147297
hybrid,pr,1.000000,0.340909,0.147347
hybrid,pr,1.000000,0.341772,0.147957
hybrid,pr,1.000000,0.342640,0.148210
hybrid,pr,1.000000,0.343511,0.148292
hybrid,pr,1.000000,0.344388,0.148849
hybrid,pr,1.000000,0.345269,0.148885
hybrid,pr,1.000000,0.346154,0.148916
hybrid,pr,1.000000,0.347044,0.149041
hybrid,pr,1.000000,0.347938,0.149067
hybrid,pr,1.000000,0.348837,0.149179
hybrid,pr,1.000000,0.349741,0.150076
hybrid,pr,1.000000,0.350649,0.150117
hybrid,pr,1.000000,0.351562,0.150559
hybrid,pr,1.000000,0.352480,0.151008
hybrid,pr,1.000000,0.353403,0.151343
hybrid,pr,1.000000,0.354331,0.151369
hybrid,pr,1.000000,0.355263,0.151386
hybrid,pr,1.000000,0.356201,0.152217
hybrid,pr,1.000000,0.357143,0.152718
hybrid,pr,1.000000,0.358090,0.152736
hybrid,pr,1.000000,0.359043,0.152809
hybrid,pr,1.000000,0.360000,0.153117
hybrid,pr,1.000000,0.360963,0.153223
hybrid,pr,1.000000,0.361930,0.154005
hybrid,pr,1.000000,0.362903,0.155328
hybrid,pr,1.000000,0.363881,0.155571
hybrid,pr,1.000000,0.364865,0.156025
hybrid,pr,1.000000,0.365854,0.156253
hybrid,pr,1.000000,0.366848,0.156706
hybrid,pr,1.000000,0.367847,0.156767
hybrid,pr,1.000000,0.368852,0.156803
hybrid,pr,1.000000,0.369863,0.156875
hybrid,pr,1.000000,0.370879,0.157124
hybrid,pr,1.000000,0.371901,0.157776
hybrid,pr,1.000000,0.372928,0.157803
hybrid,pr,1.000000,0.373961,0.157928
hybrid,pr,1.000000,0.375000,0.158311
hybrid,pr,1.000000,0.376045,0.158880
hybrid,pr,1.000000,0.377095,0.158950
hybrid,pr,1.000000,0.378151,0.159090
hybrid,pr,1.000000,0.379213,0.159186
hybrid,pr,1.000000,0.380282,0.159825
hybrid,pr,1.000000,0.381356,0.160226
hybrid,pr,1.000000,0.382436,0.160619
hybrid,pr,1.000000,0.383523,0.161553
hybrid,pr,1.000000,0.384615,0.161568
hybrid,pr,1.000000,0.385714,0.162214
hybrid,pr,1.000000,0.386819,0.162945
hybrid,pr,1.000000,0.387931,0.162995
hybrid,pr,1.000000,0.389049,0.163834
hybrid,pr,1.000000,0.390173,0.164016
hybrid,pr,1.000000,0.391304,0.164528
hybrid,pr,1.000000,0.392442,0.164921
hybrid,pr,1.000000,0.393586,0.165010
hybrid,pr,1.000000,0.394737,0.165041
hybrid,pr,1.000000,0.395894,0.165127
hybrid,pr,1.000000,0.397059,0.165708
hybrid,pr,1.000000,0.398230,0.166086
hybrid,pr,1.000000,0.399408,0.166899
hybrid,pr,1.000000,0.400593,0.166981
hybrid,pr,1.000000,0.401786,0.167831
hybrid,pr,1.000000,0.402985,0.168005
hybrid,pr,1.000000,0.404192,0.168482
hybrid,pr,1.000000,0.405405,0.168492
hybrid,pr,1.000000,0.406627,0.169469
hybrid,pr,1.000000,0.407855,0.170032
hybrid,pr,1.000000,0.409091,0.170933
hybrid,pr,1.000000,0.410334,0.171241
hybrid,pr,0.992593,0.408537,0.171265
hybrid,pr,0.992593,0.409786,0.171745
hybrid,pr,0.992593,0.411043,0.172051
hybrid,pr,0.992593,0.412308,0.172621
hybrid,pr,0.992593,0.413580,0.172625
hybrid,pr,0.992593,0.414861,0.172658
hybrid,pr,0.992593,0.416149,0.172899
hybrid,pr,0.992593,0.417445,0.173037
hybrid,pr,0.992593,0.418750,0.173474
hybrid,pr,0.992593,0.420063,0.174092
hybrid,pr,0.992593,0.421384,0.174424
hybrid,pr,0.992593,0.422713,0.174460
hybrid,pr,0.992593,0.424051,0.174510
hybrid,pr,0.992593,0.425397,0.175132
hybrid,pr,0.992593,0.426752,0.175779
hybrid,pr,0.992593,0.428115,0.175815
hybrid,pr,0.992593,0.429487,0.176077
hybrid,pr,0.992593,0.430868,0.176705
hybrid,pr,0.992593,0.432258,0.176968
hybrid,pr,0.992593,0.433657,0.177287
hybrid,pr,0.992593,0.435065,0.179689
hybrid,pr,0.992593,0.436482,0.179694
hybrid,pr,0.992593,0.437908,0.180070
hybrid,pr,0.992593,0.439344,0.180667
hybrid,pr,0.992593,0.440789,0.181173
hybrid,pr,0.985185,0.438944,0.181672
hybrid,pr,0.985185,0.440397,0.182189
hybrid,pr,0.985185,0.441860,0.182279
hybrid,pr,0.985185,0.443333,0.182363
hybrid,pr,0.985185,0.444816,0.182700
hybrid,pr,0.985185,0.446309,0.182986
hybrid,pr,0.985185,0.447811,0.183351
hybrid,pr,0.985185,0.449324,0.183955
hybrid,pr,0.985185,0.450847,0.184679
hybrid,pr,0.985185,0.452381,0.184939
hybrid,pr,0.985185,0.453925,0.185173
hybrid,pr,0.985185,0.455479,0.186381
hybrid,pr,0.985185,0.457045,0.186569
hybrid,pr,0.985185,0.458621,0.186573
hybrid,pr,0.985185,0.460208,0.186615
hybrid,pr,0.985185,0.461806,0.186975
hybrid,pr,0.985185,0.463415,0.188225
hybrid,pr,0.985185,0.465035,0.188272
hybrid,pr,0.985185,0.466667,0.188944
hybrid,pr,0.985185,0.468310,0.189052
hybrid,pr,0.985185,0.469965,0.189195
hybrid,pr,0.985185,0.471631,0.189257
hybrid,pr,0.985185,0.473310,0.190439
hybrid,pr,0.985185,0.475000,0.191375
hybrid,pr,0.985185,0.476703,0.191754
hybrid,pr,0.985185,0.478417,0.191890
hybrid,pr,0.985185,0.480144,0.192096
hybrid,pr,0.985185,0.481884,0.192231
hybrid,pr,0.985185,0.483636,0.193545
hybrid,pr,0.985185,0.485401,0.194141
hybrid,pr,0.985185,0.487179,0.194914
hybrid,pr,0.985185,0.488971,0.195710
hybrid,pr,0.985185,0.490775,0.196289
hybrid,pr,0.985185,0.492593,0.196835
hybrid,pr,0.985185,0.494424,0.198345
hybrid,pr,0.985185,0.496269,0.199002
hybrid,pr,0.985185,0.498127,0.199193
hybrid,pr,0.985185,0.500000,0.199449
hybrid,pr,0.985185,0.501887,0.199511
hybrid,pr,0.985185,0.503788,0.200146
hybrid,pr,0.985185,0.505703,0.201523
hybrid,pr,0.977778,0.503817,0.203899
hybrid,pr,0.970370,0.501916,0.207080
hybrid,pr,0.962963,0.500000,0.207985
hybrid,pr,0.962963,0.501931,0.208796
hybrid,pr,0.962963,0.503876,0.209449
hybrid,pr,0.955556,0.501946,0.210018
hybrid,pr,0.955556,0.503906,0.210189
hybrid,pr,0.955556,0.505882,0.211135
hybrid,pr,0.955556,0.507874,0.212462
hybrid,pr,0.955556,0.509881,0.212766
hybrid,pr,0.955556,0.511905,0.213305
hybrid,pr,0.955556,0.513944,0.214595
hybrid,pr,0.948148,0.512000,0.214808
hybrid,pr,0.948148,0.514056,0.217092
hybrid,pr,0.948148,0.516129,0.217806
hybrid,pr,0.948148,0.518219,0.218001
hybrid,pr,0.948148,0.520325,0.218403
hybrid,pr,0.948148,0.522449,0.218702
hybrid,pr,0.948148,0.524590,0.219839
hybrid,pr,0.940741,0.522634,0.221050
hybrid,pr,0.940741,0.524793,0.222245
hybrid,pr,0.940741,0.526971,0.222553
hybrid,pr,0.940741,0.529167,0.223527
hybrid,pr,0.940741,0.531381,0.223691
hybrid,pr,0.933333,0.529412,0.225151
hybrid,pr,0.933333,0.531646,0.226664
hybrid,pr,0.933333,0.533898,0.227393
hybrid,pr,0.933333,0.536170,0.227562
hybrid,pr,0.933333,0.538462,0.229057
hybrid,pr,0.933333,0.540773,0.229612
hybrid,pr,0.933333,0.543103,0.229741
hybrid,pr,0.933333,0.545455,0.229875
hybrid,pr,0.933333,0.547826,0.231599
hybrid,pr,0.933333,0.550218,0.232756
hybrid,pr,0.933333,0.552632,0.233128
hybrid,pr,0.933333,0.555066,0.236413
hybrid,pr,0.933333,0.557522,0.236651
hybrid,pr,0.933333,0.560000,0.237191
hybrid,pr,0.933333,0.562500,0.238338
hybrid,pr,0.933333,0.565022,0.240865
hybrid,pr,0.933333,0.567568,0.242366
hybrid,pr,0.925926,0.565611,0.248869
hybrid,pr,0.925926,0.568182,0.249430
hybrid,pr,0.925926,0.570776,0.250258
hybrid,pr,0.925926,0.573394,0.253851
hybrid,pr,0.918519,0.571429,0.253890
hybrid,pr,0.918519,0.574074,0.254963
hybrid,pr,0.918519,0.576744,0.258512
hybrid,pr,0.911111,0.574766,0.261568
hybrid,pr,0.911111,0.577465,0.261635
hybrid,pr,0.911111,0.580189,0.261746
hybrid,pr,0.911111,0.582938,0.263892
hybrid,pr,0.911111,0.585714,0.265337
hybrid,pr,0.911111,0.588517,0.266002
hybrid,pr,0.903704,0.586538,0.266074
hybrid,pr,0.903704,0.589372,0.266230
hybrid,pr,0.903704,0.592233,0.266531
hybrid,pr,0.896296,0.590244,0.268949
hybrid,pr,0.888889,0.588235,0.269496
hybrid,pr,0.888889,0.591133,0.270147
hybrid,pr,0.888889,0.594059,0.270365
hybrid,pr,0.881481,0.592040,0.270941
hybrid,pr,0.874074,0.590000,0.271009
hybrid,pr,0.874074,0.592965,0.271949
hybrid,pr,0.874074,0.595960,0.272394
hybrid,pr,0.874074,0.598985,0.272884
hybrid,pr,0.874074,0.602041,0.273660
hybrid,pr,0.874074,0.605128,0.274309
hybrid,pr,0.874074,0.608247,0.274514
hybrid,pr,0.866667,0.606218,0.276992
hybrid,pr,0.866667,0.609375,0.278042
hybrid,pr,0.866667,0.612565,0.278479
hybrid,pr,0.866667,0.615789,0.278777
hybrid,pr,0.866667,0.619048,0.280703
hybrid,pr,0.866667,0.622340,0.280809
hybrid,pr,0.866667,0.625668,0.281085
hybrid,pr,0.866667,0.629032,0.281091
hybrid,pr,0.866667,0.632432,0.281585
hybrid,pr,0.866667,0.635870,0.285848
hybrid,pr,0.866667,0.639344,0.286297
hybrid,pr,0.866667,0.642857,0.286341
hybrid,pr,0.866667,0.646409,0.287370
hybrid,pr,0.859259,0.644444,0.288043
hybrid,pr,0.851852,0.642458,0.288321
hybrid,pr,0.851852,0.646067,0.288950
hybrid,pr,0.851852,0.649718,0.289267
hybrid,pr,0.851852,0.653409,0.289267
hybrid,pr,0.851852,0.657143,0.291231
hybrid,pr,0.851852,0.660920,0.292085
hybrid,pr,0.851852,0.664740,0.297412
hybrid,pr,0.851852,0.668605,0.300337
hybrid,pr,0.851852,0.672515,0.301685
hybrid,pr,0.844444,0.670588,0.302050
hybrid,pr,0.844444,0.674556,0.302135
hybrid,pr,0.837037,0.672619,0.302627
hybrid,pr,0.837037,0.676647,0.304550
hybrid,pr,0.829630,0.674699,0.304830
hybrid,pr,0.822222,0.672727,0.307991
hybrid,pr,0.822222,0.676829,0.309305
hybrid,pr,0.822222,0.680982,0.310379
hybrid,pr,0.822222,0.685185,0.310496
hybrid,pr,0.822222,0.689441,0.310899
hybrid,pr,0.814815,0.687500,0.314928
hybrid,pr,0.814815,0.691824,0.314977
hybrid,pr,0.814815,0.696203,0.315771
hybrid,pr,0.814815,0.700637,0.318988
hybrid,pr,0.807407,0.698718,0.320307
hybrid,pr,0.800000,0.696774,0.320374
hybrid,pr,0.800000,0.701299,0.322165
hybrid,pr,0.800000,0.705882,0.324870
hybrid,pr,0.792593,0.703947,0.324915
hybrid,pr,0.792593,0.708609,0.325763
hybrid,pr,0.792593,0.713333,0.329944
hybrid,pr,0.785185,0.711409,0.330498
hybrid,pr,0.777778,0.709459,0.330588
hybrid,pr,0.777778,0.714286,0.331929
hybrid,pr,0.777778,0.719178,0.332343
hybrid,pr,0.777778,0.724138,0.332589
hybrid,pr,0.777778,0.729167,0.332762
hybrid,pr,0.777778,0.734266,0.333250
hybrid,pr,0.777778,0.739437,0.333784
hybrid,pr,0.777778,0.744681,0.334144
hybrid,pr,0.777778,0.750000,0.334285
hybrid,pr,0.777778,0.755396,0.335499
hybrid,pr,0.777778,0.760870,0.336882
hybrid,pr,0.777778,0.766423,0.338623
hybrid,pr,0.770370,0.764706,0.339212
hybrid,pr,0.770370,0.770370,0.339976
hybrid,pr,0.770370,0.776119,0.341709
hybrid,pr,0.770370,0.781955,0.341875
hybrid,pr,0.770370,0.787879,0.342078
hybrid,pr,0.762963,0.786260,0.343513
hybrid,pr,0.762963,0.792308,0.343968
hybrid,pr,0.762963,0.798450,0.344093
hybrid,pr,0.762963,0.804688,0.345538
hybrid,pr,0.762963,0.811024,0.346833
hybrid,pr,0.762963,0.817460,0.350616
hybrid,pr,0.755556,0.816000,0.351933
hybrid,pr,0.748148,0.814516,0.352290
hybrid,pr,0.748148,0.821138,0.354481
hybrid,pr,0.748148,0.827869,0.355429
hybrid,pr,0.748148,0.834711,0.356509
hybrid,pr,0.740741,0.833333,0.358869
hybrid,pr,0.740741,0.840336,0.360043
hybrid,pr,0.740741,0.847458,0.360583
hybrid,pr,0.740741,0.854701,0.362164
hybrid,pr,0.740741,0.862069,0.366501
hybrid,pr,0.733333,0.860870,0.367124
hybrid,pr,0.733333,0.868421,0.367848
hybrid,pr,0.733333,0.876106,0.370985
hybrid,pr,0.733333,0.883929,0.371276
hybrid,pr,0.733333,0.891892,0.371492
hybrid,pr,0.725926,0.890909,0.374182
hybrid,pr,0.718519,0.889908,0.375352
hybrid,pr,0.711111,0.888889,0.376857
hybrid,pr,0.711111,0.897196,0.377320
hybrid,pr,0.703704,0.896226,0.378905
hybrid,pr,0.703704,0.904762,0.380024
hybrid,pr,0.696296,0.903846,0.381239
hybrid,pr,0.688889,0.902913,0.382164
hybrid,pr,0.681481,0.901961,0.388809
hybrid,pr,0.674074,0.900990,0.389153
hybrid,pr,0.674074,0.910000,0.389434
hybrid,pr,0.666667,0.909091,0.390451
hybrid,pr,0.659259,0.908163,0.390848
hybrid,pr,0.651852,0.907216,0.392896
hybrid,pr,0.651852,0.916667,0.394383
hybrid,pr,0.651852,0.926316,0.395194
hybrid,pr,0.651852,0.936170,0.395723
hybrid,pr,0.651852,0.946237,0.398752
hybrid,pr,0.644444,0.945652,0.399900
hybrid,pr,0.637037,0.945055,0.400371
hybrid,pr,0.629630,0.944444,0.401318
hybrid,pr,0.622222,0.943820,0.403346
hybrid,pr,0.614815,0.943182,0.407049
hybrid,pr,0.607407,0.942529,0.409713
hybrid,pr,0.600000,0.941860,0.410431
hybrid,pr,0.592593,0.941176,0.412596
hybrid,pr,0.592593,0.952381,0.414087
hybrid,pr,0.585185,0.951807,0.414631
hybrid,pr,0.577778,0.951220,0.416047
hybrid,pr,0.570370,0.950617,0.418129
hybrid,pr,0.562963,0.950000,0.422506
hybrid,pr,0.555556,0.949367,0.422887
hybrid,pr,0.548148,0.948718,0.424913
hybrid,pr,0.540741,0.948052,0.424941
hybrid,pr,0.533333,0.947368,0.427600
hybrid,pr,0.533333,0.960000,0.427650
hybrid,pr,0.525926,0.959459,0.428245
hybrid,pr,0.518519,0.958904,0.428580
hybrid,pr,0.511111,0.958333,0.429870
hybrid,pr,0.503704,0.957746,0.434020
hybrid,pr,0.496296,0.957143,0.434915
hybrid,pr,0.488889,0.956522,0.442424
hybrid,pr,0.481481,0.955882,0.442642
hybrid,pr,0.474074,0.955224,0.443413
hybrid,pr,0.466667,0.954545,0.443624
hybrid,pr,0.459259,0.953846,0.444949
hybrid,pr,0.451852,0.953125,0.445555
hybrid,pr,0.444444,0.952381,0.452212
hybrid,pr,0.437037,0.951613,0.456292
hybrid,pr,0.429630,0.950820,0.457403
hybrid,pr,0.429630,0.966667,0.474467
hybrid,pr,0.422222,0.966102,0.478266
hybrid,pr,0.414815,0.965517,0.479370
hybrid,pr,0.407407,0.964912,0.481061
hybrid,pr,0.400000,0.964286,0.485481
hybrid,pr,0.392593,0.963636,0.487164
hybrid,pr,0.385185,0.962963,0.488712
hybrid,pr,0.377778,0.962264,0.489223
hybrid,pr,0.370370,0.961538,0.492094
hybrid,pr,0.362963,0.960784,0.502134
hybrid,pr,0.355556,0.960000,0.503795
hybrid,pr,0.348148,0.959184,0.503871
hybrid,pr,0.348148,0.979167,0.507666
hybrid,pr,0.340741,0.978723,0.509858
hybrid,pr,0.333333,0.978261,0.510783
hybrid,pr,0.325926,0.977778,0.519122
hybrid,pr,0.318519,0.977273,0.519812
hybrid,pr,0.311111,0.976744,0.525201
hybrid,pr,0.303704,0.976190,0.526309
hybrid,pr,0.296296,0.975610,0.526484
hybrid,pr,0.288889,0.975000,0.529087
hybrid,pr,0.281481,0.974359,0.531653
hybrid,pr,0.274074,0.973684,0.531680
hybrid,pr,0.266667,0.972973,0.534832
hybrid,pr,0.259259,0.972222,0.542981
hybrid,pr,0.251852,0.971429,0.550104
hybrid,pr,0.244444,0.970588,0.550413
hybrid,pr,0.237037,0.969697,0.554984
hybrid,pr,0.229630,0.968750,0.555138
hybrid,pr,0.222222,0.967742,0.564553
hybrid,pr,0.214815,0.966667,0.567220
hybrid,pr,0.207407,0.965517,0.567951
hybrid,pr,0.200000,0.964286,0.570150
hybrid,pr,0.192593,0.962963,0.577594
hybrid,pr,0.185185,0.961538,0.578170
hybrid,pr,0.185185,1.000000,0.580523
hybrid,pr,0.177778,1.000000,0.583792
hybrid,pr,0.170370,1.000000,0.589938
hybrid,pr,0.162963,1.000000,0.598397
hybrid,pr,0.155556,1.000000,0.598961
hybrid,pr,0.148148,1.000000,0.602481
hybrid,pr,0.140741,1.000000,0.613350
hybrid,pr,0.133333,1.000000,0.615422
hybrid,pr,0.125926,1.000000,0.618808
hybrid,pr,0.118519,1.000000,0.622525
hybrid,pr,0.111111,1.000000,0.622547
hybrid,pr,0.103704,1.000000,0.629088
hybrid,pr,0.096296,1.000000,0.631217
hybrid,pr,0.088889,1.000000,0.633286
hybrid,pr,0.081481,1.000000,0.634026
hybrid,pr,0.074074,1.000000,0.634131
hybrid,pr,0.066667,1.000000,0.637956
hybrid,pr,0.059259,1.000000,0.639346
hybrid,pr,0.051852,1.000000,0.640053
hybrid,pr,0.044444,1.000000,0.655939
hybrid,pr,0.037037,1.000000,0.658662
hybrid,pr,0.029630,1.000000,0.683302
hybrid,pr,0.022222,1.000000,0.720820
hybrid,pr,0.014815,1.000000,0.811957
hybrid,pr,0.007407,1.000000,0.825000
hybrid,pr,0.000000,1.000000,1.000000
logistic_regression,roc,0.000000,0.000000,1.000000
logistic_regression,roc,0.000000,0.007407,0.999953
logistic_regression,roc,0.000000,0.896296,0.853778
logistic_regression,roc,0.001307,0.896296,0.850289
logistic_regression,roc,0.001307,0.940741,0.769039
logistic_regression,roc,0.006536,0.940741,0.732277
logistic_regression,roc,0.006536,0.962963,0.688992
logistic_regression,roc,0.010458,0.962963,0.673829
logistic_regression,roc,0.010458,0.977778,0.640746
logistic_regression,roc,0.044444,0.977778,0.415845
logistic_regression,roc,0.044444,0.992593,0.410537
logistic_regression,roc,0.071895,0.992593,0.309939
logistic_regression,roc,0.071895,1.000000,0.306352
logistic_regression,roc,1.000000,1.000000,0.000179
logistic_regression,pr,1.000000,0.150000,0.000179
logistic_regression,pr,1.000000,0.150167,0.000293
logistic_regression,pr,1.000000,0.150334,0.000320
logistic_regression,pr,1.000000,0.150502,0.000325
logistic_regression,pr,1.000000,0.150670,0.000332
logistic_regression,pr,1.000000,0.150838,0.000356
logistic_regression,pr,1.000000,0.151007,0.000368
logistic_regression,pr,1.000000,0.151176,0.000395
logistic_regression,pr,1.000000,0.151345,0.000423
logistic_regression,pr,1.000000,0.151515,0.000427
logistic_regression,pr,1.000000,0.151685,0.000429
logistic_regression,pr,1.000000,0.151856,0.000432
logistic_regression,pr,1.000000,0.152027,0.000451
logistic_regression,pr,1.000000,0.152198,0.000468
logistic_regression,pr,1.000000,0.152370,0.000513
logistic_regression,pr,1.000000,0.152542,0.000529
logistic_regression,pr,1.000000,0.152715,0.000596
logistic_regression,pr,1.000000,0.152888,0.000652
logistic_regression,pr,1.000000,0.153061,0.000683
logistic_regression,pr,1.000000,0.153235,0.000690
logistic_regression,pr,1.000000,0.153409,0.000725
logistic_regression,pr,1.000000,0.153584,0.000823
logistic_regression,pr,1.000000,0.153759,0.000829
logistic_regression,pr,1.000000,0.153934,0.000854
logistic_regression,pr,1.000000,0.154110,0.000860
logistic_regression,pr,1.000000,0.154286,0.000862
logistic_regression,pr,1.000000,0.154462,0.000920
logistic_regression,pr,1.000000,0.154639,0.000921
logistic_regression,pr,1.000000,0.154817,0.000933
logistic_regression,pr,1.000000,0.154994,0.000953
logistic_regression,pr,1.000000,0.155172,0.000957
logistic_regression,pr,1.000000,0.155351,0.001042
logistic_regression,pr,1.000000,0.155530,0.001055
logistic_regression,pr,1.000000,0.155709,0.001105
logistic_regression,pr,1.000000,0.155889,0.001111
logistic_regression,pr,1.000000,0.156069,0.001112
logistic_regression,pr,1.000000,0.156250,0.001113
logistic_regression,pr,1.000000,0.156431,0.001126
logistic_regression,pr,1.000000,0.156613,0.001169
logistic_regression,pr,1.000000,0.156794,0.001173
logistic_regression,pr,1.000000,0.156977,0.001180
logistic_regression,pr,1.000000,0.157159,0.001185
logistic_regression,pr,1.000000,0.157343,0.001187
logistic_regression,pr,1.000000,0.157526,0.001205
logistic_regression,pr,1.000000,0.157710,0.001205
logistic_regression,pr,1.000000,0.157895,0.001207
logistic_regression,pr,1.000000,0.158080,0.001219
logistic_regression,pr,1.000000,0.158265,0.001226
logistic_regression,pr,1.000000,0.158451,0.001233
logistic_regression,pr,1.000000,0.158637,0.001276
logistic_regression,pr,1.000000,0.158824,0.001300
logistic_regression,pr,1.000000,0.159011,0.001316
logistic_regression,pr,1.000000,0.159198,0.001378
logistic_regression,pr,1.000000,0.159386,0.001384
logistic_regression,pr,1.000000,0.159574,0.001405
logistic_regression,pr,1.000000,0.159763,0.001410
logistic_regression,pr,1.000000,0.159953,0.001418
logistic_regression,pr,1.000000,0.160142,0.001435
logistic_regression,pr,1.000000,0.160333,0.001460
logistic_regression,pr,1.000000,0.160523,0.001465
logistic_regression,pr,1.000000,0.160714,0.001493
logistic_regression,pr,1.000000,0.160906,0.001504
logistic_regression,pr,1.000000,0.161098,0.001509
logistic_regression,pr,1.000000,0.161290,0.001516
logistic_regression,pr,1.000000,0.161483,0.001522
logistic_regression,pr,1.000000,0.161677,0.001564
logistic_regression,pr,1.000000,0.161871,0.001564
logistic_regression,pr,1.000000,0.162065,0.001570
logistic_regression,pr,1.000000,0.162260,0.001631
logistic_regression,pr,1.000000,0.162455,0.001643
logistic_regression,pr,1.000000,0.162651,0.001659
logistic_regression,pr,1.000000,0.162847,0.001663
logistic_regression,pr,1.000000,0.163043,0.001709
logistic_regression,pr,1.000000,0.163241,0.001757
logistic_regression,pr,1.000000,0.163438,0.001815
logistic_regression,pr,1.000000,0.163636,0.001828
logistic_regression,pr,1.000000,0.163835,0.001870
logistic_regression,pr,1.000000,0.164034,0.001885
logistic_regression,pr,1.000000,0.164234,0.001894
logistic_regression,pr,1.000000,0.164434,0.001921
logistic_regression,pr,1.000000,0.164634,0.001939
logistic_regression,pr,1.000000,0.164835,0.001944
logistic_regression,pr,1.000000,0.165037,0.001986
logistic_regression,pr,1.000000,0.165239,0.001990
logistic_regression,pr,1.000000,0.165441,0.001994
logistic_regression,pr,1.000000,0.165644,0.002001
logistic_regression,pr,1.000000,0.165848,0.002013
logistic_regression,pr,1.000000,0.166052,0.002022
logistic_regression,pr,1.000000,0.166256,0.002129
logistic_regression,pr,1.000000,0.166461,0.002142
logistic_regression,pr,1.000000,0.166667,0.002151
logistic_regression,pr,1.000000,0.166873,0.002162
logistic_regression,pr,1.000000,0.167079,0.002179
logistic_regression,pr,1.000000,0.167286,0.002185
logistic_regression,pr,1.000000,0.167494,0.002187
logistic_regression,pr,1.000000,0.167702,0.002197
logistic_regression,pr,1.000000,0.167910,0.002198
logistic_regression,pr,1.000000,0.168120,0.002254
logistic_regression,pr,1.000000,0.168329,0.002358
logistic_regression,pr,1.000000,0.168539,0.002372
logistic_regression,pr,1.000000,0.168750,0.002405
logistic_regression,pr,1.000000,0.168961,0.002407
logistic_regression,pr,1.000000,0.169173,0.002462
logistic_regression,pr,1.000000,0.169385,0.002470
logistic_regression,pr,1.000000,0.169598,0.002497
logistic_regression,pr,1.000000,0.169811,0.002498
logistic_regression,pr,1.000000,0.170025,0.002500
logistic_regression,pr,1.000000,0.170240,0.002503
logistic_regression,pr,1.000000,0.170455,0.002522
logistic_regression,pr,1.000000,0.170670,0.002547
logistic_regression,pr,1.000000,0.170886,0.002568
logistic_regression,pr,1.000000,0.171103,0.002584
logistic_regression,pr,1.000000,0.171320,0.002593
logistic_regression,pr,1.000000,0.171537,0.002596
logistic_regression,pr,1.000000,0.171756,0.002598
logistic_regression,pr,1.000000,0.171975,0.002703
logistic_regression,pr,1.000000,0.172194,0.002706
logistic_regression,pr,1.000000,0.172414,0.002776
logistic_regression,pr,1.000000,0.172634,0.002813
logistic_regression,pr,1.000000,0.172855,0.002862
logistic_regression,pr,1.000000,0.173077,0.002865
logistic_regression,pr,1.000000,0.173299,0.002897
logistic_regression,pr,1.000000,0.173522,0.002904
logistic_regression,pr,1.000000,0.173745,0.002927
logistic_regression,pr,1.000000,0.173969,0.002949
logistic_regression,pr,1.000000,0.174194,0.002952
logistic_regression,pr,1.000000,0.174419,0.002984
logistic_regression,pr,1.000000,0.174644,0.003053
logistic_regression,pr,1.000000,0.174870,0.003076
logistic_regression,pr,1.000000,0.175097,0.003159
logistic_regression,pr,1.000000,0.175325,0.003166
logistic_regression,pr,1.000000,0.175553,0.003181
logistic_regression,pr,1.000000,0.175781,0.003229
logistic_regression,pr,1.000000,0.176010,0.003233
logistic_regression,pr,1.000000,0.176240,0.003260
logistic_regression,pr,1.000000,0.176471,0.003264
logistic_regression,pr,1.000000,0.176702,0.003265
logistic_regression,pr,1.000000,0.176933,0.003303
logistic_regression,pr,1.000000,0.177165,0.003305
logistic_regression,pr,1.000000,0.177398,0.003317
logistic_regression,pr,1.000000,0.177632,0.003321
logistic_regression,pr,1.000000,0.177866,0.003354
logistic_regression,pr,1.000000,0.178100,0.003399
logistic_regression,pr,1.000000,0.178336,0.003435
logistic_regression,pr,1.000000,0.178571,0.003487
logistic_regression,pr,1.000000,0.178808,0.003493
logistic_regression,pr,1.000000,0.179045,0.003534
logistic_regression,pr,1.000000,0.179283,0.003549
logistic_regression,pr,1.000000,0.179521,0.003584
logistic_regression,pr,1.000000,0.179760,0.003631
logistic_regression,pr,1.000000,0.180000,0.003646
logistic_regression,pr,1.000000,0.180240,0.003658
logistic_regression,pr,1.000000,0.180481,0.003659
logistic_regression,pr,1.000000,0.180723,0.003660
logistic_regression,pr,1.000000,0.180965,0.003664
logistic_regression,pr,1.000000,0.181208,0.003727
logistic_regression,pr,1.000000,0.181452,0.003814
logistic_regression,pr,1.000000,0.181696,0.003820
logistic_regression,pr,1.000000,0.181941,0.003907
logistic_regression,pr,1.000000,0.182186,0.003919
logistic_regression,pr,1.000000,0.182432,0.003973
logistic_regression,pr,1.000000,0.182679,0.003997
logistic_regression,pr,1.000000,0.182927,0.004001
logistic_regression,pr,1.000000,0.183175,0.004059
logistic_regression,pr,1.000000,0.183424,0.004098
logistic_regression,pr,1.000000,0.183673,0.004130
logistic_regression,pr,1.000000,0.183924,0.004163
logistic_regression,pr,1.000000,0.184175,0.004184
logistic_regression,pr,1.000000,0.184426,0.004246
logistic_regression,pr,1.000000,0.184679,0.004313
logistic_regression,pr,1.000000,0.184932,0.004372
logistic_regression,pr,1.000000,0.185185,0.004399
logistic_regression,pr,1.000000,0.185440,0.004424
logistic_regression,pr,1.000000,0.185695,0.004482
logistic_regression,pr,1.000000,0.185950,0.004483
logistic_regression,pr,1.000000,0.186207,0.004512
logistic_regression,pr,1.000000,0.186464,0.004553
logistic_regression,pr,1.000000,0.186722,0.004598
logistic_regression,pr,1.000000,0.186981,0.004601
logistic_regression,pr,1.000000,0.187240,0.004632
logistic_regression,pr,1.000000,0.187500,0.004756
logistic_regression,pr,1.000000,0.187761,0.004773
logistic_regression,pr,1.000000,0.188022,0.004778
logistic_regression,pr,1.000000,0.188285,0.004814
logistic_regression,pr,1.000000,0.188547,0.004820
logistic_regression,pr,1.000000,0.188811,0.004823
logistic_regression,pr,1.000000,0.189076,0.004869
logistic_regression,pr,1.000000,0.189341,0.004879
logistic_regression,pr,1.000000,0.189607,0.004899
logistic_regression,pr,1.000000,0.189873,0.004930
logistic_regression,pr,1.000000,0.190141,0.004958
logistic_regression,pr,1.000000,0.190409,0.004970
logistic_regression,pr,1.000000,0.190678,0.004994
logistic_regression,pr,1.000000,0.190948,0.005030
logistic_regression,pr,1.000000,0.191218,0.005062
logistic_regression,pr,1.000000,0.191489,0.005088
logistic_regression,pr,1.000000,0.191761,0.005121
logistic_regression,pr,1.000000,0.192034,0.005125
logistic_regression,pr,1.000000,0.192308,0.005155
logistic_regression,pr,1.000000,0.192582,0.005185
logistic_regression,pr,1.000000,0.192857,0.005193
logistic_regression,pr,1.000000,0.193133,0.005197
logistic_regression,pr,1.000000,0.193410,0.005246
logistic_regression,pr,1.000000,0.193687,0.005265
logistic_regression,pr,1.000000,0.193966,0.005293
logistic_regression,pr,1.000000,0.194245,0.005360
logistic_regression,pr,1.000000,0.194524,0.005447
logistic_regression,pr,1.000000,0.194805,0.005455
logistic_regression,pr,1.000000,0.195087,0.005508
logistic_regression,pr,1.000000,0.195369,0.005533
logistic_regression,pr,1.000000,0.195652,0.005559
logistic_regression,pr,1.000000,0.195936,0.005597
logistic_regression,pr,1.000000,0.196221,0.005625
logistic_regression,pr,1.000000,0.196507,0.005683
logistic_regression,pr,1.000000,0.196793,0.005962
logistic_regression,pr,1.000000,0.197080,0.006005
logistic_regression,pr,1.000000,0.197368,0.006029
logistic_regression,pr,1.000000,0.197657,0.006038
logistic_regression,pr,1.000000,0.197947,0.006101
logistic_regression,pr,1.000000,0.198238,0.006118
logistic_regression,pr,1.000000,0.198529,0.006146
logistic_regression,pr,1.000000,0.198822,0.006161
logistic_regression,pr,1.000000,0.199115,0.006278
logistic_regression,pr,1.000000,0.199409,0.006470
logistic_regression,pr,1.000000,0.199704,0.006482
logistic_regression,pr,1.000000,0.200000,0.006504
logistic_regression,pr,1.000000,0.200297,0.006558
logistic_regression,pr,1.000000,0.200594,0.006571
logistic_regression,pr,1.000000,0.200893,0.006610
logistic_regression,pr,1.000000,0.201192,0.006622
logistic_regression,pr,1.000000,0.201493,0.006647
logistic_regression,pr,1.000000,0.201794,0.006657
logistic_regression,pr,1.000000,0.202096,0.006746
logistic_regression,pr,1.000000,0.202399,0.006778
logistic_regression,pr,1.000000,0.202703,0.006784
logistic_regression,pr,1.000000,0.203008,0.006820
logistic_regression,pr,1.000000,0.203313,0.006860
logistic_regression,pr,1.000000,0.203620,0.006865
logistic_regression,pr,1.000000,0.203927,0.006914
logistic_regression,pr,1.000000,0.204236,0.006921
logistic_regression,pr,1.000000,0.204545,0.006951
logistic_regression,pr,1.000000,0.204856,0.007002
logistic_regression,pr,1.000000,0.205167,0.007060
logistic_regression,pr,1.000000,0.205479,0.007124
logistic_regression,pr,1.000000,0.205793,0.007131
logistic_regression,pr,1.000000,0.206107,0.007361
logistic_regression,pr,1.000000,0.206422,0.007378
logistic_regression,pr,1.000000,0.206738,0.007385
logistic_regression,pr,1.000000,0.207055,0.007467
logistic_regression,pr,1.000000,0.207373,0.007492
logistic_regression,pr,1.000000,0.207692,0.007557
logistic_regression,pr,1.000000,0.208012,0.007642
logistic_regression,pr,1.000000,0.208333,0.007642
logistic_regression,pr,1.000000,0.208655,0.007644
logistic_regression,pr,1.000000,0.208978,0.007680
logistic_regression,pr,1.000000,0.209302,0.007705
logistic_regression,pr,1.000000,0.209627,0.007723
logistic_regression,pr,1.000000,0.209953,0.007754
logistic_regression,pr,1.000000,0.210280,0.007758
logistic_regression,pr,1.000000,0.210608,0.007828
logistic_regression,pr,1.000000,0.210938,0.007831
logistic_regression,pr,1.000000,0.211268,0.007904
logistic_regression,pr,1.000000,0.211599,0.007955
logistic_regression,pr,1.000000,0.211931,0.007997
logistic_regression,pr,1.000000,0.212264,0.008093
logistic_regression,pr,1.000000,0.212598,0.008122
logistic_regression,pr,1.000000,0.212934,0.008143
logistic_regression,pr,1.000000,0.213270,0.008161
logistic_regression,pr,1.000000,0.213608,0.008181
logistic_regression,pr,1.000000,0.213946,0.008223
logistic_regression,pr,1.000000,0.214286,0.008266
logistic_regression,pr,1.000000,0.214626,0.008348
logistic_regression,pr,1.000000,0.214968,0.008369
logistic_regression,pr,1.000000,0.215311,0.008420
logistic_regression,pr,1.000000,0.215655,0.008420
logistic_regression,pr,1.000000,0.216000,0.008471
logistic_regression,pr,1.000000,0.216346,0.008522
logistic_regression,pr,1.000000,0.216693,0.008564
logistic_regression,pr,1.000000,0.217042,0.008593
logistic_regression,pr,1.000000,0.217391,0.008692
logistic_regression,pr,1.000000,0.217742,0.008720
logistic_regression,pr,1.000000,0.218094,0.008767
logistic_regression,pr,1.000000,0.218447,0.008885
logistic_regression,pr,1.000000,0.218801,0.009046
logistic_regression,pr,1.000000,0.219156,0.009062
logistic_regression,pr,1.000000,0.219512,0.009064
logistic_regression,pr,1.000000,0.219870,0.009138
logistic_regression,pr,1.000000,0.220228,0.009171
logistic_regression,pr,1.000000,0.220588,0.009189
logistic_regression,pr,1.000000,0.220949,0.009231
logistic_regression,pr,1.000000,0.221311,0.009275
logistic_regression,pr,1.000000,0.221675,0.009283
logistic_regression,pr,1.000000,0.222039,0.009466
logistic_regression,pr,1.000000,0.222405,0.009546
logistic_regression,pr,1.000000,0.222772,0.009578
logistic_regression,pr,1.000000,0.223140,0.009600
logistic_regression,pr,1.000000,0.223510,0.009695
logistic_regression,pr,1.000000,0.223881,0.009927
logistic_regression,pr,1.000000,0.224252,0.009940
logistic_regression,pr,1.000000,0.224626,0.009954
logistic_regression,pr,1.000000,0.225000,0.010059
logistic_regression,pr,1.000000,0.225376,0.010104
logistic_regression,pr,1.000000,0.225753,0.010119
logistic_regression,pr,1.000000,0.226131,0.010125
logistic_regression,pr,1.000000,0.226510,0.010271
logistic_regression,pr,1.000000,0.226891,0.010328
logistic_regression,pr,1.000000,0.227273,0.010336
logistic_regression,pr,1.000000,0.227656,0.010380
logistic_regression,pr,1.000000,0.228041,0.010402
logistic_regression,pr,1.000000,0.228426,0.010546
logistic_regression,pr,1.000000,0.228814,0.010585
logistic_regression,pr,1.000000,0.229202,0.010662
logistic_regression,pr,1.000000,0.229592,0.010979
logistic_regression,pr,1.000000,0.229983,0.010991
logistic_regression,pr,1.000000,0.230375,0.011015
logistic_regression,pr,1.000000,0.230769,0.011098
logistic_regression,pr,1.000000,0.231164,0.011226
logistic_regression,pr,1.000000,0.231561,0.011306
logistic_regression,pr,1.000000,0.231959,0.011321
logistic_regression,pr,1.000000,0.232358,0.011409
logistic_regression,pr,1.000000,0.232759,0.011481
logistic_regression,pr,1.000000,0.233161,0.011559
logistic_regression,pr,1.000000,0.233564,0.011588
logistic_regression,pr,1.000000,0.233969,0.011716
logistic_regression,pr,1.000000,0.234375,0.011758
logistic_regression,pr,1.000000,0.234783,0.011951
logistic_regression,pr,1.000000,0.235192,0.012012
logistic_regression,pr,1.000000,0.235602,0.012022
logistic_regression,pr,1.000000,0.236014,0.012115
logistic_regression,pr,1.000000,0.236427,0.012225
logistic_regression,pr,1.000000,0.236842,0.012263
logistic_regression,pr,1.000000,0.237258,0.012525
logistic_regression,pr,1.000000,0.237676,0.012572
logistic_regression,pr,1.000000,0.238095,0.012605
logistic_regression,pr,1.000000,0.238516,0.012816
logistic_regression,pr,1.000000,0.238938,0.012978
logistic_regression,pr,1.000000,0.239362,0.013013
logistic_regression,pr,1.000000,0.239787,0.013122
logistic_regression,pr,1.000000,0.240214,0.013170
logistic_regression,pr,1.000000,0.240642,0.013311
logistic_regression,pr,1.000000,0.241071,0.013314
logistic_regression,pr,1.000000,0.241503,0.013603
logistic_regression,pr,1.000000,0.241935,0.013724
logistic_regression,pr,1.000000,0.242370,0.013907
logistic_regression,pr,1.000000,0.242806,0.013920
logistic_regression,pr,1.000000,0.243243,0.013938
logistic_regression,pr,1.000000,0.243682,0.014016
logistic_regression,pr,1.000000,0.244123,0.014091
logistic_regression,pr,1.000000,0.244565,0.014143
logistic_regression,pr,1.000000,0.245009,0.014182
logistic_regression,pr,1.000000,0.245455,0.014211
logistic_regression,pr,1.000000,0.245902,0.014212
logistic_regression,pr,1.000000,0.246350,0.014313
logistic_regression,pr,1.000000,0.246801,0.014344
logistic_regression,pr,1.000000,0.247253,0.014374
logistic_regression,pr,1.000000,0.247706,0.014529
logistic_regression,pr,1.000000,0.248162,0.014579
logistic_regression,pr,1.000000,0.248619,0.014597
logistic_regression,pr,1.000000,0.249077,0.014716
logistic_regression,pr,1.000000,0.249538,0.014724
logistic_regression,pr,1.000000,0.250000,0.014735
logistic_regression,pr,1.000000,0.250464,0.014804
logistic_regression,pr,1.000000,0.250929,0.014942
logistic_regression,pr,1.000000,0.251397,0.015257
logistic_regression,pr,1.000000,0.251866,0.015319
logistic_regression,pr,1.000000,0.252336,0.015621
logistic_regression,pr,1.000000,0.252809,0.015624
logistic_regression,pr,1.000000,0.253283,0.015732
logistic_regression,pr,1.000000,0.253759,0.015746
logistic_regression,pr,1.000000,0.254237,0.015873
logistic_regression,pr,1.000000,0.254717,0.015956
logistic_regression,pr,1.000000,0.255198,0.016020
logistic_regression,pr,1.000000,0.255682,0.016026
logistic_regression,pr,1.000000,0.256167,0.016160
logistic_regression,pr,1.000000,0.256654,0.016348
logistic_regression,pr,1.000000,0.257143,0.016414
logistic_regression,pr,1.000000,0.257634,0.016420
logistic_regression,pr,1.000000,0.258126,0.016588
logistic_regression,pr,1.000000,0.258621,0.016768
logistic_regression,pr,1.000000,0.259117,0.017261
logistic_regression,pr,1.000000,0.259615,0.017353
logistic_regression,pr,1.000000,0.260116,0.017354
logistic_regression,pr,1.000000,0.260618,0.017376
logistic_regression,pr,1.000000,0.261122,0.017393
logistic_regression,pr,1.000000,0.261628,0.017568
logistic_regression,pr,1.000000,0.262136,0.017771
logistic_regression,pr,1.000000,0.262646,0.017822
logistic_regression,pr,1.000000,0.263158,0.017907
logistic_regression,pr,1.000000,0.263672,0.017935
logistic_regression,pr,1.000000,0.264188,0.018238
logistic_regression,pr,1.000000,0.264706,0.018285
logistic_regression,pr,1.000000,0.265226,0.018300
logistic_regression,pr,1.000000,0.265748,0.018542
logistic_regression,pr,1.000000,0.266272,0.018598
logistic_regression,pr,1.000000,0.266798,0.018951
logistic_regression,pr,1.000000,0.267327,0.019324
logistic_regression,pr,1.000000,0.267857,0.019341
logistic_regression,pr,1.000000,0.268390,0.019412
logistic_regression,pr,1.000000,0.268924,0.019583
logistic_regression,pr,1.000000,0.269461,0.019683
logistic_regression,pr,1.000000,0.270000,0.019932
logistic_regression,pr,1.000000,0.270541,0.019952
logistic_regression,pr,1.000000,0.271084,0.020211
logistic_regression,pr,1.000000,0.271630,0.020379
logistic_regression,pr,1.000000,0.272177,0.020588
logistic_regression,pr,1.000000,0.272727,0.020730
logistic_regression,pr,1.000000,0.273279,0.020738
logistic_regression,pr,1.000000,0.273834,0.020766
logistic_regression,pr,1.000000,0.274390,0.020829
logistic_regression,pr,1.000000,0.274949,0.020995
logistic_regression,pr,1.000000,0.275510,0.021063
logistic_regression,pr,1.000000,0.276074,0.021098
logistic_regression,pr,1.000000,0.276639,0.021286
logistic_regression,pr,1.000000,0.277207,0.021343
logistic_regression,pr,1.000000,0.277778,0.021420
logistic_regression,pr,1.000000,0.278351,0.021447
logistic_regression,pr,1.000000,0.278926,0.021549
logistic_regression,pr,1.000000,0.279503,0.021688
logistic_regression,pr,1.000000,0.280083,0.021727
logistic_regression,pr,1.000000,0.280665,0.021753
logistic_regression,pr,1.000000,0.281250,0.021868
logistic_regression,pr,1.000000,0.281837,0.021948
logistic_regression,pr,1.000000,0.282427,0.022106
logistic_regression,pr,1.000000,0.283019,0.022137
logistic_regression,pr,1.000000,0.283613,0.022230
logistic_regression,pr,1.000000,0.284211,0.022285
logistic_regression,pr,1.000000,0.284810,0.022295
logistic_regression,pr,1.000000,0.285412,0.022303
logistic_regression,pr,1.000000,0.286017,0.022329
logistic_regression,pr,1.000000,0.286624,0.022567
logistic_regression,pr,1.000000,0.287234,0.022569
logistic_regression,pr,1.000000,0.287846,0.022795
logistic_regression,pr,1.000000,0.288462,0.023290
logistic_regression,pr,1.000000,0.289079,0.023701
logistic_regression,pr,1.000000,0.289700,0.023829
logistic_regression,pr,1.000000,0.290323,0.023954
logistic_regression,pr,1.000000,0.290948,0.024148
logistic_regression,pr,1.000000,0.291577,0.024401
logistic_regression,pr,1.000000,0.292208,0.024622
logistic_regression,pr,1.000000,0.292842,0.024962
logistic_regression,pr,1.000000,0.293478,0.025078
logistic_regression,pr,1.000000,0.294118,0.025140
logistic_regression,pr,1.000000,0.294760,0.025298
logistic_regression,pr,1.000000,0.295405,0.025592
logistic_regression,pr,1.000000,0.296053,0.025598
logistic_regression,pr,1.000000,0.296703,0.026414
logistic_regression,pr,1.000000,0.297357,0.026532
logistic_regression,pr,1.000000,0.298013,0.026543
logistic_regression,pr,1.000000,0.298673,0.026551
logistic_regression,pr,1.000000,0.299335,0.026765
logistic_regression,pr,1.000000,0.300000,0.026786
logistic_regression,pr,1.000000,0.300668,0.026971
logistic_regression,pr,1.000000,0.301339,0.027076
logistic_regression,pr,1.000000,0.302013,0.027119
logistic_regression,pr,1.000000,0.302691,0.027452
logistic_regression,pr,1.000000,0.303371,0.027595
logistic_regression,pr,1.000000,0.304054,0.027781
logistic_regression,pr,1.000000,0.304740,0.027968
logistic_regression,pr,1.000000,0.305430,0.028047
logistic_regression,pr,1.000000,0.306122,0.028104
logistic_regression,pr,1.000000,0.306818,0.028184
logistic_regression,pr,1.000000,0.307517,0.028274
logistic_regression,pr,1.000000,0.308219,0.028437
logistic_regression,pr,1.000000,0.308924,0.028621
logistic_regression,pr,1.000000,0.309633,0.028715
logistic_regression,pr,1.000000,0.310345,0.028906
logistic_regression,pr,1.000000,0.311060,0.029170
logistic_regression,pr,1.000000,0.311778,0.029230
logistic_regression,pr,1.000000,0.312500,0.029284
logistic_regression,pr,1.000000,0.313225,0.030404
logistic_regression,pr,1.000000,0.313953,0.030653
logistic_regression,pr,1.000000,0.314685,0.030739
logistic_regression,pr,1.000000,0.315421,0.030834
logistic_regression,pr,1.000000,0.316159,0.031183
logistic_regression,pr,1.000000,0.316901,0.031340
logistic_regression,pr,1.000000,0.317647,0.031958
logistic_regression,pr,1.000000,0.318396,0.032004
logistic_regression,pr,1.000000,0.319149,0.032172
logistic_regression,pr,1.000000,0.319905,0.032308
logistic_regression,pr,1.000000,0.320665,0.032334
logistic_regression,pr,1.000000,0.321429,0.033571
logistic_regression,pr,1.000000,0.322196,0.033708
logistic_regression,pr,1.000000,0.322967,0.033757
logistic_regression,pr,1.000000,0.323741,0.033763
logistic_regression,pr,1.000000,0.324519,0.034075
logistic_regression,pr,1.000000,0.325301,0.034219
logistic_regression,pr,1.000000,0.326087,0.034612
logistic_regression,pr,1.000000,0.326877,0.034940
logistic_regression,pr,1.000000,0.327670,0.035168
logistic_regression,pr,1.000000,0.328467,0.035379
logistic_regression,pr,1.000000,0.329268,0.036049
logistic_regression,pr,1.000000,0.330073,0.036283
logistic_regression,pr,1.000000,0.330882,0.036411
logistic_regression,pr,1.000000,0.331695,0.036492
logistic_regression,pr,1.000000,0.332512,0.036595
logistic_regression,pr,1.000000,0.333333,0.037463
logistic_regression,pr,1.000000,0.334158,0.037492
logistic_regression,pr,1.000000,0.334988,0.037529
logistic_regression,pr,1.000000,0.335821,0.037533
logistic_regression,pr,1.000000,0.336658,0.037690
logistic_regression,pr,1.000000,0.337500,0.037698
logistic_regression,pr,1.000000,0.338346,0.037783
logistic_regression,pr,1.000000,0.339196,0.037851
logistic_regression,pr,1.000000,0.340050,0.038272
logistic_regression,pr,1.000000,0.340909,0.038415
logistic_regression,pr,1.000000,0.341772,0.039333
logistic_regression,pr,1.000000,0.342640,0.039602
logistic_regression,pr,1.000000,0.343511,0.039742
logistic_regression,pr,1.000000,0.344388,0.040031
logistic_regression,pr,1.000000,0.345269,0.040040
logistic_regression,pr,1.000000,0.346154,0.040449
logistic_regression,pr,1.000000,0.347044,0.040609
logistic_regression,pr,1.000000,0.347938,0.040647
logistic_regression,pr,1.000000,0.348837,0.040947
logistic_regression,pr,1.000000,0.349741,0.041018
logistic_regression,pr,1.000000,0.350649,0.041318
logistic_regression,pr,1.000000,0.351562,0.041530
logistic_regression,pr,1.000000,0.352480,0.041548
logistic_regression,pr,1.000000,0.353403,0.041707
logistic_regression,pr,1.000000,0.354331,0.041734
logistic_regression,pr,1.000000,0.355263,0.042076
logistic_regression,pr,1.000000,0.356201,0.042499
logistic_regression,pr,1.000000,0.357143,0.042617
logistic_regression,pr,1.000000,0.358090,0.042726
logistic_regression,pr,1.000000,0.359043,0.042870
logistic_regression,pr,1.000000,0.360000,0.043153
logistic_regression,pr,1.000000,0.360963,0.043350
logistic_regression,pr,1.000000,0.361930,0.044522
logistic_regression,pr,1.000000,0.362903,0.044534
logistic_regression,pr,1.000000,0.363881,0.044585
logistic_regression,pr,1.000000,0.364865,0.044650
logistic_regression,pr,1.000000,0.365854,0.045095
logistic_regression,pr,1.000000,0.366848,0.046096
logistic_regression,pr,1.000000,0.367847,0.046266
logistic_regression,pr,1.000000,0.368852,0.046663
logistic_regression,pr,1.000000,0.369863,0.046875
logistic_regression,pr,1.000000,0.370879,0.047673
logistic_regression,pr,1.000000,0.371901,0.047682
logistic_regression,pr,1.000000,0.372928,0.049303
logistic_regression,pr,1.000000,0.373961,0.049592
logistic_regression,pr,1.000000,0.375000,0.049750
logistic_regression,pr,1.000000,0.376045,0.049896
logistic_regression,pr,1.000000,0.377095,0.049932
logistic_regression,pr,1.000000,0.378151,0.050144
logistic_regression,pr,1.000000,0.379213,0.050294
logistic_regression,pr,1.000000,0.380282,0.050564
logistic_regression,pr,1.000000,0.381356,0.050999
logistic_regression,pr,1.000000,0.382436,0.051073
logistic_regression,pr,1.000000,0.383523,0.051461
logistic_regression,pr,1.000000,0.384615,0.051485
logistic_regression,pr,1.000000,0.385714,0.052328
logistic_regression,pr,1.000000,0.386819,0.053175
logistic_regression,pr,1.000000,0.387931,0.053492
logistic_regression,pr,1.000000,0.389049,0.053813
logistic_regression,pr,1.000000,0.390173,0.053864
logistic_regression,pr,1.000000,0.391304,0.053914
logistic_regression,pr,1.000000,0.392442,0.054151
logistic_regression,pr,1.000000,0.393586,0.054447
logistic_regression,pr,1.000000,0.394737,0.054661
logistic_regression,pr,1.000000,0.395894,0.055773
logistic_regression,pr,1.000000,0.397059,0.056163
logistic_regression,pr,1.000000,0.398230,0.056484
logistic_regression,pr,1.000000,0.399408,0.057623
logistic_regression,pr,1.000000,0.400593,0.058219
logistic_regression,pr,1.000000,0.401786,0.059016
logistic_regression,pr,1.000000,0.402985,0.059296
logistic_regression,pr,1.000000,0.404192,0.059850
logistic_regression,pr,1.000000,0.405405,0.060166
logistic_regression,pr,1.000000,0.406627,0.060268
logistic_regression,pr,1.000000,0.407855,0.060555
logistic_regression,pr,1.000000,0.409091,0.060744
logistic_regression,pr,1.000000,0.410334,0.061577
logistic_regression,pr,1.000000,0.411585,0.062543
logistic_regression,pr,1.000000,0.412844,0.063514
logistic_regression,pr,1.000000,0.414110,0.063809
logistic_regression,pr,1.000000,0.415385,0.064208
logistic_regression,pr,1.000000,0.416667,0.064779
logistic_regression,pr,1.000000,0.417957,0.065919
logistic_regression,pr,1.000000,0.419255,0.066806
logistic_regression,pr,1.000000,0.420561,0.067378
logistic_regression,pr,1.000000,0.421875,0.067900
logistic_regression,pr,1.000000,0.423197,0.068375
logistic_regression,pr,1.000000,0.424528,0.068729
logistic_regression,pr,1.000000,0.425868,0.068863
logistic_regression,pr,1.000000,0.427215,0.068955
logistic_regression,pr,1.000000,0.428571,0.069709
logistic_regression,pr,1.000000,0.429936,0.070575
logistic_regression,pr,1.000000,0.431310,0.070726
logistic_regression,pr,1.000000,0.432692,0.071025
logistic_regression,pr,1.000000,0.434084,0.071104
logistic_regression,pr,1.000000,0.435484,0.071722
logistic_regression,pr,1.000000,0.436893,0.072463
logistic_regression,pr,1.000000,0.438312,0.074876
logistic_regression,pr,1.000000,0.439739,0.075034
logistic_regression,pr,1.000000,0.441176,0.075838
logistic_regression,pr,1.000000,0.442623,0.075863
logistic_regression,pr,1.000000,0.444079,0.076092
logistic_regression,pr,1.000000,0.445545,0.076259
logistic_regression,pr,1.000000,0.447020,0.077426
logistic_regression,pr,1.000000,0.448505,0.078076
logistic_regression,pr,1.000000,0.450000,0.079014
logistic_regression,pr,1.000000,0.451505,0.080822
logistic_regression,pr,1.000000,0.453020,0.081919
logistic_regression,pr,1.000000,0.454545,0.083135
logistic_regression,pr,1.000000,0.456081,0.083443
logistic_regression,pr,1.000000,0.457627,0.083715
logistic_regression,pr,1.000000,0.459184,0.084743
logistic_regression,pr,1.000000,0.460751,0.085013
logistic_regression,pr,1.000000,0.462329,0.085208
logistic_regression,pr,1.000000,0.463918,0.086516
logistic_regression,pr,1.000000,0.465517,0.087078
logistic_regression,pr,1.000000,0.467128,0.087084
logistic_regression,pr,1.000000,0.468750,0.087407
logistic_regression,pr,1.000000,0.470383,0.087432
logistic_regression,pr,1.000000,0.472028,0.089210
logistic_regression,pr,1.000000,0.473684,0.089391
logistic_regression,pr,1.000000,0.475352,0.089967
logistic_regression,pr,1.000000,0.477032,0.091702
logistic_regression,pr,1.000000,0.478723,0.092061
logistic_regression,pr,1.000000,0.480427,0.092178
logistic_regression,pr,1.000000,0.482143,0.092295
logistic_regression,pr,1.000000,0.483871,0.092501
logistic_regression,pr,1.000000,0.485612,0.093410
logistic_regression,pr,1.000000,0.487365,0.093865
logistic_regression,pr,1.000000,0.489130,0.094184
logistic_regression,pr,1.000000,0.490909,0.095087
logistic_regression,pr,1.000000,0.492701,0.095414
logistic_regression,pr,1.000000,0.494505,0.097804
logistic_regression,pr,1.000000,0.496324,0.098810
logistic_regression,pr,1.000000,0.498155,0.102053
logistic_regression,pr,1.000000,0.500000,0.102671
logistic_regression,pr,1.000000,0.501859,0.103677
logistic_regression,pr,1.000000,0.503731,0.108232
logistic_regression,pr,1.000000,0.505618,0.109808
logistic_regression,pr,1.000000,0.507519,0.113040
logistic_regression,pr,1.000000,0.509434,0.113078
logistic_regression,pr,1.000000,0.511364,0.113232
logistic_regression,pr,1.000000,0.513308,0.114153
logistic_regression,pr,1.000000,0.515267,0.119491
logistic_regression,pr,1.000000,0.517241,0.122363
logistic_regression,pr,1.000000,0.519231,0.122767
logistic_regression,pr,1.000000,0.521236,0.122829
logistic_regression,pr,1.000000,0.523256,0.123136
logistic_regression,pr,1.000000,0.525292,0.125845
logistic_regression,pr,1.000000,0.527344,0.126619
logistic_regression,pr,1.000000,0.529412,0.127505
logistic_regression,pr,1.000000,0.531496,0.127669
logistic_regression,pr,1.000000,0.533597,0.128018
logistic_regression,pr,1.000000,0.535714,0.133274
logistic_regression,pr,1.000000,0.537849,0.137095
logistic_regression,pr,1.000000,0.540000,0.137629
logistic_regression,pr,1.000000,0.542169,0.138395
logistic_regression,pr,1.000000,0.544355,0.141086
logistic_regression,pr,1.000000,0.546559,0.141878
logistic_regression,pr,1.000000,0.548780,0.148688
logistic_regression,pr,1.000000,0.551020,0.150306
logistic_regression,pr,1.000000,0.553279,0.150619
logistic_regression,pr,1.000000,0.555556,0.155745
logistic_regression,pr,1.000000,0.557851,0.157491
logistic_regression,pr,1.000000,0.560166,0.159862
logistic_regression,pr,1.000000,0.562500,0.162963
logistic_regression,pr,1.000000,0.564854,0.165347
logistic_regression,pr,1.000000,0.567227,0.165957
logistic_regression,pr,1.000000,0.569620,0.167626
logistic_regression,pr,1.000000,0.572034,0.169401
logistic_regression,pr,1.000000,0.574468,0.172019
logistic_regression,pr,1.000000,0.576923,0.176620
logistic_regression,pr,1.000000,0.579399,0.181766
logistic_regression,pr,1.000000,0.581897,0.185613
logistic_regression,pr,1.000000,0.584416,0.188948
logistic_regression,pr,1.000000,0.586957,0.189073
logistic_regression,pr,1.000000,0.589520,0.192465
logistic_regression,pr,1.000000,0.592105,0.195334
logistic_regression,pr,1.000000,0.594714,0.200862
logistic_regression,pr,1.000000,0.597345,0.200990
logistic_regression,pr,1.000000,0.600000,0.204358
logistic_regression,pr,1.000000,0.602679,0.204497
logistic_regression,pr,1.000000,0.605381,0.204936
logistic_regression,pr,1.000000,0.608108,0.208317
logistic_regression,pr,1.000000,0.610860,0.210563
logistic_regression,pr,1.000000,0.613636,0.212884
logistic_regression,pr,1.000000,0.616438,0.212946
logistic_regression,pr,1.000000,0.619266,0.216330
logistic_regression,pr,1.000000,0.622120,0.217941
logistic_regression,pr,1.000000,0.625000,0.222198
logistic_regression,pr,1.000000,0.627907,0.224584
logistic_regression,pr,1.000000,0.630841,0.227440
logistic_regression,pr,1.000000,0.633803,0.227808
logistic_regression,pr,1.000000,0.636792,0.229001
logistic_regression,pr,1.000000,0.639810,0.230509
logistic_regression,pr,1.000000,0.642857,0.235518
logistic_regression,pr,1.000000,0.645933,0.239841
logistic_regression,pr,1.000000,0.649038,0.244600
logistic_regression,pr,1.000000,0.652174,0.245978
logistic_regression,pr,1.000000,0.655340,0.246611
logistic_regression,pr,1.000000,0.658537,0.247962
logistic_regression,pr,1.000000,0.661765,0.258870
logistic_regression,pr,1.000000,0.665025,0.260286
logistic_regression,pr,1.000000,0.668317,0.263576
logistic_regression,pr,1.000000,0.671642,0.270380
logistic_regression,pr,1.000000,0.675000,0.271590
logistic_regression,pr,1.000000,0.678392,0.271896
logistic_regression,pr,1.000000,0.681818,0.274270
logistic_regression,pr,1.000000,0.685279,0.277157
logistic_regression,pr,1.000000,0.688776,0.278352
logistic_regression,pr,1.000000,0.692308,0.287579
logistic_regression,pr,1.000000,0.695876,0.287960
logistic_regression,pr,1.000000,0.699482,0.292370
logistic_regression,pr,1.000000,0.703125,0.300252
logistic_regression,pr,1.000000,0.706806,0.301319
logistic_regression,pr,1.000000,0.710526,0.306352
logistic_regression,pr,0.992593,0.708995,0.309939
logistic_regression,pr,0.992593,0.712766,0.310889
logistic_regression,pr,0.992593,0.716578,0.312273
logistic_regression,pr,0.992593,0.720430,0.317659
logistic_regression,pr,0.992593,0.724324,0.318256
logistic_regression,pr,0.992593,0.728261,0.321184
logistic_regression,pr,0.992593,0.732240,0.321330
logistic_regression,pr,0.992593,0.736264,0.321561
logistic_regression,pr,0.992593,0.740331,0.343684
logistic_regression,pr,0.992593,0.744444,0.346555
logistic_regression,pr,0.992593,0.748603,0.356942
logistic_regression,pr,0.992593,0.752809,0.358756
logistic_regression,pr,0.992593,0.757062,0.362147
logistic_regression,pr,0.992593,0.761364,0.381907
logistic_regression,pr,0.992593,0.765714,0.385594
logistic_regression,pr,0.992593,0.770115,0.390582
logistic_regression,pr,0.992593,0.774566,0.392292
logistic_regression,pr,0.992593,0.779070,0.394438
logistic_regression,pr,0.992593,0.783626,0.401290
logistic_regression,pr,0.992593,0.788235,0.407716
logistic_regression,pr,0.992593,0.792899,0.409398
logistic_regression,pr,0.992593,0.797619,0.410537
logistic_regression,pr,0.985185,0.796407,0.411388
logistic_regression,pr,0.977778,0.795181,0.415845
logistic_regression,pr,0.977778,0.800000,0.427530
logistic_regression,pr,0.977778,0.804878,0.429761
logistic_regression,pr,0.977778,0.809816,0.447610
logistic_regression,pr,0.977778,0.814815,0.460299
logistic_regression,pr,0.977778,0.819876,0.460745
logistic_regression,pr,0.977778,0.825000,0.463414
logistic_regression,pr,0.977778,0.830189,0.470236
logistic_regression,pr,0.977778,0.835443,0.474072
logistic_regression,pr,0.977778,0.840764,0.477282
logistic_regression,pr,0.977778,0.846154,0.506631
logistic_regression,pr,0.977778,0.851613,0.517702
logistic_regression,pr,0.977778,0.857143,0.521482
logistic_regression,pr,0.977778,0.862745,0.523935
logistic_regression,pr,0.977778,0.868421,0.531403
logistic_regression,pr,0.977778,0.874172,0.538727
logistic_regression,pr,0.977778,0.880000,0.544888
logistic_regression,pr,0.977778,0.885906,0.549133
logistic_regression,pr,0.977778,0.891892,0.576518
logistic_regression,pr,0.977778,0.897959,0.585249
logistic_regression,pr,0.977778,0.904110,0.585489
logistic_regression,pr,0.977778,0.910345,0.589017
logistic_regression,pr,0.977778,0.916667,0.600282
logistic_regression,pr,0.977778,0.923077,0.610236
logistic_regression,pr,0.977778,0.929577,0.621268
logistic_regression,pr,0.977778,0.936170,0.635396
logistic_regression,pr,0.977778,0.942857,0.640746
logistic_regression,pr,0.970370,0.942446,0.645836
logistic_regression,pr,0.962963,0.942029,0.673829
logistic_regression,pr,0.962963,0.948905,0.684204
logistic_regression,pr,0.962963,0.955882,0.687674
logistic_regression,pr,0.962963,0.962963,0.688992
logistic_regression,pr,0.955556,0.962687,0.692666
logistic_regression,pr,0.948148,0.962406,0.724443
logistic_regression,pr,0.940741,0.962121,0.732277
logistic_regression,pr,0.940741,0.969466,0.744925
logistic_regression,pr,0.940741,0.976923,0.753126
logistic_regression,pr,0.940741,0.984496,0.757785
logistic_regression,pr,0.940741,0.992188,0.769039
logistic_regression,pr,0.933333,0.992126,0.813758
logistic_regression,pr,0.925926,0.992063,0.815550
logistic_regression,pr,0.918519,0.992000,0.823776
logistic_regression,pr,0.911111,0.991935,0.831312
logistic_regression,pr,0.903704,0.991870,0.843845
logistic_regression,pr,0.896296,0.991803,0.850289
logistic_regression,pr,0.896296,1.000000,0.853778
logistic_regression,pr,0.888889,1.000000,0.901458
logistic_regression,pr,0.881481,1.000000,0.918025
logistic_regression,pr,0.874074,1.000000,0.923674
logistic_regression,pr,0.866667,1.000000,0.926058
logistic_regression,pr,0.859259,1.000000,0.927877
logistic_regression,pr,0.851852,1.000000,0.930281
logistic_regression,pr,0.844444,1.000000,0.939434
logistic_regression,pr,0.837037,1.000000,0.940134
logistic_regression,pr,0.829630,1.000000,0.942031
logistic_regression,pr,0.822222,1.000000,0.945053
logistic_regression,pr,0.814815,1.000000,0.953357
logistic_regression,pr,0.807407,1.000000,0.953621
logistic_regression,pr,0.800000,1.000000,0.956529
logistic_regression,pr,0.792593,1.000000,0.957058
logistic_regression,pr,0.785185,1.000000,0.958213
logistic_regression,pr,0.777778,1.000000,0.958873
logistic_regression,pr,0.770370,1.000000,0.963113
logistic_regression,pr,0.762963,1.000000,0.963712
logistic_regression,pr,0.755556,1.000000,0.964406
logistic_regression,pr,0.748148,1.000000,0.965455
logistic_regression,pr,0.740741,1.000000,0.967275
logistic_regression,pr,0.733333,1.000000,0.968820
logistic_regression,pr,0.725926,1.000000,0.969321
logistic_regression,pr,0.718519,1.000000,0.970529
logistic_regression,pr,0.711111,1.000000,0.970687
logistic_regression,pr,0.703704,1.000000,0.970773
logistic_regression,pr,0.696296,1.000000,0.971000
logistic_regression,pr,0.688889,1.000000,0.971549
logistic_regression,pr,0.681481,1.000000,0.971954
logistic_regression,pr,0.674074,1.000000,0.972031
logistic_regression,pr,0.666667,1.000000,0.972250
logistic_regression,pr,0.659259,1.000000,0.973345
logistic_regression,pr,0.651852,1.000000,0.973665
logistic_regression,pr,0.644444,1.000000,0.974206
logistic_regression,pr,0.637037,1.000000,0.975663
logistic_regression,pr,0.629630,1.000000,0.977984
logistic_regression,pr,0.622222,1.000000,0.978227
logistic_regression,pr,0.614815,1.000000,0.979190
logistic_regression,pr,0.607407,1.000000,0.979399
logistic_regression,pr,0.600000,1.000000,0.979810
logistic_regression,pr,0.592593,1.000000,0.980566
logistic_regression,pr,0.585185,1.000000,0.980682
logistic_regression,pr,0.577778,1.000000,0.981482
logistic_regression,pr,0.570370,1.000000,0.983732
logistic_regression,pr,0.562963,1.000000,0.983999
logistic_regression,pr,0.555556,1.000000,0.984476
logistic_regression,pr,0.548148,1.000000,0.984948
logistic_regression,pr,0.540741,1.000000,0.985533
logistic_regression,pr,0.533333,1.000000,0.985676
logistic_regression,pr,0.525926,1.000000,0.986829
logistic_regression,pr,0.518519,1.000000,0.988927
logistic_regression,pr,0.511111,1.000000,0.989100
logistic_regression,pr,0.503704,1.000000,0.989866
logistic_regression,pr,0.496296,1.000000,0.990062
logistic_regression,pr,0.488889,1.000000,0.990529
logistic_regression,pr,0.481481,1.000000,0.990631
logistic_regression,pr,0.474074,1.000000,0.991400
logistic_regression,pr,0.466667,1.000000,0.991579
logistic_regression,pr,0.459259,1.000000,0.992074
logistic_regression,pr,0.451852,1.000000,0.992329
logistic_regression,pr,0.444444,1.000000,0.992378
logistic_regression,pr,0.437037,1.000000,0.992503
logistic_regression,pr,0.429630,1.000000,0.993065
logistic_regression,pr,0.422222,1.000000,0.993383
logistic_regression,pr,0.414815,1.000000,0.994336
logistic_regression,pr,0.407407,1.000000,0.995146
logistic_regression,pr,0.400000,1.000000,0.995192
logistic_regression,pr,0.392593,1.000000,0.995479
logistic_regression,pr,0.385185,1.000000,0.995497
logistic_regression,pr,0.377778,1.000000,0.995562
logistic_regression,pr,0.370370,1.000000,0.995609
logistic_regression,pr,0.362963,1.000000,0.995879
logistic_regression,pr,0.355556,1.000000,0.995953
logistic_regression,pr,0.348148,1.000000,0.996093
logistic_regression,pr,0.340741,1.000000,0.996220
logistic_regression,pr,0.333333,1.000000,0.996732
logistic_regression,pr,0.325926,1.000000,0.996811
logistic_regression,pr,0.318519,1.000000,0.997173
logistic_regression,pr,0.311111,1.000000,0.997279
logistic_regression,pr,0.303704,1.000000,0.997309
logistic_regression,pr,0.296296,1.000000,0.997317
logistic_regression,pr,0.288889,1.000000,0.997680
logistic_regression,pr,0.281481,1.000000,0.997796
logistic_regression,pr,0.274074,1.000000,0.997853
logistic_regression,pr,0.266667,1.000000,0.998028
logistic_regression,pr,0.259259,1.000000,0.998065
logistic_regression,pr,0.251852,1.000000,0.998565
logistic_regression,pr,0.244444,1.000000,0.998574
logistic_regression,pr,0.237037,1.000000,0.998684
logistic_regression,pr,0.229630,1.000000,0.998692
logistic_regression,pr,0.222222,1.000000,0.998712
logistic_regression,pr,0.214815,1.000000,0.998752
logistic_regression,pr,0.207407,1.000000,0.999090
logistic_regression,pr,0.200000,1.000000,0.999094
logistic_regression,pr,0.192593,1.000000,0.999107
logistic_regression,pr,0.185185,1.000000,0.999124
logistic_regression,pr,0.177778,1.000000,0.999230
logistic_regression,pr,0.170370,1.000000,0.999238
logistic_regression,pr,0.162963,1.000000,0.999259
logistic_regression,pr,0.155556,1.000000,0.999275
logistic_regression,pr,0.148148,1.000000,0.999328
logistic_regression,pr,0.140741,1.000000,0.999329
logistic_regression,pr,0.133333,1.000000,0.999400
logistic_regression,pr,0.125926,1.000000,0.999416
logistic_regression,pr,0.118519,1.000000,0.999421
logistic_regression,pr,0.111111,1.000000,0.999449
logistic_regression,pr,0.103704,1.000000,0.999465
logistic_regression,pr,0.096296,1.000000,0.999510
logistic_regression,pr,0.088889,1.000000,0.999677
logistic_regression,pr,0.081481,1.000000,0.999694
logistic_regression,pr,0.074074,1.000000,0.999705
logistic_regression,pr,0.066667,1.000000,0.999736
logistic_regression,pr,0.059259,1.000000,0.999742
logistic_regression,pr,0.051852,1.000000,0.999794
logistic_regression,pr,0.044444,1.000000,0.999834
logistic_regression,pr,0.037037,1.000000,0.999891
logistic_regression,pr,0.029630,1.000000,0.999931
logistic_regression,pr,0.022222,1.000000,0.999937
logistic_regression,pr,0.014815,1.000000,0.999947
logistic_regression,pr,0.007407,1.000000,0.999953
logistic_regression,pr,0.000000,1.000000,1.000000
random_forest,roc,0.000000,0.000000,1.000000
random_forest,roc,0.000000,0.118519,1.000000
random_forest,roc,0.000000,0.192593,0.996667
random_forest,roc,0.000000,0.251852,0.993333
random_forest,roc,0.000000,0.281481,0.990000
random_forest,roc,0.000000,0.318519,0.983333
random_forest,roc,0.000000,0.348148,0.980000
random_forest,roc,0.000000,0.370370,0.976667
random_forest,roc,0.000000,0.451852,0.973333
random_forest,roc,0.000000,0.459259,0.970000
random_forest,roc,0.000000,0.503704,0.963333
random_forest,roc,0.000000,0.511111,0.956667
random_forest,roc,0.000000,0.548148,0.950000
random_forest,roc,0.000000,0.562963,0.946667
random_forest,roc,0.000000,0.577778,0.936667
random_forest,roc,0.000000,0.592593,0.933333
random_forest,roc,0.000000,0.600000,0.930000
random_forest,roc,0.000000,0.629630,0.913333
random_forest,roc,0.000000,0.637037,0.906667
random_forest,roc,0.000000,0.651852,0.900000
random_forest,roc,0.000000,0.674074,0.896667
random_forest,roc,0.000000,0.681481,0.890000
random_forest,roc,0.000000,0.711111,0.873333
random_forest,roc,0.000000,0.740741,0.853333
random_forest,roc,0.000000,0.762963,0.843333
random_forest,roc,0.000000,0.770370,0.840000
random_forest,roc,0.000000,0.800000,0.833333
random_forest,roc,0.000000,0.814815,0.830000
random_forest,roc,0.000000,0.837037,0.780000
random_forest,roc,0.000000,0.851852,0.776667
random_forest,roc,0.000000,0.859259,0.760000
random_forest,roc,0.000000,0.874074,0.753333
random_forest,roc,0.000000,0.911111,0.676667
random_forest,roc,0.003922,0.911111,0.536667
random_forest,roc,0.003922,0.925926,0.496667
random_forest,roc,0.005229,0.925926,0.493333
random_forest,roc,0.007843,0.925926,0.483333
random_forest,roc,0.007843,0.933333,0.463333
random_forest,roc,0.007843,0.948148,0.443333
random_forest,roc,0.009150,0.948148,0.430000
random_forest,roc,0.010458,0.955556,0.420000
random_forest,roc,0.011765,0.955556,0.413333
random_forest,roc,0.011765,0.962963,0.390000
random_forest,roc,0.014379,0.962963,0.370000
random_forest,roc,0.014379,0.977778,0.360000
random_forest,roc,0.016993,0.977778,0.310000
random_forest,roc,0.018301,0.985185,0.306667
random_forest,roc,0.019608,0.985185,0.303333
random_forest,roc,0.019608,0.992593,0.300000
random_forest,roc,0.026144,0.992593,0.230000
random_forest,roc,0.027451,1.000000,0.220000
random_forest,roc,0.035294,1.000000,0.183333
random_forest,roc,0.037908,1.000000,0.180000
random_forest,roc,0.039216,1.000000,0.170000
random_forest,roc,0.041830,1.000000,0.163333
random_forest,roc,0.043137,1.000000,0.156667
random_forest,roc,0.047059,1.000000,0.150000
random_forest,roc,0.049673,1.000000,0.140000
random_forest,roc,0.053595,1.000000,0.133333
random_forest,roc,0.057516,1.000000,0.116667
random_forest,roc,0.061438,1.000000,0.110000
random_forest,roc,0.067974,1.000000,0.106667
random_forest,roc,0.070588,1.000000,0.103333
random_forest,roc,0.071895,1.000000,0.100000
random_forest,roc,0.077124,1.000000,0.093333
random_forest,roc,0.078431,1.000000,0.086667
random_forest,roc,0.083660,1.000000,0.080000
random_forest,roc,0.086275,1.000000,0.073333
random_forest,roc,0.088889,1.000000,0.070000
random_forest,roc,0.090196,1.000000,0.066667
random_forest,roc,0.094118,1.000000,0.063333
random_forest,roc,0.096732,1.000000,0.060000
random_forest,roc,0.101961,1.000000,0.056667
random_forest,roc,0.109804,1.000000,0.050000
random_forest,roc,0.115033,1.000000,0.046667
random_forest,roc,0.118954,1.000000,0.043333
random_forest,roc,0.124183,1.000000,0.040000
random_forest,roc,0.133333,1.000000,0.036667
random_forest,roc,0.138562,1.000000,0.033333
random_forest,roc,0.147712,1.000000,0.030000
random_forest,roc,0.159477,1.000000,0.026667
random_forest,roc,0.175163,1.000000,0.023333
random_forest,roc,0.186928,1.000000,0.020000
random_forest,roc,0.200000,1.000000,0.016667
random_forest,roc,0.219608,1.000000,0.013333
random_forest,roc,0.253595,1.000000,0.010000
random_forest,roc,0.288889,1.000000,0.006667
random_forest,roc,0.388235,1.000000,0.003333
random_forest,roc,1.000000,1.000000,0.000000
random_forest,pr,1.000000,0.150000,0.000000
random_forest,pr,1.000000,0.312500,0.003333
random_forest,pr,1.000000,0.379213,0.006667
random_forest,pr,1.000000,0.410334,0.010000
random_forest,pr,1.000000,0.445545,0.013333
random_forest,pr,1.000000,0.468750,0.016667
random_forest,pr,1.000000,0.485612,0.020000
random_forest,pr,1.000000,0.501859,0.023333
random_forest,pr,1.000000,0.525292,0.026667
random_forest,pr,1.000000,0.544355,0.030000
random_forest,pr,1.000000,0.560166,0.033333
random_forest,pr,1.000000,0.569620,0.036667
random_forest,pr,1.000000,0.586957,0.040000
random_forest,pr,1.000000,0.597345,0.043333
random_forest,pr,1.000000,0.605381,0.046667
random_forest,pr,1.000000,0.616438,0.050000
random_forest,pr,1.000000,0.625000,0.053333
random_forest,pr,1.000000,0.633803,0.056667
random_forest,pr,1.000000,0.645933,0.060000
random_forest,pr,1.000000,0.652174,0.063333
random_forest,pr,1.000000,0.661765,0.066667
random_forest,pr,1.000000,0.665025,0.070000
random_forest,pr,1.000000,0.671642,0.073333
random_forest,pr,1.000000,0.675000,0.076667
random_forest,pr,1.000000,0.678392,0.080000
random_forest,pr,1.000000,0.692308,0.086667
random_forest,pr,1.000000,0.695876,0.093333
random_forest,pr,1.000000,0.703125,0.096667
random_forest,pr,1.000000,0.710526,0.100000
random_forest,pr,1.000000,0.714286,0.103333
random_forest,pr,1.000000,0.721925,0.106667
random_forest,pr,1.000000,0.741758,0.110000
random_forest,pr,1.000000,0.754190,0.116667
random_forest,pr,1.000000,0.758427,0.123333
random_forest,pr,1.000000,0.762712,0.126667
random_forest,pr,1.000000,0.767045,0.133333
random_forest,pr,1.000000,0.780347,0.140000
random_forest,pr,1.000000,0.784884,0.143333
random_forest,pr,1.000000,0.789474,0.150000
random_forest,pr,1.000000,0.803571,0.156667
random_forest,pr,1.000000,0.808383,0.163333
random_forest,pr,1.000000,0.818182,0.170000
random_forest,pr,1.000000,0.823171,0.180000
random_forest,pr,1.000000,0.833333,0.183333
random_forest,pr,1.000000,0.838509,0.186667
random_forest,pr,1.000000,0.843750,0.190000
random_forest,pr,1.000000,0.849057,0.196667
random_forest,pr,1.000000,0.854430,0.206667
random_forest,pr,1.000000,0.859873,0.213333
random_forest,pr,1.000000,0.865385,0.220000
random_forest,pr,0.992593,0.870130,0.230000
random_forest,pr,0.992593,0.875817,0.240000
random_forest,pr,0.992593,0.881579,0.250000
random_forest,pr,0.992593,0.887417,0.253333
random_forest,pr,0.992593,0.893333,0.276667
random_forest,pr,0.992593,0.899329,0.300000
random_forest,pr,0.985185,0.898649,0.303333
random_forest,pr,0.985185,0.904762,0.306667
random_forest,pr,0.977778,0.910345,0.310000
random_forest,pr,0.977778,0.916667,0.350000
random_forest,pr,0.977778,0.923077,0.360000
random_forest,pr,0.970370,0.922535,0.363333
random_forest,pr,0.962963,0.921986,0.370000
random_forest,pr,0.962963,0.928571,0.380000
random_forest,pr,0.962963,0.935252,0.390000
random_forest,pr,0.955556,0.934783,0.413333
random_forest,pr,0.955556,0.941606,0.420000
random_forest,pr,0.948148,0.948148,0.430000
random_forest,pr,0.948148,0.955224,0.443333
random_forest,pr,0.933333,0.954545,0.463333
random_forest,pr,0.925926,0.954198,0.483333
random_forest,pr,0.925926,0.968992,0.493333
random_forest,pr,0.925926,0.976562,0.496667
random_forest,pr,0.911111,0.976190,0.536667
random_forest,pr,0.911111,0.984000,0.566667
random_forest,pr,0.911111,0.991935,0.666667
random_forest,pr,0.911111,1.000000,0.676667
random_forest,pr,0.903704,1.000000,0.683333
random_forest,pr,0.896296,1.000000,0.700000
random_forest,pr,0.888889,1.000000,0.726667
random_forest,pr,0.881481,1.000000,0.733333
random_forest,pr,0.874074,1.000000,0.753333
random_forest,pr,0.859259,1.000000,0.760000
random_forest,pr,0.851852,1.000000,0.776667
random_forest,pr,0.837037,1.000000,0.780000
random_forest,pr,0.829630,1.000000,0.806667
random_forest,pr,0.822222,1.000000,0.826667
random_forest,pr,0.814815,1.000000,0.830000
random_forest,pr,0.800000,1.000000,0.833333
random_forest,pr,0.770370,1.000000,0.840000
random_forest,pr,0.762963,1.000000,0.843333
random_forest,pr,0.740741,1.000000,0.853333
random_forest,pr,0.733333,1.000000,0.856667
random_forest,pr,0.725926,1.000000,0.860000
random_forest,pr,0.718519,1.000000,0.870000
random_forest,pr,0.711111,1.000000,0.873333
random_forest,pr,0.696296,1.000000,0.886667
random_forest,pr,0.681481,1.000000,0.890000
random_forest,pr,0.674074,1.000000,0.896667
random_forest,pr,0.651852,1.000000,0.900000
random_forest,pr,0.637037,1.000000,0.906667
random_forest,pr,0.629630,1.000000,0.913333
random_forest,pr,0.614815,1.000000,0.916667
random_forest,pr,0.600000,1.000000,0.930000
random_forest,pr,0.592593,1.000000,0.933333
random_forest,pr,0.577778,1.000000,0.936667
random_forest,pr,0.570370,1.000000,0.943333
random_forest,pr,0.562963,1.000000,0.946667
random_forest,pr,0.548148,1.000000,0.950000
random_forest,pr,0.511111,1.000000,0.956667
random_forest,pr,0.503704,1.000000,0.963333
random_forest,pr,0.481481,1.000000,0.966667
random_forest,pr,0.459259,1.000000,0.970000
random_forest,pr,0.451852,1.000000,0.973333
random_forest,pr,0.370370,1.000000,0.976667
random_forest,pr,0.348148,1.000000,0.980000
random_forest,pr,0.318519,1.000000,0.983333
random_forest,pr,0.281481,1.000000,0.990000
random_forest,pr,0.251852,1.000000,0.993333
random_forest,pr,0.192593,1.000000,0.996667
random_forest,pr,0.118519,1.000000,1.000000
random_forest,pr,0.000000,1.000000,1.000000
gradient_boosting,roc,0.000000,0.000000,1.000000
gradient_boosting,roc,0.000000,0.007407,0.999990
gradient_boosting,roc,0.000000,0.940741,0.904994
gradient_boosting,roc,0.001307,0.940741,0.887861
gradient_boosting,roc,0.001307,0.948148,0.810772
gradient_boosting,roc,0.007843,0.948148,0.623463
gradient_boosting,roc,0.007843,0.955556,0.609793
gradient_boosting,roc,0.013072,0.955556,0.485672
gradient_boosting,roc,0.013072,0.970370,0.355128
gradient_boosting,roc,0.020915,0.970370,0.220447
gradient_boosting,roc,0.020915,0.977778,0.198541
gradient_boosting,roc,0.022222,0.977778,0.193085
gradient_boosting,roc,0.022222,0.985185,0.193029
gradient_boosting,roc,0.026144,0.985185,0.149958
gradient_boosting,roc,0.026144,1.000000,0.090881
gradient_boosting,roc,0.164706,1.000000,0.001750
gradient_boosting,roc,0.167320,1.000000,0.001730
gradient_boosting,roc,0.233987,1.000000,0.000729
gradient_boosting,roc,0.236601,1.000000,0.000722
gradient_boosting,roc,0.245752,1.000000,0.000648
gradient_boosting,roc,0.248366,1.000000,0.000632
gradient_boosting,roc,0.262745,1.000000,0.000561
gradient_boosting,roc,0.265359,1.000000,0.000559
gradient_boosting,roc,0.298039,1.000000,0.000421
gradient_boosting,roc,0.300654,1.000000,0.000415
gradient_boosting,roc,0.343791,1.000000,0.000323
gradient_boosting,roc,0.346405,1.000000,0.000323
gradient_boosting,roc,0.358170,1.000000,0.000304
gradient_boosting,roc,0.360784,1.000000,0.000301
gradient_boosting,roc,0.362092,1.000000,0.000300
gradient_boosting,roc,0.364706,1.000000,0.000297
gradient_boosting,roc,0.377778,1.000000,0.000263
gradient_boosting,roc,0.381699,1.000000,0.000260
gradient_boosting,roc,0.383007,1.000000,0.000260
gradient_boosting,roc,0.388235,1.000000,0.000259
gradient_boosting,roc,0.396078,1.000000,0.000244
gradient_boosting,roc,0.398693,1.000000,0.000241
gradient_boosting,roc,0.418301,1.000000,0.000216
gradient_boosting,roc,0.422222,1.000000,0.000216
gradient_boosting,roc,0.423529,1.000000,0.000216
gradient_boosting,roc,0.427451,1.000000,0.000215
gradient_boosting,roc,0.428758,1.000000,0.000215
gradient_boosting,roc,0.433987,1.000000,0.000215
gradient_boosting,roc,0.436601,1.000000,0.000214
gradient_boosting,roc,0.439216,1.000000,0.000213
gradient_boosting,roc,0.445752,1.000000,0.000204
gradient_boosting,roc,0.449673,1.000000,0.000203
gradient_boosting,roc,0.452288,1.000000,0.000203
gradient_boosting,roc,0.453595,1.000000,0.000203
gradient_boosting,roc,0.456209,1.000000,0.000202
gradient_boosting,roc,0.464052,1.000000,0.000194
gradient_boosting,roc,0.469281,1.000000,0.000191
gradient_boosting,roc,0.470588,1.000000,0.000191
gradient_boosting,roc,0.473203,1.000000,0.000190
gradient_boosting,roc,0.474510,1.000000,0.000190
gradient_boosting,roc,0.481046,1.000000,0.000188
gradient_boosting,roc,0.484967,1.000000,0.000187
gradient_boosting,roc,0.487582,1.000000,0.000186
gradient_boosting,roc,0.488889,1.000000,0.000185
gradient_boosting,roc,0.491503,1.000000,0.000182
gradient_boosting,roc,0.496732,1.000000,0.000179
gradient_boosting,roc,0.509804,1.000000,0.000179
gradient_boosting,roc,0.517647,1.000000,0.000178
gradient_boosting,roc,0.520261,1.000000,0.000176
gradient_boosting,roc,0.522876,1.000000,0.000176
gradient_boosting,roc,0.524183,1.000000,0.000175
gradient_boosting,roc,0.526797,1.000000,0.000175
gradient_boosting,roc,0.530719,1.000000,0.000173
gradient_boosting,roc,0.533333,1.000000,0.000172
gradient_boosting,roc,0.551634,1.000000,0.000169
gradient_boosting,roc,0.556863,1.000000,0.000169
gradient_boosting,roc,0.562092,1.000000,0.000163
gradient_boosting,roc,0.576471,1.000000,0.000163
gradient_boosting,roc,0.579085,1.000000,0.000162
gradient_boosting,roc,0.583007,1.000000,0.000160
gradient_boosting,roc,0.585621,1.000000,0.000158
gradient_boosting,roc,0.588235,1.000000,0.000158
gradient_boosting,roc,0.593464,1.000000,0.000153
gradient_boosting,roc,0.596078,1.000000,0.000153
gradient_boosting,roc,0.611765,1.000000,0.000152
gradient_boosting,roc,0.620915,1.000000,0.000146
gradient_boosting,roc,0.628758,1.000000,0.000146
gradient_boosting,roc,0.631373,1.000000,0.000145
gradient_boosting,roc,0.636601,1.000000,0.000145
gradient_boosting,roc,0.637908,1.000000,0.000144
gradient_boosting,roc,0.643137,1.000000,0.000144
gradient_boosting,roc,0.644444,1.000000,0.000142
gradient_boosting,roc,0.652288,1.000000,0.000141
gradient_boosting,roc,0.661438,1.000000,0.000137
gradient_boosting,roc,0.664052,1.000000,0.000135
gradient_boosting,roc,0.667974,1.000000,0.000135
gradient_boosting,roc,0.669281,1.000000,0.000135
gradient_boosting,roc,0.675817,1.000000,0.000135
gradient_boosting,roc,0.679739,1.000000,0.000133
gradient_boosting,roc,0.682353,1.000000,0.000132
gradient_boosting,roc,0.683660,1.000000,0.000131
gradient_boosting,roc,0.694118,1.000000,0.000131
gradient_boosting,roc,0.696732,1.000000,0.000129
gradient_boosting,roc,0.698039,1.000000,0.000129
gradient_boosting,roc,0.701961,1.000000,0.000128
gradient_boosting,roc,0.704575,1.000000,0.000128
gradient_boosting,roc,0.707190,1.000000,0.000127
gradient_boosting,roc,0.708497,1.000000,0.000127
gradient_boosting,roc,0.735948,1.000000,0.000126
gradient_boosting,roc,0.738562,1.000000,0.000126
gradient_boosting,roc,0.739869,1.000000,0.000125
gradient_boosting,roc,0.746405,1.000000,0.000125
gradient_boosting,roc,0.747712,1.000000,0.000124
gradient_boosting,roc,0.751634,1.000000,0.000124
gradient_boosting,roc,0.752941,1.000000,0.000124
gradient_boosting,roc,0.755556,1.000000,0.000124
gradient_boosting,roc,0.756863,1.000000,0.000123
gradient_boosting,roc,0.767320,1.000000,0.000121
gradient_boosting,roc,0.771242,1.000000,0.000119
gradient_boosting,roc,0.779085,1.000000,0.000118
gradient_boosting,roc,0.783007,1.000000,0.000115
gradient_boosting,roc,0.785621,1.000000,0.000114
gradient_boosting,roc,0.790850,1.000000,0.000112
gradient_boosting,roc,0.811765,1.000000,0.000112
gradient_boosting,roc,0.815686,1.000000,0.000112
gradient_boosting,roc,0.824837,1.000000,0.000112
gradient_boosting,roc,0.826144,1.000000,0.000111
gradient_boosting,roc,0.831373,1.000000,0.000111
gradient_boosting,roc,0.835294,1.000000,0.000111
gradient_boosting,roc,0.837908,1.000000,0.000109
gradient_boosting,roc,0.845752,1.000000,0.000108
gradient_boosting,roc,0.847059,1.000000,0.000108
gradient_boosting,roc,0.852288,1.000000,0.000107
gradient_boosting,roc,0.854902,1.000000,0.000107
gradient_boosting,roc,0.883660,1.000000,0.000106
gradient_boosting,roc,0.888889,1.000000,0.000106
gradient_boosting,roc,0.891503,1.000000,0.000102
gradient_boosting,roc,0.901961,1.000000,0.000101
gradient_boosting,roc,0.920261,1.000000,0.000100
gradient_boosting,roc,0.921569,1.000000,0.000098
gradient_boosting,roc,0.955556,1.000000,0.000097
gradient_boosting,roc,0.958170,1.000000,0.000097
gradient_boosting,roc,0.986928,1.000000,0.000095
gradient_boosting,roc,0.988235,1.000000,0.000095
gradient_boosting,roc,0.990850,1.000000,0.000094
gradient_boosting,roc,0.998693,1.000000,0.000086
gradient_boosting,roc,1.000000,1.000000,0.000083
gradient_boosting,pr,1.000000,0.150000,0.000083
gradient_boosting,pr,1.000000,0.150167,0.000086
gradient_boosting,pr,1.000000,0.150670,0.000092
gradient_boosting,pr,1.000000,0.151176,0.000094
gradient_boosting,pr,1.000000,0.151515,0.000095
gradient_boosting,pr,1.000000,0.151685,0.000095
gradient_boosting,pr,1.000000,0.155530,0.000097
gradient_boosting,pr,1.000000,0.155889,0.000097
gradient_boosting,pr,1.000000,0.160714,0.000098
gradient_boosting,pr,1.000000,0.160906,0.000100
gradient_boosting,pr,1.000000,0.163636,0.000101
gradient_boosting,pr,1.000000,0.165239,0.000102
gradient_boosting,pr,1.000000,0.165441,0.000102
gradient_boosting,pr,1.000000,0.165644,0.000106
gradient_boosting,pr,1.000000,0.166461,0.000106
gradient_boosting,pr,1.000000,0.171103,0.000107
gradient_boosting,pr,1.000000,0.171320,0.000107
gradient_boosting,pr,1.000000,0.171537,0.000107
gradient_boosting,pr,1.000000,0.172414,0.000108
gradient_boosting,pr,1.000000,0.172634,0.000108
gradient_boosting,pr,1.000000,0.173969,0.000109
gradient_boosting,pr,1.000000,0.174194,0.000110
gradient_boosting,pr,1.000000,0.174419,0.000111
gradient_boosting,pr,1.000000,0.175097,0.000111
gradient_boosting,pr,1.000000,0.176010,0.000111
gradient_boosting,pr,1.000000,0.176240,0.000112
gradient_boosting,pr,1.000000,0.177866,0.000112
gradient_boosting,pr,1.000000,0.178571,0.000112
gradient_boosting,pr,1.000000,0.182432,0.000112
gradient_boosting,pr,1.000000,0.182679,0.000113
gradient_boosting,pr,1.000000,0.182927,0.000114
gradient_boosting,pr,1.000000,0.183175,0.000114
gradient_boosting,pr,1.000000,0.183424,0.000114
gradient_boosting,pr,1.000000,0.183924,0.000115
gradient_boosting,pr,1.000000,0.184679,0.000118
gradient_boosting,pr,1.000000,0.186207,0.000119
gradient_boosting,pr,1.000000,0.186464,0.000121
gradient_boosting,pr,1.000000,0.186722,0.000121
gradient_boosting,pr,1.000000,0.186981,0.000121
gradient_boosting,pr,1.000000,0.188022,0.000122
gradient_boosting,pr,1.000000,0.189076,0.000123
gradient_boosting,pr,1.000000,0.189341,0.000124
gradient_boosting,pr,1.000000,0.189873,0.000124
gradient_boosting,pr,1.000000,0.190141,0.000124
gradient_boosting,pr,1.000000,0.190948,0.000124
gradient_boosting,pr,1.000000,0.191218,0.000125
gradient_boosting,pr,1.000000,0.192582,0.000125
gradient_boosting,pr,1.000000,0.192857,0.000126
gradient_boosting,pr,1.000000,0.193410,0.000126
gradient_boosting,pr,1.000000,0.199409,0.000127
gradient_boosting,pr,1.000000,0.199704,0.000127
gradient_boosting,pr,1.000000,0.200297,0.000128
gradient_boosting,pr,1.000000,0.200594,0.000128
gradient_boosting,pr,1.000000,0.200893,0.000128
gradient_boosting,pr,1.000000,0.201794,0.000129
gradient_boosting,pr,1.000000,0.202096,0.000129
gradient_boosting,pr,1.000000,0.202703,0.000131
gradient_boosting,pr,1.000000,0.205167,0.000131
gradient_boosting,pr,1.000000,0.205479,0.000132
gradient_boosting,pr,1.000000,0.206107,0.000133
gradient_boosting,pr,1.000000,0.206422,0.000134
gradient_boosting,pr,1.000000,0.206738,0.000135
gradient_boosting,pr,1.000000,0.207055,0.000135
gradient_boosting,pr,1.000000,0.208655,0.000135
gradient_boosting,pr,1.000000,0.208978,0.000135
gradient_boosting,pr,1.000000,0.209953,0.000135
gradient_boosting,pr,1.000000,0.210608,0.000137
gradient_boosting,pr,1.000000,0.210938,0.000138
gradient_boosting,pr,1.000000,0.211268,0.000138
gradient_boosting,pr,1.000000,0.211599,0.000138
gradient_boosting,pr,1.000000,0.211931,0.000138
gradient_boosting,pr,1.000000,0.212264,0.000140
gradient_boosting,pr,1.000000,0.212598,0.000140
gradient_boosting,pr,1.000000,0.212934,0.000141
gradient_boosting,pr,1.000000,0.214968,0.000142
gradient_boosting,pr,1.000000,0.215311,0.000144
gradient_boosting,pr,1.000000,0.216693,0.000144
gradient_boosting,pr,1.000000,0.217042,0.000145
gradient_boosting,pr,1.000000,0.218447,0.000145
gradient_boosting,pr,1.000000,0.218801,0.000146
gradient_boosting,pr,1.000000,0.219156,0.000146
gradient_boosting,pr,1.000000,0.221311,0.000146
gradient_boosting,pr,1.000000,0.221675,0.000147
gradient_boosting,pr,1.000000,0.222039,0.000147
gradient_boosting,pr,1.000000,0.222405,0.000148
gradient_boosting,pr,1.000000,0.222772,0.000149
gradient_boosting,pr,1.000000,0.223140,0.000149
gradient_boosting,pr,1.000000,0.223510,0.000152
gradient_boosting,pr,1.000000,0.223881,0.000152
gradient_boosting,pr,1.000000,0.228426,0.000153
gradient_boosting,pr,1.000000,0.229202,0.000153
gradient_boosting,pr,1.000000,0.229592,0.000154
gradient_boosting,pr,1.000000,0.229983,0.000154
gradient_boosting,pr,1.000000,0.230375,0.000155
gradient_boosting,pr,1.000000,0.230769,0.000158
gradient_boosting,pr,1.000000,0.231561,0.000158
gradient_boosting,pr,1.000000,0.231959,0.000159
gradient_boosting,pr,1.000000,0.232358,0.000160
gradient_boosting,pr,1.000000,0.233564,0.000162
gradient_boosting,pr,1.000000,0.233969,0.000162
gradient_boosting,pr,1.000000,0.234375,0.000163
gradient_boosting,pr,1.000000,0.238938,0.000163
gradient_boosting,pr,1.000000,0.239362,0.000164
gradient_boosting,pr,1.000000,0.239787,0.000165
gradient_boosting,pr,1.000000,0.240214,0.000166
gradient_boosting,pr,1.000000,0.240642,0.000169
gradient_boosting,pr,1.000000,0.242370,0.000169
gradient_boosting,pr,1.000000,0.248619,0.000172
gradient_boosting,pr,1.000000,0.249538,0.000173
gradient_boosting,pr,1.000000,0.250000,0.000173
gradient_boosting,pr,1.000000,0.250464,0.000175
gradient_boosting,pr,1.000000,0.250929,0.000175
gradient_boosting,pr,1.000000,0.251866,0.000175
gradient_boosting,pr,1.000000,0.252336,0.000176
gradient_boosting,pr,1.000000,0.253283,0.000176
gradient_boosting,pr,1.000000,0.253759,0.000177
gradient_boosting,pr,1.000000,0.254237,0.000178
gradient_boosting,pr,1.000000,0.257143,0.000179
gradient_boosting,pr,1.000000,0.262136,0.000179
gradient_boosting,pr,1.000000,0.262646,0.000181
gradient_boosting,pr,1.000000,0.263158,0.000181
gradient_boosting,pr,1.000000,0.263672,0.000181
gradient_boosting,pr,1.000000,0.264188,0.000182
gradient_boosting,pr,1.000000,0.265226,0.000185
gradient_boosting,pr,1.000000,0.265748,0.000186
gradient_boosting,pr,1.000000,0.266798,0.000187
gradient_boosting,pr,1.000000,0.267327,0.000187
gradient_boosting,pr,1.000000,0.267857,0.000188
gradient_boosting,pr,1.000000,0.268390,0.000188
gradient_boosting,pr,1.000000,0.271084,0.000190
gradient_boosting,pr,1.000000,0.271630,0.000190
gradient_boosting,pr,1.000000,0.272727,0.000191
gradient_boosting,pr,1.000000,0.273279,0.000191
gradient_boosting,pr,1.000000,0.274390,0.000192
gradient_boosting,pr,1.000000,0.275510,0.000194
gradient_boosting,pr,1.000000,0.276074,0.000195
gradient_boosting,pr,1.000000,0.276639,0.000196
gradient_boosting,pr,1.000000,0.277207,0.000196
gradient_boosting,pr,1.000000,0.277778,0.000199
gradient_boosting,pr,1.000000,0.278351,0.000201
gradient_boosting,pr,1.000000,0.278926,0.000202
gradient_boosting,pr,1.000000,0.280083,0.000203
gradient_boosting,pr,1.000000,0.280665,0.000203
gradient_boosting,pr,1.000000,0.281837,0.000203
gradient_boosting,pr,1.000000,0.283613,0.000204
gradient_boosting,pr,1.000000,0.284211,0.000206
gradient_boosting,pr,1.000000,0.284810,0.000209
gradient_boosting,pr,1.000000,0.285412,0.000210
gradient_boosting,pr,1.000000,0.286017,0.000211
gradient_boosting,pr,1.000000,0.286624,0.000213
gradient_boosting,pr,1.000000,0.287846,0.000214
gradient_boosting,pr,1.000000,0.288462,0.000214
gradient_boosting,pr,1.000000,0.289079,0.000215
gradient_boosting,pr,1.000000,0.291577,0.000215
gradient_boosting,pr,1.000000,0.292208,0.000215
gradient_boosting,pr,1.000000,0.294118,0.000216
gradient_boosting,pr,1.000000,0.294760,0.000216
gradient_boosting,pr,1.000000,0.296703,0.000216
gradient_boosting,pr,1.000000,0.297357,0.000216
gradient_boosting,pr,1.000000,0.298013,0.000217
gradient_boosting,pr,1.000000,0.298673,0.000218
gradient_boosting,pr,1.000000,0.299335,0.000219
gradient_boosting,pr,1.000000,0.300000,0.000220
gradient_boosting,pr,1.000000,0.300668,0.000222
gradient_boosting,pr,1.000000,0.301339,0.000223
gradient_boosting,pr,1.000000,0.302013,0.000225
gradient_boosting,pr,1.000000,0.302691,0.000226
gradient_boosting,pr,1.000000,0.303371,0.000228
gradient_boosting,pr,1.000000,0.304054,0.000230
gradient_boosting,pr,1.000000,0.304740,0.000236
gradient_boosting,pr,1.000000,0.305430,0.000239
gradient_boosting,pr,1.000000,0.306122,0.000240
gradient_boosting,pr,1.000000,0.306818,0.000241
gradient_boosting,pr,1.000000,0.308219,0.000244
gradient_boosting,pr,1.000000,0.308924,0.000244
gradient_boosting,pr,1.000000,0.309633,0.000246
gradient_boosting,pr,1.000000,0.310345,0.000248
gradient_boosting,pr,1.000000,0.311060,0.000250
gradient_boosting,pr,1.000000,0.311778,0.000255
gradient_boosting,pr,1.000000,0.312500,0.000259
gradient_boosting,pr,1.000000,0.315421,0.000260
gradient_boosting,pr,1.000000,0.316159,0.000260
gradient_boosting,pr,1.000000,0.318396,0.000263
gradient_boosting,pr,1.000000,0.319149,0.000265
gradient_boosting,pr,1.000000,0.319905,0.000269
gradient_boosting,pr,1.000000,0.320665,0.000274
gradient_boosting,pr,1.000000,0.321429,0.000281
gradient_boosting,pr,1.000000,0.322196,0.000288
gradient_boosting,pr,1.000000,0.322967,0.000289
gradient_boosting,pr,1.000000,0.323741,0.000292
gradient_boosting,pr,1.000000,0.324519,0.000293
gradient_boosting,pr,1.000000,0.325301,0.000295
gradient_boosting,pr,1.000000,0.326087,0.000297
gradient_boosting,pr,1.000000,0.327670,0.000300
gradient_boosting,pr,1.000000,0.328467,0.000301
gradient_boosting,pr,1.000000,0.330073,0.000304
gradient_boosting,pr,1.000000,0.330882,0.000307
gradient_boosting,pr,1.000000,0.331695,0.000307
gradient_boosting,pr,1.000000,0.332512,0.000310
gradient_boosting,pr,1.000000,0.333333,0.000312
gradient_boosting,pr,1.000000,0.334158,0.000317
gradient_boosting,pr,1.000000,0.334988,0.000320
gradient_boosting,pr,1.000000,0.335821,0.000320
gradient_boosting,pr,1.000000,0.336658,0.000321
gradient_boosting,pr,1.000000,0.337500,0.000323
gradient_boosting,pr,1.000000,0.339196,0.000323
gradient_boosting,pr,1.000000,0.340050,0.000325
gradient_boosting,pr,1.000000,0.340909,0.000325
gradient_boosting,pr,1.000000,0.341772,0.000326
gradient_boosting,pr,1.000000,0.342640,0.000327
gradient_boosting,pr,1.000000,0.343511,0.000329
gradient_boosting,pr,1.000000,0.344388,0.000332
gradient_boosting,pr,1.000000,0.345269,0.000335
gradient_boosting,pr,1.000000,0.346154,0.000336
gradient_boosting,pr,1.000000,0.347044,0.000336
gradient_boosting,pr,1.000000,0.347938,0.000339
gradient_boosting,pr,1.000000,0.348837,0.000341
gradient_boosting,pr,1.000000,0.349741,0.000346
gradient_boosting,pr,1.000000,0.350649,0.000347
gradient_boosting,pr,1.000000,0.351562,0.000348
gradient_boosting,pr,1.000000,0.352480,0.000348
gradient_boosting,pr,1.000000,0.353403,0.000355
gradient_boosting,pr,1.000000,0.354331,0.000355
gradient_boosting,pr,1.000000,0.355263,0.000355
gradient_boosting,pr,1.000000,0.356201,0.000372
gradient_boosting,pr,1.000000,0.357143,0.000375
gradient_boosting,pr,1.000000,0.358090,0.000377
gradient_boosting,pr,1.000000,0.359043,0.000378
gradient_boosting,pr,1.000000,0.360000,0.000379
gradient_boosting,pr,1.000000,0.360963,0.000382
gradient_boosting,pr,1.000000,0.361930,0.000394
gradient_boosting,pr,1.000000,0.362903,0.000398
gradient_boosting,pr,1.000000,0.363881,0.000400
gradient_boosting,pr,1.000000,0.364865,0.000402
gradient_boosting,pr,1.000000,0.365854,0.000409
gradient_boosting,pr,1.000000,0.366848,0.000410
gradient_boosting,pr,1.000000,0.367847,0.000410
gradient_boosting,pr,1.000000,0.368852,0.000415
gradient_boosting,pr,1.000000,0.369863,0.000415
gradient_boosting,pr,1.000000,0.371901,0.000421
gradient_boosting,pr,1.000000,0.372928,0.000422
gradient_boosting,pr,1.000000,0.373961,0.000423
gradient_boosting,pr,1.000000,0.375000,0.000423
gradient_boosting,pr,1.000000,0.376045,0.000423
gradient_boosting,pr,1.000000,0.377095,0.000432
gradient_boosting,pr,1.000000,0.378151,0.000433
gradient_boosting,pr,1.000000,0.379213,0.000438
gradient_boosting,pr,1.000000,0.380282,0.000441
gradient_boosting,pr,1.000000,0.381356,0.000450
gradient_boosting,pr,1.000000,0.382436,0.000450
gradient_boosting,pr,1.000000,0.383523,0.000452
gradient_boosting,pr,1.000000,0.384615,0.000453
gradient_boosting,pr,1.000000,0.385714,0.000459
gradient_boosting,pr,1.000000,0.386819,0.000463
gradient_boosting,pr,1.000000,0.387931,0.000484
gradient_boosting,pr,1.000000,0.389049,0.000490
gradient_boosting,pr,1.000000,0.390173,0.000502
gradient_boosting,pr,1.000000,0.391304,0.000503
gradient_boosting,pr,1.000000,0.392442,0.000517
gradient_boosting,pr,1.000000,0.393586,0.000537
gradient_boosting,pr,1.000000,0.394737,0.000539
gradient_boosting,pr,1.000000,0.395894,0.000553
gradient_boosting,pr,1.000000,0.397059,0.000555
gradient_boosting,pr,1.000000,0.398230,0.000556
gradient_boosting,pr,1.000000,0.399408,0.000559
gradient_boosting,pr,1.000000,0.401786,0.000561
gradient_boosting,pr,1.000000,0.402985,0.000564
gradient_boosting,pr,1.000000,0.404192,0.000572
gradient_boosting,pr,1.000000,0.405405,0.000573
gradient_boosting,pr,1.000000,0.406627,0.000578
gradient_boosting,pr,1.000000,0.407855,0.000582
gradient_boosting,pr,1.000000,0.409091,0.000589
gradient_boosting,pr,1.000000,0.410334,0.000594
gradient_boosting,pr,1.000000,0.411585,0.000597
gradient_boosting,pr,1.000000,0.412844,0.000606
gradient_boosting,pr,1.000000,0.414110,0.000631
gradient_boosting,pr,1.000000,0.415385,0.000632
gradient_boosting,pr,1.000000,0.417957,0.000648
gradient_boosting,pr,1.000000,0.419255,0.000659
gradient_boosting,pr,1.000000,0.420561,0.000686
gradient_boosting,pr,1.000000,0.421875,0.000691
gradient_boosting,pr,1.000000,0.423197,0.000698
gradient_boosting,pr,1.000000,0.424528,0.000702
gradient_boosting,pr,1.000000,0.425868,0.000712
gradient_boosting,pr,1.000000,0.427215,0.000722
gradient_boosting,pr,1.000000,0.429936,0.000729
gradient_boosting,pr,1.000000,0.431310,0.000743
gradient_boosting,pr,1.000000,0.432692,0.000752
gradient_boosting,pr,1.000000,0.434084,0.000756
gradient_boosting,pr,1.000000,0.435484,0.000766
gradient_boosting,pr,1.000000,0.436893,0.000789
gradient_boosting,pr,1.000000,0.438312,0.000799
gradient_boosting,pr,1.000000,0.439739,0.000812
gradient_boosting,pr,1.000000,0.441176,0.000825
gradient_boosting,pr,1.000000,0.442623,0.000843
gradient_boosting,pr,1.000000,0.444079,0.000855
gradient_boosting,pr,1.000000,0.445545,0.000856
gradient_boosting,pr,1.000000,0.447020,0.000858
gradient_boosting,pr,1.000000,0.448505,0.000886
gradient_boosting,pr,1.000000,0.450000,0.000905
gradient_boosting,pr,1.000000,0.451505,0.000928
gradient_boosting,pr,1.000000,0.453020,0.000935
gradient_boosting,pr,1.000000,0.454545,0.000951
gradient_boosting,pr,1.000000,0.456081,0.000965
gradient_boosting,pr,1.000000,0.457627,0.000965
gradient_boosting,pr,1.000000,0.459184,0.000982
gradient_boosting,pr,1.000000,0.460751,0.000984
gradient_boosting,pr,1.000000,0.462329,0.001011
gradient_boosting,pr,1.000000,0.463918,0.001061
gradient_boosting,pr,1.000000,0.465517,0.001096
gradient_boosting,pr,1.000000,0.467128,0.001110
gradient_boosting,pr,1.000000,0.468750,0.001121
gradient_boosting,pr,1.000000,0.470383,0.001126
gradient_boosting,pr,1.000000,0.472028,0.001129
gradient_boosting,pr,1.000000,0.473684,0.001132
gradient_boosting,pr,1.000000,0.475352,0.001142
gradient_boosting,pr,1.000000,0.477032,0.001162
gradient_boosting,pr,1.000000,0.478723,0.001184
gradient_boosting,pr,1.000000,0.480427,0.001215
gradient_boosting,pr,1.000000,0.482143,0.001217
gradient_boosting,pr,1.000000,0.483871,0.001219
gradient_boosting,pr,1.000000,0.485612,0.001278
gradient_boosting,pr,1.000000,0.487365,0.001288
gradient_boosting,pr,1.000000,0.489130,0.001293
gradient_boosting,pr,1.000000,0.490909,0.001303
gradient_boosting,pr,1.000000,0.492701,0.001337
gradient_boosting,pr,1.000000,0.494505,0.001356
gradient_boosting,pr,1.000000,0.496324,0.001483
gradient_boosting,pr,1.000000,0.498155,0.001484
gradient_boosting,pr,1.000000,0.500000,0.001574
gradient_boosting,pr,1.000000,0.501859,0.001579
gradient_boosting,pr,1.000000,0.503731,0.001607
gradient_boosting,pr,1.000000,0.505618,0.001676
gradient_boosting,pr,1.000000,0.507519,0.001677
gradient_boosting,pr,1.000000,0.509434,0.001682
gradient_boosting,pr,1.000000,0.511364,0.001688
gradient_boosting,pr,1.000000,0.513308,0.001730
gradient_boosting,pr,1.000000,0.517241,0.001750
gradient_boosting,pr,1.000000,0.519231,0.001770
gradient_boosting,pr,1.000000,0.521236,0.001781
gradient_boosting,pr,1.000000,0.523256,0.001791
gradient_boosting,pr,1.000000,0.525292,0.001827
gradient_boosting,pr,1.000000,0.527344,0.001827
gradient_boosting,pr,1.000000,0.529412,0.001839
gradient_boosting,pr,1.000000,0.531496,0.001954
gradient_boosting,pr,1.000000,0.533597,0.002029
gradient_boosting,pr,1.000000,0.535714,0.002039
gradient_boosting,pr,1.000000,0.537849,0.002057
gradient_boosting,pr,1.000000,0.540000,0.002090
gradient_boosting,pr,1.000000,0.542169,0.002111
gradient_boosting,pr,1.000000,0.544355,0.002147
gradient_boosting,pr,1.000000,0.546559,0.002320
gradient_boosting,pr,1.000000,0.548780,0.002375
gradient_boosting,pr,1.000000,0.551020,0.002426
gradient_boosting,pr,1.000000,0.553279,0.002436
gradient_boosting,pr,1.000000,0.555556,0.002442
gradient_boosting,pr,1.000000,0.557851,0.002442
gradient_boosting,pr,1.000000,0.560166,0.002480
gradient_boosting,pr,1.000000,0.562500,0.002566
gradient_boosting,pr,1.000000,0.564854,0.002727
gradient_boosting,pr,1.000000,0.567227,0.002735
gradient_boosting,pr,1.000000,0.569620,0.002788
gradient_boosting,pr,1.000000,0.572034,0.002805
gradient_boosting,pr,1.000000,0.574468,0.002857
gradient_boosting,pr,1.000000,0.576923,0.002889
gradient_boosting,pr,1.000000,0.579399,0.002956
gradient_boosting,pr,1.000000,0.581897,0.003000
gradient_boosting,pr,1.000000,0.584416,0.003040
gradient_boosting,pr,1.000000,0.586957,0.003083
gradient_boosting,pr,1.000000,0.589520,0.003177
gradient_boosting,pr,1.000000,0.592105,0.003191
gradient_boosting,pr,1.000000,0.594714,0.003239
gradient_boosting,pr,1.000000,0.597345,0.003286
gradient_boosting,pr,1.000000,0.600000,0.003358
gradient_boosting,pr,1.000000,0.602679,0.003462
gradient_boosting,pr,1.000000,0.605381,0.003538
gradient_boosting,pr,1.000000,0.608108,0.003604
gradient_boosting,pr,1.000000,0.610860,0.003918
gradient_boosting,pr,1.000000,0.613636,0.003936
gradient_boosting,pr,1.000000,0.616438,0.003952
gradient_boosting,pr,1.000000,0.619266,0.004029
gradient_boosting,pr,1.000000,0.622120,0.004085
gradient_boosting,pr,1.000000,0.625000,0.004181
gradient_boosting,pr,1.000000,0.627907,0.004274
gradient_boosting,pr,1.000000,0.630841,0.004367
gradient_boosting,pr,1.000000,0.633803,0.004424
gradient_boosting,pr,1.000000,0.636792,0.004508
gradient_boosting,pr,1.000000,0.639810,0.004844
gradient_boosting,pr,1.000000,0.642857,0.005322
gradient_boosting,pr,1.000000,0.645933,0.005426
gradient_boosting,pr,1.000000,0.649038,0.005505
gradient_boosting,pr,1.000000,0.652174,0.005519
gradient_boosting,pr,1.000000,0.655340,0.005677
gradient_boosting,pr,1.000000,0.658537,0.005817
gradient_boosting,pr,1.000000,0.661765,0.006319
gradient_boosting,pr,1.000000,0.665025,0.006619
gradient_boosting,pr,1.000000,0.668317,0.006733
gradient_boosting,pr,1.000000,0.671642,0.006798
gradient_boosting,pr,1.000000,0.675000,0.007298
gradient_boosting,pr,1.000000,0.678392,0.007683
gradient_boosting,pr,1.000000,0.681818,0.007916
gradient_boosting,pr,1.000000,0.685279,0.007926
gradient_boosting,pr,1.000000,0.688776,0.008387
gradient_boosting,pr,1.000000,0.692308,0.008432
gradient_boosting,pr,1.000000,0.695876,0.009228
gradient_boosting,pr,1.000000,0.699482,0.009610
gradient_boosting,pr,1.000000,0.703125,0.009652
gradient_boosting,pr,1.000000,0.706806,0.009772
gradient_boosting,pr,1.000000,0.710526,0.010618
gradient_boosting,pr,1.000000,0.714286,0.010916
gradient_boosting,pr,1.000000,0.718085,0.010919
gradient_boosting,pr,1.000000,0.721925,0.011050
gradient_boosting,pr,1.000000,0.725806,0.012124
gradient_boosting,pr,1.000000,0.729730,0.012139
gradient_boosting,pr,1.000000,0.733696,0.013106
gradient_boosting,pr,1.000000,0.737705,0.013720
gradient_boosting,pr,1.000000,0.741758,0.014893
gradient_boosting,pr,1.000000,0.745856,0.014896
gradient_boosting,pr,1.000000,0.750000,0.015805
gradient_boosting,pr,1.000000,0.754190,0.015947
gradient_boosting,pr,1.000000,0.758427,0.016549
gradient_boosting,pr,1.000000,0.762712,0.018230
gradient_boosting,pr,1.000000,0.767045,0.019069
gradient_boosting,pr,1.000000,0.771429,0.019596
gradient_boosting,pr,1.000000,0.775862,0.025454
gradient_boosting,pr,1.000000,0.780347,0.026317
gradient_boosting,pr,1.000000,0.784884,0.026619
gradient_boosting,pr,1.000000,0.789474,0.027039
gradient_boosting,pr,1.000000,0.794118,0.029612
gradient_boosting,pr,1.000000,0.798817,0.029843
gradient_boosting,pr,1.000000,0.803571,0.034846
gradient_boosting,pr,1.000000,0.808383,0.038337
gradient_boosting,pr,1.000000,0.813253,0.038940
gradient_boosting,pr,1.000000,0.818182,0.052199
gradient_boosting,pr,1.000000,0.823171,0.054489
gradient_boosting,pr,1.000000,0.828221,0.055485
gradient_boosting,pr,1.000000,0.833333,0.059610
gradient_boosting,pr,1.000000,0.838509,0.064014
gradient_boosting,pr,1.000000,0.843750,0.066738
gradient_boosting,pr,1.000000,0.849057,0.072357
gradient_boosting,pr,1.000000,0.854430,0.078063
gradient_boosting,pr,1.000000,0.859873,0.078823
gradient_boosting,pr,1.000000,0.865385,0.085117
gradient_boosting,pr,1.000000,0.870968,0.090881
gradient_boosting,pr,0.992593,0.870130,0.115749
gradient_boosting,pr,0.985185,0.869281,0.149958
gradient_boosting,pr,0.985185,0.875000,0.154409
gradient_boosting,pr,0.985185,0.880795,0.163967
gradient_boosting,pr,0.985185,0.886667,0.193029
gradient_boosting,pr,0.977778,0.885906,0.193085
gradient_boosting,pr,0.977778,0.891892,0.198541
gradient_boosting,pr,0.970370,0.891156,0.220447
gradient_boosting,pr,0.970370,0.897260,0.246885
gradient_boosting,pr,0.970370,0.903448,0.248955
gradient_boosting,pr,0.970370,0.909722,0.303927
gradient_boosting,pr,0.970370,0.916084,0.330462
gradient_boosting,pr,0.970370,0.922535,0.344029
gradient_boosting,pr,0.970370,0.929078,0.355128
gradient_boosting,pr,0.962963,0.928571,0.475029
gradient_boosting,pr,0.955556,0.928058,0.485672
gradient_boosting,pr,0.955556,0.934783,0.490539
gradient_boosting,pr,0.955556,0.941606,0.562461
gradient_boosting,pr,0.955556,0.948529,0.580170
gradient_boosting,pr,0.955556,0.955556,0.609793
gradient_boosting,pr,0.948148,0.955224,0.623463
gradient_boosting,pr,0.948148,0.962406,0.658804
gradient_boosting,pr,0.948148,0.969697,0.676486
gradient_boosting,pr,0.948148,0.977099,0.768005
gradient_boosting,pr,0.948148,0.984615,0.775374
gradient_boosting,pr,0.948148,0.992248,0.810772
gradient_boosting,pr,0.940741,0.992188,0.887861
gradient_boosting,pr,0.940741,1.000000,0.904994
gradient_boosting,pr,0.933333,1.000000,0.924445
gradient_boosting,pr,0.925926,1.000000,0.933106
gradient_boosting,pr,0.918519,1.000000,0.954295
gradient_boosting,pr,0.911111,1.000000,0.964072
gradient_boosting,pr,0.903704,1.000000,0.967702
gradient_boosting,pr,0.896296,1.000000,0.972230
gradient_boosting,pr,0.888889,1.000000,0.979671
gradient_boosting,pr,0.881481,1.000000,0.980721
gradient_boosting,pr,0.874074,1.000000,0.982215
gradient_boosting,pr,0.866667,1.000000,0.982384
gradient_boosting,pr,0.859259,1.000000,0.984694
gradient_boosting,pr,0.851852,1.000000,0.985090
gradient_boosting,pr,0.844444,1.000000,0.985898
gradient_boosting,pr,0.837037,1.000000,0.986028
gradient_boosting,pr,0.829630,1.000000,0.987600
gradient_boosting,pr,0.822222,1.000000,0.988574
gradient_boosting,pr,0.814815,1.000000,0.988577
gradient_boosting,pr,0.807407,1.000000,0.990573
gradient_boosting,pr,0.800000,1.000000,0.992591
gradient_boosting,pr,0.792593,1.000000,0.992791
gradient_boosting,pr,0.785185,1.000000,0.993539
gradient_boosting,pr,0.777778,1.000000,0.995197
gradient_boosting,pr,0.770370,1.000000,0.995223
gradient_boosting,pr,0.762963,1.000000,0.995512
gradient_boosting,pr,0.755556,1.000000,0.995931
gradient_boosting,pr,0.748148,1.000000,0.996073
gradient_boosting,pr,0.740741,1.000000,0.996101
gradient_boosting,pr,0.733333,1.000000,0.996349
gradient_boosting,pr,0.725926,1.000000,0.996596
gradient_boosting,pr,0.718519,1.000000,0.996982
gradient_boosting,pr,0.711111,1.000000,0.997137
gradient_boosting,pr,0.703704,1.000000,0.997529
gradient_boosting,pr,0.696296,1.000000,0.997682
gradient_boosting,pr,0.688889,1.000000,0.997709
gradient_boosting,pr,0.681481,1.000000,0.998085
gradient_boosting,pr,0.674074,1.000000,0.998244
gradient_boosting,pr,0.666667,1.000000,0.998270
gradient_boosting,pr,0.659259,1.000000,0.998482
gradient_boosting,pr,0.651852,1.000000,0.998527
gradient_boosting,pr,0.644444,1.000000,0.998553
gradient_boosting,pr,0.637037,1.000000,0.998581
gradient_boosting,pr,0.629630,1.000000,0.998722
gradient_boosting,pr,0.622222,1.000000,0.998791
gradient_boosting,pr,0.614815,1.000000,0.998792
gradient_boosting,pr,0.607407,1.000000,0.998797
gradient_boosting,pr,0.600000,1.000000,0.998831
gradient_boosting,pr,0.592593,1.000000,0.998842
gradient_boosting,pr,0.585185,1.000000,0.998916
gradient_boosting,pr,0.577778,1.000000,0.998934
gradient_boosting,pr,0.570370,1.000000,0.998948
gradient_boosting,pr,0.562963,1.000000,0.998970
gradient_boosting,pr,0.555556,1.000000,0.999022
gradient_boosting,pr,0.548148,1.000000,0.999032
gradient_boosting,pr,0.540741,1.000000,0.999058
gradient_boosting,pr,0.533333,1.000000,0.999121
gradient_boosting,pr,0.525926,1.000000,0.999178
gradient_boosting,pr,0.518519,1.000000,0.999183
gradient_boosting,pr,0.511111,1.000000,0.999216
gradient_boosting,pr,0.503704,1.000000,0.999246
gradient_boosting,pr,0.496296,1.000000,0.999248
gradient_boosting,pr,0.488889,1.000000,0.999297
gradient_boosting,pr,0.481481,1.000000,0.999345
gradient_boosting,pr,0.474074,1.000000,0.999351
gradient_boosting,pr,0.466667,1.000000,0.999365
gradient_boosting,pr,0.459259,1.000000,0.999389
gradient_boosting,pr,0.451852,1.000000,0.999412
gradient_boosting,pr,0.444444,1.000000,0.999441
gradient_boosting,pr,0.437037,1.000000,0.999466
gradient_boosting,pr,0.429630,1.000000,0.999467
gradient_boosting,pr,0.422222,1.000000,0.999467
gradient_boosting,pr,0.414815,1.000000,0.999507
gradient_boosting,pr,0.407407,1.000000,0.999508
gradient_boosting,pr,0.400000,1.000000,0.999515
gradient_boosting,pr,0.392593,1.000000,0.999517
gradient_boosting,pr,0.385185,1.000000,0.999524
gradient_boosting,pr,0.377778,1.000000,0.999524
gradient_boosting,pr,0.370370,1.000000,0.999535
gradient_boosting,pr,0.362963,1.000000,0.999572
gradient_boosting,pr,0.355556,1.000000,0.999585
gradient_boosting,pr,0.348148,1.000000,0.999597
gradient_boosting,pr,0.340741,1.000000,0.999603
gradient_boosting,pr,0.333333,1.000000,0.999607
gradient_boosting,pr,0.325926,1.000000,0.999617
gradient_boosting,pr,0.318519,1.000000,0.999619
gradient_boosting,pr,0.311111,1.000000,0.999631
gradient_boosting,pr,0.303704,1.000000,0.999633
gradient_boosting,pr,0.296296,1.000000,0.999634
gradient_boosting,pr,0.288889,1.000000,0.999634
gradient_boosting,pr,0.281481,1.000000,0.999680
gradient_boosting,pr,0.274074,1.000000,0.999684
gradient_boosting,pr,0.266667,1.000000,0.999685
gradient_boosting,pr,0.259259,1.000000,0.999700
gradient_boosting,pr,0.251852,1.000000,0.999704
gradient_boosting,pr,0.244444,1.000000,0.999715
gradient_boosting,pr,0.237037,1.000000,0.999721
gradient_boosting,pr,0.229630,1.000000,0.999727
gradient_boosting,pr,0.222222,1.000000,0.999733
gradient_boosting,pr,0.214815,1.000000,0.999737
gradient_boosting,pr,0.207407,1.000000,0.999751
gradient_boosting,pr,0.200000,1.000000,0.999764
gradient_boosting,pr,0.192593,1.000000,0.999775
gradient_boosting,pr,0.185185,1.000000,0.999779
gradient_boosting,pr,0.177778,1.000000,0.999787
gradient_boosting,pr,0.170370,1.000000,0.999809
gradient_boosting,pr,0.162963,1.000000,0.999810
gradient_boosting,pr,0.155556,1.000000,0.999814
gradient_boosting,pr,0.148148,1.000000,0.999816
gradient_boosting,pr,0.140741,1.000000,0.999829
gradient_boosting,pr,0.133333,1.000000,0.999833
gradient_boosting,pr,0.125926,1.000000,0.999836
gradient_boosting,pr,0.118519,1.000000,0.999841
gradient_boosting,pr,0.111111,1.000000,0.999850
gradient_boosting,pr,0.103704,1.000000,0.999876
gradient_boosting,pr,0.096296,1.000000,0.999892
gradient_boosting,pr,0.088889,1.000000,0.999920
gradient_boosting,pr,0.081481,1.000000,0.999932
gradient_boosting,pr,0.074074,1.000000,0.999934
gradient_boosting,pr,0.066667,1.000000,0.999939
gradient_boosting,pr,0.059259,1.000000,0.999952
gradient_boosting,pr,0.051852,1.000000,0.999956
gradient_boosting,pr,0.044444,1.000000,0.999957
gradient_boosting,pr,0.037037,1.000000,0.999964
gradient_boosting,pr,0.029630,1.000000,0.999968
gradient_boosting,pr,0.022222,1.000000,0.999968
gradient_boosting,pr,0.014815,1.000000,0.999976
gradient_boosting,pr,0.007407,1.000000,0.999990
gradient_boosting,pr,0.000000,1.000000,1.000000
