candidate_id,cv_text,audio_transcript
REAL-1000,"TECHNICAL SKILLS Programming Languages: Java (Servlet, JSP, Spring Boot). Web Technology: HTML5, CSS3, Bootstrap, JavaScript, JQuery, Ajax, AngularJs. Database: MySQL. IDE and Tool: Eclipse, spring tool Suit, Net beans, Sublime Text, Atom. Operating System: Windows XP, 7, 8, 10. ACHIEVEMENT â¢ Java Developer Certificate from Unanth Technical Institute. â¢ Java Certificate from solo Learn. â¢ Command line crash Course certificate from Udemy. JOB DETAILS Education Details 
January 2018 M.C.A  Pune, Maharashtra Pune University
January 2015 B.C.A  Amravati, Maharashtra Amravati University
January 2012 H.S.C  Amravati, Maharashtra Amravati University
January 2010 S.S.C  Amravati, Maharashtra Amravati University
Java developer 

Full Stack Java Developer
Skill Details 
Css- Exprience - Less than 1 year months
Ajax- Exprience - Less than 1 year months
Servlet- Exprience - Less than 1 year months
Html5- Exprience - Less than 1 year months
Spring- Exprience - Less than 1 year months
Java- Exprience - Less than 1 year months
Jquery- Exprience - Less than 1 year months
Jsp- Exprience - Less than 1 year months
Javascript- Exprience - Less than 1 year months
Bootstrap- Exprience - Less than 1 year months
Spring Boot- Exprience - Less than 1 year monthsCompany Details 
company - Salcluster technologies
description - Worked as java developer. Developed 3 projects using java servlet jsp ajax and web technologies.
company - Salcluster Technologies LLP.
description - Technology: Core Java, Servlet and JSP, HTML5, CSS3, Bootstrap, Javascript, Jquery
Ajax and Bootstrap.

PROJECT DETAILS
#1 Title: GST And Sales Billing Softwares
â¢ Status: Completed
â¢ Duration: 1.5 Months.
â¢ Abstract: This is a Web application made by using Java (Servlet and JSP), JavaScript, Jquery, Ajax, and MySQL on back end. It is a client's website which is used for Billing. It includes GST Billing, Generate and print invoice. It has five master pages and four common pages. Masters include customer master, item master, uom master, setup master, reason master and common pages like sales order, payments, sales return and invoice.

#2 Title: Dinman News website
â¢ Status: Completed
â¢ Duration: 1 Months.
â¢ Abstract: This is a Website project by using Java (Servlet and JSP), JavaScript, Jquery, Ajax, and MySQL on back end. It is a clients website. It is used for displaying online video and text news.

#2 Title: Agri Management Website
â¢ Status: Completed
â¢ Duration: 1.5 Months.
â¢ Abstract: This is a Website project by using Java (Servlet and JSP), JavaScript, Jquery, Ajax, and MySQL on back end. It is used for purchasing and selling vegetables all over india.
company - OmegaSoft Technologies pvt.ltd
description - Company Name: OmegaSoft Technologies pvt.ltd. An  ISO certified Company.
Duration: 5 months.
Technology: Java Spring Hibernate, AngularJs, Ajax, KendoUI and BootStrap.
Architecture: MVC Architecture and Service based Programming.
Project Module: Login Registration and Role Assignment, Payments.

INTERNSHIP PROJECT DETAILS
#1 Title: Employment Times
â¢ Status: Completed
â¢ Duration: 4 Months.
â¢ Abstract: This is a Website project using Java, Spring, Hibernate. Angular Js, Ajax and MySQL on back end. It is a client's website which is used for posting of newspapers all over India. It has 12 Modules. In which it has Admin Panel, E-paper Posting, Subscriptions, and many more. It is a very light weight website built by using MVC Architecture and Service based Architecture. We can also post advertisements on website and share the news on Facebook or any other social media directly. It has Payment module and users are able to make payments online through debit or credit card or E-Wallet.","Interviewer: Tell me about your background.
Candidate: TECHNICAL SKILLS Programming Languages: Java (Servlet, JSP, Spring Boot). Web Technology: HTML5, CSS3, Bootstrap, JavaScript, JQuery, Ajax, AngularJs.... Yes, I have experience in these areas.
Interviewer: Great."
REAL-1001,"TECHNICALSKILLS SpringMVC, Hibernate, JDBC, Java, J2EE, AzureWeb SunTechnologies Services, JSP, Struts, Servlet, RestApi. Scripting JavaScript, AJAX, HTML, JSON. OpenSourceTechnologies PHP. Database MsSQL, MySQL, Oracle. WebServers ApacheTomcatServer. Internettechnologiesand OnesignalWebPushNotifications, AzurewebServices, frameworks IONIC, HTML, JSON OperatingSystem WindowsServer2012R2, WinXP/7/8.1/10, Linux, Mac OS Education Details 
August 2013 to July 2016 BE Computer Engineering Nashik, Maharashtra Late G.N. Sapkal COE Nashik
July 2009 to June 2013 Diploma Computer technology Nashik, Maharashtra K K Wagh Polytechnic  Nashik
Java developer 

Java Developer
Skill Details 
AJAX- Exprience - 12 months
DATABASE- Exprience - 24 months
HTML- Exprience - 24 months
J2EE- Exprience - 6 months
JAVA- Exprience - 24 months
Spring MVC- Exprience - 12 months
Ionic 3- Exprience - 6 months
Angular JS- Exprience - 6 months
Spring- Exprience - Less than 1 year months
Java- Exprience - Less than 1 year monthsCompany Details 
company - Replete business solutions pvt ltd
description - Working as Java developer in spring MVC, MySQL, MsSql, Java, J2EE, Ajax, Javascript, ionic 3 framework, angular js etc. Technologies.","Interviewer: Tell me about your background.
Candidate: TECHNICALSKILLS SpringMVC, Hibernate, JDBC, Java, J2EE, AzureWeb SunTechnologies Services, JSP, Struts, Servlet, RestApi. Scripting JavaScript, AJAX, ... Yes, I have experience in these areas.
Interviewer: Great."
REAL-1002,"Education Details 
January 2013 Master of Engineering Information Technology Pune, Maharashtra M.I.T
January 2005 Bachelor of Engineering Information Technology Pusad, Maharashtra Amravati University
January 2001   Pusad, Maharashtra P. N. Junior College
January 1999 S.S.C  Pusad, Maharashtra K.D. High-School
Java Developer 

Java Developer - Maxgen Technologies
Skill Details 
Company Details 
company - Maxgen Technologies
description - Currently working in Infrasoft Technologies, Andheri as a Java Developer.
company - MIS Generation of Tata Sky and Tata Power
description - COURSES DONE: Android -Mobile App Development, Technologies in Java-Core Java,
Advance Java, JSF, Hibernate, Spring at NIIT in 2015-16.

ANDROID PROJECT: Location Detector of Computing and Mobile Devices. (Android)

ME PROJECT: Data Deduplication. My projects works to reduce redundant data from the system and free up the memory. It stores unique copy of data and for more location with same data with the help of pointers can access the data. (Java)

SUBJECTS TAUGHT:
C language, Core Java, Object Oriented Programming (OOT/C++), Database, PPS (Programming and problem solving), AD (Advance Database), IAS (Information Assurance and security), Android

PROGRAMMING SKILL: C, C++, Java, Android.
DATABASE HANDLED:
MS Access, SQL, Oracle

NATIONAL CONFERENCE: 1. paper presented on ""A secure cipher index over encrypted character data in database."" On dated 28-29 April 2011 at Pimpri chinchwad college of engineering, Pune.","Interviewer: Tell me about your background.
Candidate: Education Details 
January 2013 Master of Engineering Information Technology Pune, Maharashtra M.I.T
January 2005 Bachelor of Engineering Informatio... Yes, I have experience in these areas.
Interviewer: Great."
REAL-1003,"Skill Set: Hadoop, Map Reduce, HDFS, Hive, Sqoop, java. Duration: 2016 to 2017. Role: Hadoop Developer Rplus offers an quick, simple and powerful cloud based Solution, Demand Sense to accurately predict demand for your product in all your markets which Combines Enterprise and External Data to predict demand more accurately through Uses Social Conversation and Sentiments to derive demand and Identifies significant drivers of sale out of hordes of factors that Selects the best suited model out of multiple forecasting models for each product. Responsibilities: â¢ Involved in deploying the product for customers, gathering requirements and algorithm optimization at backend of the product. â¢ Load and transform Large Datasets of structured semi structured. â¢ Responsible to manage data coming from different sources and application â¢ Supported Map Reduce Programs those are running on the cluster â¢ Involved in creating Hive tables, loading with data and writing hive queries which will run internally in map reduce way.Education Details 

Hadoop Developer 

Hadoop Developer - Braindatawire
Skill Details 
APACHE HADOOP HDFS- Exprience - 49 months
APACHE HADOOP SQOOP- Exprience - 49 months
Hadoop- Exprience - 49 months
HADOOP- Exprience - 49 months
HADOOP DISTRIBUTED FILE SYSTEM- Exprience - 49 monthsCompany Details 
company - Braindatawire
description - Technical Skills:
â¢   Programming: Core Java, Map Reduce, Scala
â¢   Hadoop Tools: HDFS, Spark, Map Reduce, Sqoop, Hive, Hbase
â¢   Database: MySQL, Oracle
â¢   Scripting: Shell Scripting
â¢   IDE: Eclipse
â¢   Operating Systems: Linux (CentOS), Windows
â¢   Source Control: Git (Github)","Interviewer: Tell me about your background.
Candidate: Skill Set: Hadoop, Map Reduce, HDFS, Hive, Sqoop, java. Duration: 2016 to 2017. Role: Hadoop Developer Rplus offers an quick, simple and powerful clou... Yes, I have experience in these areas.
Interviewer: Great."
REAL-1004,"Education Details 
January 1992 to January 2003 First year Science Mumbai, Maharashtra St micheal high
Personal fitness trainer level3 

personal trainer
Skill Details 
Company Details 
company - Golds gym ,fitness solution,flora hotel
description - Certification : american college of sports science golds gym heart saver reps level 3

Responsibilities
To obtain a challenging position which will commensurate with my qualification and experience in the field of health and fitness environment.


Accomplishments
Good



Skills Used
Fitness","Interviewer: Tell me about your background.
Candidate: Education Details 
January 1992 to January 2003 First year Science Mumbai, Maharashtra St micheal high
Personal fitness trainer level3 

personal ... Yes, I have experience in these areas.
Interviewer: Great."
REAL-1005,"Technical Expertise: â¢ Cisco ASA, Checkpoint firewall (GAIA, Splat), Palo Alto firewalls â¢ Firewall management tools: Cisco security management (CSM), Checkpoint Smart center, Palo Alto Panorama â¢ F5 load balancer (LTM) â¢ Networking Hands on Cisco Router and Cisco Switches, â¢ Security Management & Event Management: RSAEnvision 4.1, â¢ Ticketing tools - BMC Remedy, Service-now Other Technologies: Software languages: Python, VB ScriptingEducation Details 
January 2006 to January 2010 Bachelor of Engineering Information Technology Mumbai, Maharashtra Mumbai University
Senior Network security Analyst 

Senior Network security Analyst - Accenture
Skill Details 
FIREWALLS- Exprience - 97 months
CISCO- Exprience - 89 months
SECURITY- Exprience - 72 months
FIREWALL- Exprience - 45 months
CHECKPOINT- Exprience - 44 monthsCompany Details 
company - Accenture
description - Install, configure, upgrades and troubleshoot Cisco ASA firewalls ( 5500-X)  which includes Single and multi-context firewalls
â¢ F5 LTM  configuration (VIP, pools), SSL offloading, certificate renewals, Code upgrade and troubleshoot issues
â¢ Pulse secure (Juniper)  management includes creating Roles/ Realm, polices   for remote access, reverse proxy and Code upgrade
â¢ PAC file configuration
â¢ Preparing design documents (HLD, LLD), IP Schema and Configuration of all network devices as per customer requirements in data center environment
â¢ Incident Management, Change management, Problem Management ( ITIL process)
â¢ Key projects- Worked on resiliency project like firewall policy lockdown. Software code upgrade on all firewalls and load balancers. End to end co-ordination for firewall deployment
â¢ Tools: Cisco security manager 4.x
company - Zensar Technologies
description - Install, Upgrades Checkpoint firewalls GAIA R75, R77 and policy deployment
â¢ Troubleshoot checkpoint firewalls, Palo alto firewall and Cisco ASA's for multiple sites belongs to US, Canada and EMEA region.
â¢ Configure, upgrades, troubleshoot Cisco Routers ( Cisco 29xx, 28xx, 19xx) and Cisco switches (2960, 3560) and Cisco Meraki AP in Meraki Cloud
â¢ F5 LTM configuration and troubleshooting the operational issues
company - Infosys Technologies
description - Responsibilities:
â¢ Install, configure, upgrade and troubleshoot checkpoint firewalls, Cisco Routers, Switches
â¢ Configure, monitor and troubleshoot issues within organization LAN, WAN and customer
Connectivity networks.
â¢ Interface with vendors and service providers ensuring that hardware or software problems were dealt with efficiently and effectively, with minimal downtime
company - HCL-Comnet
description - Responsibilities:
â¢ Event moitoring and administration of RSA enVision 4.1 SIEM.
â¢ Proficient in researching traffic patterns to identify false-positives and/or malicious traffic within IDS, IPS, scanners (Qualis) and firewalls.
â¢ Experience in writing correlation rules, parsers & developing UDS for unsupported device logs.
â¢ analyze a large volume of security events while maintaining a high quality of analysis
â¢ Change Configuration Management exposure
company - Wipro Technologies
description - Administrator, Manage and troubleshoot multi-vendor Network Infrastructure consisting of Cisco, Juniper Platforms ( Cisco Router 3845, Cisco stack-wise switches 3750E and 2960 access switch, Cisco 4500 chassis, Cisco 5550/20 ASA firewalls, Juniper SA 6500 SSL VPN)
â¢ Provisioning and troubleshooting access issues related to RSA and Entrust (2FA) User Accounts.
â¢ Taking all network and security devices configuration back up on weekly and monthly basis.","Interviewer: Tell me about your background.
Candidate: Technical Expertise: â¢ Cisco ASA, Checkpoint firewall (GAIA, Splat), Palo Alto firewalls â¢ Firewall management tools: Cisco security management (C... Yes, I have experience in these areas.
Interviewer: Great."
REAL-1006,"Education Details 
May 1999 to September 2002 Diploma Mechanical Engg Mumbai, Maharashtra Institute of Mechanical Engg
May 1998 to May 1999 Diploma Mechanical Engg. Services  ITES
May 1993 to May 1995   Mumbai, Maharashtra Industrial Training Institute
Sr. Executive-Mechanical Engineering- Automation & Projects Consultant 

Sr. Executive-Mechanical Engineering- Automation & Projects Consultant - Mechanical Engineering
Skill Details 
Microsoft Office -Word ,Excel,Auto cad,Micro station J ERP 3d Modeling software- Exprience - 120 monthsCompany Details 
company - Mechanical Engineering
description - Role & Responsibilities: - Application Engineering / Pre Sales & Inside Sales â¢ Provide applications support to inside sales personnel and outside sales channels, Provide product selection and materials of construction technical recommendations.
â¢ Participate in the necessary training activities to establish technical competency & also Participate in Field Service trips as directed by Top Mgmt.
â¢ Assist Brand Managers and/or Product Managers as needed.
â¢ Takes active role as support for the Projects Quotations team, being responsible for the technical part of project quotation including selection, sizing and costing of Pneumatic Automation Products, valves, linear & rotary actuator and field Fabrication & equipment on the basis of the customer's data sheets and Engineering Drawing.
â¢ Travel as required to support the field sales channel and to promote Company products and services.
â¢ Perform detailed reviews of customer specifications, providing comments, clarifications and alternatives to customer requirements.
â¢ Sizing and selection of valves, actuators and prepare cost effective techno-commercial quotations, solutions as per customers technical requirements.
â¢ Coordinate with other technical departments as required, in order to minimize technical and cost risk.
â¢ Sending quotations accurately and on-time, including all technical and commercial as per customer documentation requests. Participate in the customer negotiation process, including commercial and technical negotiations.
â¢ Follow up of quotations to close the order also Follow up for payment collection.
â¢ Perform PO reviews to ensure that all critical elements are correct and take up to Senior Top managements and customer in case of any discrepancies, and get PO amendment if required.
â¢ Create the order transfer file for submission to the factory in accordance with PO. Support factory for any post order activities & after sales service where necessary to develop and maintain good customer service.

Role & Responsibilities: - Proposal/Estimation Engineering & Products Costing â¢ Review and receive the RFQs for company products and solutions.
 â¢ Estimation of Pneumatic Automation Products & Projects, valves, linear & rotary actuator and field equipment, Piping, Fabricated equipment's etc.
 â¢ Plotting enquiries to vendors for critical bought out items.
 â¢ Continuous follow up with vendors for quotations.
 â¢ Applying thumb rule or standard practice of design while estimating for achieving accuracy with less time.
 â¢ Analyzing & evaluating estimated cost and actual cost of the jobs already manufactured in past to arrive at a realistic cost estimates.
 â¢ Maintaining databanks of all quotations for readily available to others also.
Coordinating with Instrumentation & electrical dept. for costing.
 â¢ Handling estimation department while submitting offers on time. Visit to site for site projects, if required. Co-ordination with Purchase and process departments. Attending Customer Enquiries meeting. Development of vendors.
 â¢ Preparation of statement enquiries pending for estimation/ under progress â¢ Understand the client's concern / pain area / requirement, Offer most suitable & optimized the tailor made or predesigned Chemtronics solution with techno-commercial proposal which should be technically feasible & commercially viable.
â¢ Assign work to Jr. Proposal executives/Engineers â¢ Guide & Coordinate with design, CAD, sales, marketing, project & commercial department.

Role & Responsibilities: - Engg. Procurement & Purchase, Vendor Development & Supply Chain.
â¢ Procurement of Steel/Raw Material & semi-finish Products Based on Projects requirement.
 â¢ Continuous improvement in negotiation process & Cost saving opportunities.
 â¢ Turn round time improvement & new vendor development Contract Management & Tenders.
 â¢ To achieve target savings against budget and/or last purchase rates & develop new vendors. & Obtaining quotation and finalization.
 â¢ Research and evaluate potential vendors and suppliers, Request quotes and do technical comparisons of Prices, also maintain good relationships with vendors and suppliers.
 â¢ Examine and review products and supplies to ensure quality & digitize procurement processes.
 â¢ Track incoming & future purchasing plans, Projects inventory, delivery arrival time, and note actual arrival time Organize and update database of suppliers, delivery times, invoices, and quantity of supplies.
 â¢ Collaborate with financial team members on contracts, invoicing, and other financial matters 
â¢ Finding out the suppliers for buying various materials from products finders as well as from internet Source.
 â¢ Create RFQ for materials for projects, departments, for project materials, equipment's and services.
 â¢ Review Vendor evaluation & Vendor registration from Supply time & quality of products.
company - Proposal & Estimation
description - M/s Duncan Engineering Ltd, Pune, Ranjangaon MIDC

Role & Responsibilities:- â¢ Project execution, Vendor development, supply chain Management, interacting with Vendors to ensure timely action of order & negotiating with the vendor.
â¢ Work directly with customer to understand their process and develop the best solution For their requirement, lead proposal engineering team & technical support to customer.
â¢ Work with sales team to professionally represent the company at a customer, gather Data and ask the right question to define a project.
â¢ Work with our engineers and designer to develop and quote cost effective solution. Cost estimation, preparing proposal & quotation base on Technical specification of Customer requirement & identify production process and machines/brought out Item requirements. & co-ordinate with customer to understand exact requirements.
â¢ Identification of critical problem & work out Proper solution in specified time frames.
â¢ Production design-new manufacturing process - new product development. Developing
Customized manufacturing solutions. (Steel, Power & Cement, petrochemical sector.) 
â¢ Executing cost saving techniques/ measures and modifications to achieve

Substantial Reduction in O & M expenditures and work within the budget

Maintaining fruitful Relationships with existing customers.
company - Rotex Engineers & Manufacturing Pvt. Ltd
description - Nov 2015 - June 2016  Rotex Engineers & Manufacturing Pvt. Ltd Dombivali MIDC, Kaylan.

Role & Responsibilities:- â¢ To Manage & enhance the activity related to proposal of pneumatics/fabrication projects & products.
â¢ Project execution, Vendor development, supply chain Management, interacting with vendors to ensure Timely action of order & Negotiating with the vendor.
â¢ Production design-new manufacturing process - new product development. Developing
Customized manufacturing solutions. (Steel, Power & Cement petrochemical sector.) â¢     Preparation of technical data sheets as per tender specification.
â¢     Calculate price structure and analyze cost proposals.
â¢     Monitoring progress throughout the job & comparing it with the schedule of work.
â¢     Maintaining fruitful relationships with existing customers â¢   Review Vendor evaluation & Vendor registration from Supply time & quality of products.
 â¢   Examine and review products and supplies to ensure quality.
company - Design & Proposal Engineering
description - M/s Schrader Duncan Ltd, Pune, Ranjangaon MIDC

Role & Responsibilities:- â¢ Project execution, Vendor development, supply chain Management, interacting with
Vendors to ensure timely action of order & negotiating with the vendor.
â¢ Design or modify Mechanical assemblies, hydraulic/pneumatic assemblies, Fabricated assy
Along with layouts/schematics and/or detailed drawings as per specification.
â¢ Generate electrical or mechanical product specifications, standard operating procedures, maintenance manuals & Doing basic mechanical design, if required.
â¢ Participate in growth & developing innovative solutions with design & development, sales & marketing team.
â¢ Define, coordinate, perform and generate engineering test reports & engineering analysis.
â¢ In Co-Ordination with production manager implement and assure that all manufacturing processes are being followed according to process Flow in relevant Departments.
â¢ Maintain records of Non-Conformity (NC) raised during internal audits and close the same with corrective actions.
â¢ Maintain records of obsolete documents and remain in touch with all HODs.
â¢ Maintain ISO documents pertaining to ISO9001-2015 and bring awareness among employees.
â¢ Coordinate & communicate with channel partners, O.E.M.s, dealers, consultants & end customers for Design & offer technically feasible.
â¢ Carry Out internal audit as per audit plan and schedule, maintain the record of controlled drawings.
company - Fabrication Field-Hoist, Goods Lifts
description - JOIST- O- MECH Engg. Pvt. Ltd, Rabale MIDC, Thane

Role & Responsibilities:- â¢ Detailing of drawing, Preparations of BOM & raw material inspection.
 â¢ Prototype manufacturing (3d modeling)
company - Fabrication Field
description - 
company - MUKAND LTD, Kurla
description - Role & Responsibilities:- â¢ Raw material inspection, Preparations of Gauge for inspection, marking on housing for machining, checking surface finishing","Interviewer: Tell me about your background.
Candidate: Education Details 
May 1999 to September 2002 Diploma Mechanical Engg Mumbai, Maharashtra Institute of Mechanical Engg
May 1998 to May 1999 Diploma ... Yes, I have experience in these areas.
Interviewer: Great."
REAL-1007,"Technical Skills Summary I have completed ""CORPORATE TRAINING in Manual and Automation Testing"" at Source-Code Technology, Pune. â Manual and Automation Testing â¢ SELENIUM IDE, TestNG, SELENIUM Grid, JENKINS, Apache POI. â¢ Good knowledge in SDLC. â¢ Excellent understanding of White Box Testing and Black Box Testing. â¢ Good knowledge in Functional Testing, Integration Testing and System Testing. â¢ Good Exposure in writing Functional and Integration Scenarios. â¢ Good understanding of writing of test cases including test case design technique. â¢ Good understanding Build and release. â¢ Good knowledge on Ad hoc and smoke testing. â¢ Excellent understanding of usability, reliability and exploratory testing. â¢ Excellent knowledge of Globalization and Compatibility Testing. â¢ Excellent Understand of STLC. â¢ Good knowledge of regression and retesting. â¢ Excellent knowledge on Defect tracking and Defect Life Cycle. â¢ Good Knowledge on Test plan and Traceability Matrix. Internship Project Project Name: Resume Extractor Duration: 6 months Role: Manual And Automation Testing Environment: Jdbc, Servlets, Jsp, Technologies: Web based Application, MS Access2007 The project involved development of a web application. Resume extractor provides the technology to analyze mass volume of data to detect resume in data covered which company have into valuable information. This project is company site's based on recruitment process. Strengths â¢ Able to work in a team â¢ System and Operational Analysis â¢ Good Communication Skills â¢ Active learning and critical thinking â¢ Good interpersonal skills, willing to take challenges and more responsibilities. â¢ Ability to learn new technologies with minimal time period. Education Details 
January 2015  BCS Computer Science  MGM's College
 MCA  Pune, Maharashtra Computer Science fromJSPM College
 HSC  Nanded, Maharashtra Maharashtra state board
 SSC  Nanded, Maharashtra Maharashtra State Board
Software testing 

Software testing
Skill Details 
APACHE- Exprience - 6 months
BLACK BOX- Exprience - 6 months
BLACK BOX TESTING- Exprience - 6 months
FUNCTIONAL TESTING- Exprience - 6 months
INTEGRATION- Exprience - 6 monthsCompany Details 
company - Tech Mahindra
description - Software testing in manual and Automation
company - 
description - software Test engineer","Interviewer: Tell me about your background.
Candidate: Technical Skills Summary I have completed ""CORPORATE TRAINING in Manual and Automation Testing"" at Source-Code Technology, Pune. â Manual and Automa... Yes, I have experience in these areas.
Interviewer: Great."
REAL-1008,"Education Details 
 LLB.   Dibrugarh University
Advocate 


Skill Details 
Legal.- Exprience - Less than 1 year monthsCompany Details 
company - Legal.
description - â¢ Advocate","Interviewer: Tell me about your background.
Candidate: Education Details 
 LLB.   Dibrugarh University
Advocate 


Skill Details 
Legal.- Exprience - Less than 1 year monthsCompany Details 
company ... Yes, I have experience in these areas.
Interviewer: Great."
REAL-1009,"SKILLS: Computer: â¢ Can easily operate in Operating System like Windows 10. â¢ Can work in Ms-Office (Word, Excel, and PowerPoint). â¢ Can easily operate internet & Gym Management Software (website & mobile application).Education Details 
January 2010 Advance Diploma in Hotel Management   J&W Institute of Hotel Management
Gym management & Consultant 

Gym management & Consultant - Sculpt Fitness Centre
Skill Details 
Excel- Exprience - 96 months
PowerPoint- Exprience - 96 months
Word- Exprience - 96 months
Gym Management Software- Exprience - 96 monthsCompany Details 
company - Sculpt Fitness Centre
description - 2015 - Present	Sales, Fitness, Operations
company - AB's Fitness Club
description - Fitness, Sales, Administration, Facility & House-keeping
company - AB's Fitness Club
description - Sales, Fitness, Operations
company - Ultimate Fitness Club
description - 
company - Tripod Fitness Arena
description - Sales, Administration
company - C K Fitness
description - Sales & Fitness Staff Recruitment

KEY ROLES:
â¢ Designing and promoting activities to meet customer demand and generate revenue;
â¢ Advertising and promoting the club or Centre to increase usage, considering market research;
â¢ Recruiting, training and supervising staff, including managing staff rotas;
â¢ Taking Daily/weekly/monthly reporting from Fitness Manager, Sales Team Lead And Housekeeping Head;
â¢ Carrying out health and safety checks on the equipment and site;
â¢ Retaining existing members by providing good quality of service and by providing good sales programs;
â¢ Prioritizing target activities and user groups (especially in local authority Centres);
â¢ Customer Relationship;
â¢ Providing training to the sales staff to Deal with enquiries, complaints and emergencies
â¢ Delivering some fitness training or coaching in sports activities - often a good way of maintaining contact with customers;
â¢ Preparing and checking budgets and generating revenue;
â¢ Cashing-up and keeping stock records of supplements;
â¢ Utilizing Group-X studio by scheduling exciting grouper's batches;
â¢ Writing monthly or weekly reports and preparing cash projections for Centre owners;
â¢ Enhancing profitability by organizing and delivering an appropriate range of fitness activities/programs;
â¢ Keeping statistical and financial records;
â¢ Keeping check on the Maintenance of fitness equipment & other facilities;
â¢ Ensuring compliance with health and safety legislation;
â¢ Maintaining customer service, Fitness & Hospitality standards;
â¢ Planning;
â¢ Undertaking administrative tasks;
â¢ Promoting and marketing the business;
company - Endurance Fitness Club
description - Fitness, Sales, Administration, Facility & House-keeping","Interviewer: Tell me about your background.
Candidate: SKILLS: Computer: â¢ Can easily operate in Operating System like Windows 10. â¢ Can work in Ms-Office (Word, Excel, and PowerPoint). â¢ Can easily ... Yes, I have experience in these areas.
Interviewer: Great."
REAL-1010,"Education Details 

Hadoop Developer 

Hadoop Developer - INFOSYS
Skill Details 
Company Details 
company - INFOSYS
description - Project Description: The banking information had stored the data in different data ware house systems for each department but it becomes difficult for the organization to manage the data and to perform some analytics on the past data, so it is combined them into a single global repository in Hadoop for analysis.

Responsibilities:
â¢       Analyze the banking rates data set.
â¢       Create specification document.
â¢       Provide effort estimation.
â¢       Develop SPARK Scala, SPARK SQL Programs using Eclipse IDE on Windows/Linux environment.
â¢       Create KPI's test scenarios, test cases, test result document.
â¢       Test the Scala programs in Linux Spark Standalone mode.
â¢       setup multi cluster on AWS, deploy the Spark Scala programs
â¢       Provided solution using Hadoop ecosystem - HDFS, MapReduce, Pig, Hive, HBase, and Zookeeper.
â¢       Provided solution using large scale server-side systems with distributed processing algorithms.
â¢       Created reports for the BI team using Sqoop to export data into HDFS and Hive.
â¢       Provided solution in supporting and assisting in troubleshooting and optimization of MapReduce jobs and
Pig Latin scripts.
â¢       Deep understanding of Hadoop design principles, cluster connectivity, security and the factors that affect
system performance.
â¢       Worked on Importing and exporting data from different databases like Oracle, Teradata into HDFS and Hive
using Sqoop, TPT and Connect Direct.
â¢       Import and export the data from RDBMS to HDFS/HBASE
â¢       Wrote script and placed it in client side so that the data moved to HDFS will be stored in temporary file and then it will start loading it in hive tables.
â¢       Developed the Sqoop scripts in order to make the interaction between Pig and MySQL Database.
â¢       Involved in developing the Hive Reports, Partitions of Hive tables.
â¢       Created and maintained technical documentation for launching HADOOP Clusters and for executing HIVE
queries and PIG scripts.
â¢       Involved in running Hadoop jobs for processing millions of records of text data

Environment: Java, Hadoop, HDFS, Map-Reduce, Pig, Hive, Sqoop, Flume, Oozie, HBase, Spark, Scala,
Linux, NoSQL, Storm, Tomcat, Putty, SVN, GitHub, IBM WebSphere v8.5.

Project #1: TELECOMMUNICATIONS
Hadoop Developer

Description To identify customers who are likely to churn and 360-degree view of the customer is created from different heterogeneous data sources. The data is brought into data lake (HDFS) from different sources and analyzed using different Hadoop tools like pig and hive.

Responsibilities:
â¢       Installed and Configured Apache Hadoop tools like Hive, Pig, HBase and Sqoop for application development and unit testing.
â¢       Wrote MapReduce jobs to discover trends in data usage by users.
â¢       Involved in database connection using SQOOP.
â¢       Involved in creating Hive tables, loading data and writing hive queries Using the HiveQL.
â¢       Involved in partitioning and joining Hive tables for Hive query optimization.
â¢       Experienced in SQL DB Migration to HDFS.
â¢       Used NoSQL(HBase) for faster performance, which maintains the data in the De-Normalized way for OLTP.
â¢       The data is collected from distributed sources into Avro models. Applied transformations and standardizations and loaded into HBase for further data processing.
â¢       Experienced in defining job flows.
â¢       Used Oozie to orchestrate the workflow.
â¢       Implemented Fair schedulers on the Job tracker to share the resources of the Cluster for the Map Reduce
jobs given by the users.
â¢       Exported the analyzed data to the relational databases using HIVE for visualization and to generate reports for the BI team.

Environment: Hadoop, Hive, Linux, MapReduce, HDFS, Hive, Python, Pig, Sqoop, Cloudera, Shell Scripting,
Java (JDK 1.6), Java 6, Oracle 10g, PL/SQL, SQL*PLUS","Interviewer: Tell me about your background.
Candidate: Education Details 

Hadoop Developer 

Hadoop Developer - INFOSYS
Skill Details 
Company Details 
company - INFOSYS
description - Project Desc... Yes, I have experience in these areas.
Interviewer: Great."
REAL-1011,"Education Details 
 BBA   lovely professional university
HR 


Skill Details 
Communication- Exprience - 6 monthsCompany Details 
company - 
description - ","Interviewer: Tell me about your background.
Candidate: Education Details 
 BBA   lovely professional university
HR 


Skill Details 
Communication- Exprience - 6 monthsCompany Details 
company - 
d... Yes, I have experience in these areas.
Interviewer: Great."
REAL-1012,"Education Details 
June 2014 to June 2018 BE Mechanical Engineering Pune, Maharashtra Savitribai Phule Pune University
Mechanical Design Engineer 

Mechanical design engineer
Skill Details 
Microsoft office, Autocad, Catia, Solidworks- Exprience - 6 monthsCompany Details 
company - Push Engineering Pvt ltd
description - Currently I am working as mechanical design engineer in Push engineering Pvt ltd. All types of ice making plant are designed and manufactured in our company. Design includes design of pressure vessel ,condenser, conveyor with the help of 3d modelling software. Also BOM Preparation of material.ERP System.
company - Central Water and Power Research Station
description - Pune)
(Govt. of India)

1 year experience as a Research assistant of R&D Department of mechanical workshop at
Central Water and Power Research Station, Khadakwasla, Pune (Govt. of india)
â¢ Experiences different project of generation of sea waves in laboratory useful for design of port and harbor structures of Mumbai, Chennai, Goa and foreign countries like Japan, Bangladesh etc.
â¢ Wave generated by wave maker comes under mechanical workshop. Wave generated with the help of hydraulic as well as pneumatic system and also by regular wave generator.
â¢ I experiences sea wave generation by hydraulic system. Experiences design of hydraulic system
includes design of servo actuator, axial piston pump and electric motor under supervision and guidance by 'Scientist 'B' at CWPRS.

â¢ SOFTWARES SKILLS
â¢ Autocad
â¢ Catia V5
â¢ MS office
â¢ ProE
â¢ EXTRA CURRICULAR ACTIVITY
â¢ Organize a National level Technical event in Mechanical Student Association (MESA)
â¢ Coordinator of MESA as a treasurer.
â¢ Attending 3d printing workshop in college.
â¢ Work readiness training conducted by NASSCOM foundation and Global Talent Track in college.
â¢ Life Skills training conducted by NASSCOM foundation and Global Talent Track in college.

â¢ PERSONAL ATRIBUTES
â¢ Positive Attitude
â¢ Quick Learner
â¢ Team Leader","Interviewer: Tell me about your background.
Candidate: Education Details 
June 2014 to June 2018 BE Mechanical Engineering Pune, Maharashtra Savitribai Phule Pune University
Mechanical Design Engineer 
... Yes, I have experience in these areas.
Interviewer: Great."
REAL-1013,"Computer Skills: â¢ Proficient in MS office (Word, Basic Excel, Power point) Strength: â¢ Hard working, Loyalty & Creativity â¢ Self-motivated, Responsible & Initiative â¢ Good people management skill & positive attitude. â¢ knowledge of windows, Internet.Education Details 
 Bachelor of Electrical Engineering Electrical Engineering Nashik, Maharashtra Guru Gobind Singh College of Engineering and Research Centre
 Diploma Electrical Engineering Nashik, Maharashtra S. M. E. S. Polytechnic College
Testing Engineer 


Skill Details 
EXCEL- Exprience - 6 months
MS OFFICE- Exprience - 6 months
WORD- Exprience - 6 monthsCompany Details 
company - 
description - Department: Testing

Responsibilities: â¢ To check ACB and VCB of  Circuit Breaker.
â¢ Following test conducted of Circuit Breaker as per drawing.
1. To check breaker timing.
2. To check contact resistance using contact resistance meter (CRM) 3. To check breaker insulation resistance (IR) 4. To check breaker rack out and rack in properly or not.
5. To check closing and tripping operation work properly or not.
â¢ To check and following test conducted in MCC & PCC panel.
1. Insulation Resistance (IR) test.
2. Contact Resistance (CRM) test.
3. To check connection on mcc & pcc panel as per drawing.
â¢ To check and following test conducted in transformer.
1.  Insulation Resistance (IR) test.
2.  Transformer Ratio test.
3. Transformer Vector Group test.
4. Magnetic Balance test.
5. Magnetic Current test.
6. To check the transformer tapping remotely as well as manually 7. To check the all alarm and tripping protection command work properly
Or not as per circuit diagram.
 â¢ To check and test conducted in HV cables.
1. Hi-Pot test.
2. Insulation resistance (IR) test.
â¢ To check the LV cables using megger (IR Test) â¢ To check the relay connections as per circuit diagram.
Create the defects list which arising during the testing and try to find the solution to minimize the problem.
company - TRANS POWER SOLUTIONS
description - Lake-Site CO-Op.Soc. Adi Shankaracharya Marg,
Opp. IIT Main Gate, Powai 400076.","Interviewer: Tell me about your background.
Candidate: Computer Skills: â¢ Proficient in MS office (Word, Basic Excel, Power point) Strength: â¢ Hard working, Loyalty & Creativity â¢ Self-motivated, Res... Yes, I have experience in these areas.
Interviewer: Great."
REAL-1014,"TECHNICAL PROFICIENCIES Platform: Ubuntu/Fedora/Cent OS/Windows Database: MySQL Languages: Python, Tensorflow, Numpy, C, C++ Education Details 
January 2016 ME Computer Engineering Pune, Maharashtra Savitribai Phule Pune University
January 2014 B.E Computer Engineering Pune, Maharashtra Savitribai Phule Pune University
January 2010    RYK Science College, Maharashtra state board
January 2008    Maharashtra state board
Python developer 

Python Developer
Skill Details 
C++- Exprience - 6 months
MYSQL- Exprience - 6 months
PYTHON- Exprience - 6 monthsCompany Details 
company - Fresher
description - Python programming","Interviewer: Tell me about your background.
Candidate: TECHNICAL PROFICIENCIES Platform: Ubuntu/Fedora/Cent OS/Windows Database: MySQL Languages: Python, Tensorflow, Numpy, C, C++ Education Details 
Janua... Yes, I have experience in these areas.
Interviewer: Great."
REAL-1015,"COMPUTER KNOWLEDGE â¢ Drafting tools: AutoCAD. â¢ Packages: MS Office Applications â¢ Operating systems: Windows 9x/2000/XP/Vista. DETAILEXPERIENCES Experience in India: 1) Working Experience at ALIA CONSTRUCTION AT NALLASOPARA (WEST) Mumbai since JUNE 2014 to MAY 2015. As a Civil Engineer (1 years) Project handle: Project title: YASHWANT ORICHIDS Position: Site Engineer Location: Nallasopara (W) Mumbai Maharashtra - 400097 IndiaEducation Details 
 S.S.C Rajasthan board  excellence polytechnic college
CIVIL ENGINEER 

CIVIL ENGINEER - Site Encharge
Skill Details 
AutoCAD.- Exprience - 9 months
Civil Engineer- Exprience - 42 months
Drafting- Exprience - 9 months
Engineer- Exprience - 42 months
MS Office- Exprience - 9 monthsCompany Details 
company - Site Encharge
description - Location: Andheri (E) Marol Bus Depot, near Maruti High School, MIDC
Mumbai Maharashtra 400093 India

Experience in UAE:
1) Currently Working at NOVA ENGINEERING WORKS Since MAY 2018 to TILL DATE as a CIVIL ENGINEER.

Location: Flat # 301 A&B Al Maha Building, University City Road,
Muweilah Commercial, Near Alfalah Round About SHARJAH.

Job Responsibilities
Achieving Construction Activities like Excavation, Foundation, PCC, Waterproofing, RCC and Shuttering, steel fixing, casting concrete, masonry for brick works and plastering Tile fixing Etc. Up to completion. Independently following with Design engineers of, Architecture, and Structural Updated drawing for minor changes, as per site requirement needed and Inspection before casting Columns, Slabs. Etc
Looking after construction activities, making requisition and facilitating the arrangement Procurement of construction materials. Executions of civil, interior and exterior ground finish works and Site Supervision.

Job Responsibilities:
â¢ Scheduling of work.
â¢ Preparing & Verification of Sub-Contractors' & Suppliers' bills.
â¢ Working out the Quantities.
â¢ Verify the Quantities from the Client's Engineer.

Computer Skills:

â¢ Drafting tools: AutoCAD.
â¢ Packages: MS Office Applications
â¢ Operating systems: Windows 9x/2000/XP/Vista.

Personal Strength:

â¢ Excellent communication skills.
â¢ Hardworking Sincerity and Honesty
â¢ Individual & team working Capability
â¢ Knowledge of 5M ( Minutes, Manpower, Material, Machine, Management )
â¢ Manage development of program strategies

Thank you for viewing my resume
company - Kherwadi Police Station
description - Mumbai Maharashtra
400051 India

3) Working Experience at OM CONSTRUCTION Since JANUARY 2017 to APRIL 2018 As
A Civil Engineer (1.4 Years)
Project handle:
Project title: 9 RADHA
Position: Senior Engineer
Location: Dadar (E) Hindu Colony Road No 2 Mumbai Maharashtra 400014

Project title: LODHA ETERNIS
company - EXPERT CONSTRUCTION
description - Project handle:
Project title: ESTADO","Interviewer: Tell me about your background.
Candidate: COMPUTER KNOWLEDGE â¢ Drafting tools: AutoCAD. â¢ Packages: MS Office Applications â¢ Operating systems: Windows 9x/2000/XP/Vista. DETAILEXPERIENCE... Yes, I have experience in these areas.
Interviewer: Great."
REAL-1016,"Skills * Programming Languages: Python (pandas, numpy, scipy, scikit-learn, matplotlib), Sql, Java, JavaScript/JQuery. * Machine learning: Regression, SVM, NaÃ¯ve Bayes, KNN, Random Forest, Decision Trees, Boosting techniques, Cluster Analysis, Word Embedding, Sentiment Analysis, Natural Language processing, Dimensionality reduction, Topic Modelling (LDA, NMF), PCA & Neural Nets. * Database Visualizations: Mysql, SqlServer, Cassandra, Hbase, ElasticSearch D3.js, DC.js, Plotly, kibana, matplotlib, ggplot, Tableau. * Others: Regular Expression, HTML, CSS, Angular 6, Logstash, Kafka, Python Flask, Git, Docker, computer vision - Open CV and understanding of Deep learning.Education Details 

Data Science Assurance Associate 

Data Science Assurance Associate - Ernst & Young LLP
Skill Details 
JAVASCRIPT- Exprience - 24 months
jQuery- Exprience - 24 months
Python- Exprience - 24 monthsCompany Details 
company - Ernst & Young LLP
description - Fraud Investigations and Dispute Services   Assurance
TECHNOLOGY ASSISTED REVIEW
TAR (Technology Assisted Review) assists in accelerating the review process and run analytics and generate reports.
* Core member of a team helped in developing automated review platform tool from scratch for assisting E discovery domain, this tool implements predictive coding and topic modelling by automating reviews, resulting in reduced labor costs and time spent during the lawyers review.
* Understand the end to end flow of the solution, doing research and development for classification models, predictive analysis and mining of the information present in text data. Worked on analyzing the outputs and precision monitoring for the entire tool.
* TAR assists in predictive coding, topic modelling from the evidence by following EY standards. Developed the classifier models in order to identify ""red flags"" and fraud-related issues.

Tools & Technologies: Python, scikit-learn, tfidf, word2vec, doc2vec, cosine similarity, NaÃ¯ve Bayes, LDA, NMF for topic modelling, Vader and text blob for sentiment analysis. Matplot lib, Tableau dashboard for reporting.

MULTIPLE DATA SCIENCE AND ANALYTIC PROJECTS (USA CLIENTS)
TEXT ANALYTICS - MOTOR VEHICLE CUSTOMER REVIEW DATA * Received customer feedback survey data for past one year. Performed sentiment (Positive, Negative & Neutral) and time series analysis on customer comments across all 4 categories.
* Created heat map of terms by survey category based on frequency of words * Extracted Positive and Negative words across all the Survey categories and plotted Word cloud.
* Created customized tableau dashboards for effective reporting and visualizations.
CHATBOT * Developed a user friendly chatbot for one of our Products which handle simple questions about hours of operation, reservation options and so on.
* This chat bot serves entire product related questions. Giving overview of tool via QA platform and also give recommendation responses so that user question to build chain of relevant answer.
* This too has intelligence to build the pipeline of questions as per user requirement and asks the relevant /recommended questions.

Tools & Technologies: Python, Natural language processing, NLTK, spacy, topic modelling, Sentiment analysis, Word Embedding, scikit-learn, JavaScript/JQuery, SqlServer

INFORMATION GOVERNANCE
Organizations to make informed decisions about all of the information they store. The integrated Information Governance portfolio synthesizes intelligence across unstructured data sources and facilitates action to ensure organizations are best positioned to counter information risk.
* Scan data from multiple sources of formats and parse different file formats, extract Meta data information, push results for indexing elastic search and created customized, interactive dashboards using kibana.
* Preforming ROT Analysis on the data which give information of data which helps identify content that is either Redundant, Outdated, or Trivial.
* Preforming full-text search analysis on elastic search with predefined methods which can tag as (PII) personally identifiable information (social security numbers, addresses, names, etc.) which frequently targeted during cyber-attacks.
Tools & Technologies: Python, Flask, Elastic Search, Kibana

FRAUD ANALYTIC PLATFORM
Fraud Analytics and investigative platform to review all red flag cases.
â¢ FAP is a Fraud Analytics and investigative platform with inbuilt case manager and suite of Analytics for various ERP systems.
* It can be used by clients to interrogate their Accounting systems for identifying the anomalies which can be indicators of fraud by running advanced analytics
Tools & Technologies: HTML, JavaScript, SqlServer, JQuery, CSS, Bootstrap, Node.js, D3.js, DC.js","Interviewer: Tell me about your background.
Candidate: Skills * Programming Languages: Python (pandas, numpy, scipy, scikit-learn, matplotlib), Sql, Java, JavaScript/JQuery. * Machine learning: Regression,... Yes, I have experience in these areas.
Interviewer: Great."
REAL-1017,"Education Details 
February 2006 to February 2006 TYBCOM Commerce  mumbai
Business Analyst 

Business Analyst
Skill Details 
Company Details 
company - Motilal Oswal
description - Business Analyst
Handling IT Operation for Institutional Equities 
Maintain Daily MIS in Excel for CAG, Research, Derivative, Sales team Preparing Auto Dashboard For Research, Sales, Trading team Working on Excel Macro to Create Innovative Report 
Working on Block Related Data Working on BD Fund from different GEO Working on Investors Corporate Meeting to track Corporate Block & Fund Interest in Sector
company - FSS
description - Project Description:
Maintain and prepare cash indent, cash report, cash position, and cash planning
Responsibilities:

â¢ Maintain Daily MIS in excel.
â¢ Provide complete information about MIS & ATM.
â¢ Maintain and prepare cash indent, cash report, cash position., cash planning
â¢ Co-ordinate with BANK CASH DEPARTMENT.
â¢ Co-ordinate with custodians

.
DEGREE/ COURSE          YEAR of PASSING   GRADE          INSTITUTE                              UNIVERSITY/ BOARD   PERCENTAGE
company - ANGEL BROKING
description - Reporting: Assistant Manager /   SR. Manger
Responsibilities:

â¢ Handling team of 14 Quality assurance team members
â¢ Maintain Daily MIS in excel of team productivity
â¢ Maintain and prepare repots, adding comments on remark
â¢ mailing client  for modification of given number
â¢ Mailing reports to different branches
â¢ Coordinating with RM
â¢ Provide complete information about script to client","Interviewer: Tell me about your background.
Candidate: Education Details 
February 2006 to February 2006 TYBCOM Commerce  mumbai
Business Analyst 

Business Analyst
Skill Details 
Company Details 
c... Yes, I have experience in these areas.
Interviewer: Great."
REAL-1018,"SKILL SET â Talend Big Data â Informatica Power center â Microsoft SQL Server â SQL Platform 6.2.1 Management Studio Workbench â AWS Services â Talend Administration Console â Microsoft Visual â Redshift (TAC) Studio â Athena â Data Warehouse Concept - Star â SQL â S3 Schema, Facts, Dimensions â Data Modeling - â Data Integration Microsoft Access Education Details 
January 2012 to January 2016 BE  Mumbai, Maharashtra University of Mumbai
January 2012 CBSE Technology Kochi, Kerala St. Francis
Talend ETL Developer 

Talend ETL Developer - Tata Consultancy Services
Skill Details 
DATA WAREHOUSE- Exprience - 23 months
DATABASE- Exprience - 20 months
INTEGRATION- Exprience - 20 months
INTEGRATOR- Exprience - 20 months
MS SQL SERVER- Exprience - 20 monthsCompany Details 
company - Tata Consultancy Services
description - Prepared ETL mapping Documents for every mapping and Data Migration document for smooth transfer of project from development to testing environment and then to production environment. Performed Unit testing and System testing to
validate data loads in the target. Troubleshoot long running jobs and fixed the issues.
â¢ Expertise in creating mappings in TALEND using Big Data supporting components such as tJDBCConfiguration, tJDBCInput,
tHDFSConfiguration, tS3configuration, tCacheOut, tCacheIn, tSqlRow and standard components like tFileInputDelimited,
tFileOutputDelimited, tMap, tJoin, tReplicate, tParallelize, tConvertType, tAggregate, tSortRow, tFlowMeter, tLogCatcher,
tRowGenerator, tJava, tJavarow, tAggregateRow, tFilter etc.
â¢ Used ETL methodologies and best practices to create Talend ETL jobs. Followed and enhanced programming and naming
standards. Developed jobs, components and Joblets in Talend. Used tRunJob component to run child job from a parent job and to pass parameters from parent to child job.
â¢ Created and deployed physical objects including custom tables, custom views, stored procedures, and indexes to SQL server for Staging and Data-Warehouse environment. Involved in writing SQL Queries and used Joins to access data from MySQL.
â¢ Created and managed Source to Target mapping documents for all Facts and Dimension tables. Broad design, development and testing experience with Talend Integration Suite and knowledge in Performance Tuning of mappings.
â¢ Extensively used tMap component which does lookup & Joiner Functions. Experienced in writing expressions within tmap as per the business need. Handled insert and update Strategy using tSQLRow.
â¢ Created Implicit, local and global Context variables in the job to run Talend jobs against different environments.
â¢ Worked on Talend Administration Console (TAC) for scheduling jobs and adding users. Experienced in Building a Talend job outside of a Talend studio as well as on TAC server.
â¢ Developed mappings to load Fact and Dimension tables, SCD Type 1 and SCD Type 2 dimensions and Incremental loading and unit tested the mappings.
â¢ Developed Framework Integrated Job which schedules multiple jobs at a time and updates the last successful run time,
success status, sending mail for failed jobs, maintaining the counts in SQL Database. Used tParalleize component and multi
thread execution option to run subjobs in parallel which increases the performance of a job.
â¢ Created Talend jobs to copy the files from one server to another and utilized Talend FTP components. Implemented FTP
operations using Talend Studio to transfer files in between network folders as well as to FTP server using components like tFileList, tS3Put, tFTPut, tFileExist, tFTPConnection etc.
â¢ Extracted data from flat files/ databases applied business logic to load them in the staging database as well as flat files.
â¢ Successfully Loaded Data into different targets from various source systems like SQL Database, DB2, Flatfiles, XML files etc into the Staging table and then to the target database.
company - Tata Consultancy Services
description - Experience in development and design of ETL (Extract, Transform and Loading data) methodology for supporting data
transformations and processing, in a corporate wide ETL Solution using TALEND Big Data Platform.
â¢   Excellent working experience in Agile methodologies.
â¢   Proficiency in gathering and understanding the client requirements and translate business needs into technical
requirements.
â¢   Design and develop end-to-end ETL process from various source systems to Staging area, from staging to Data Warehouse,
soliciting and documenting business, functional and data requirements, context/variable diagrams, use cases and ETL
related diagrams.
â¢   Excellent oral/written communication with ability to effectively work with onsite and remote teams.
â¢   A good team player with excellent problem solving ability and time management skills having profound insight to determine
priorities, schedule work and meet critical deadlines.
company - Tata Consultancy Services
description - Prepared ETL mapping Documents for every mapping and Data Migration document for smooth transfer of project from development to testing environment and then to production environment. Performed Unit testing and System testing to
validate data loads in the target. Troubleshoot long running jobs and fixed the issues.","Interviewer: Tell me about your background.
Candidate: SKILL SET â Talend Big Data â Informatica Power center â Microsoft SQL Server â SQL Platform 6.2.1 Management Studio Workbench â AWS Service... Yes, I have experience in these areas.
Interviewer: Great."
REAL-1019,"Technical Skills â¢ Languages: C#, ASP .NET MVC, HTML, CSS, JavaScript, AngularJs â¢ Primary Skill: Entity Framework. â¢ Tools Used: SQL Server 14, Visual Studio 13. Project Details: 1.Project Name: Transport Management System Role: Dot Net Developer Platform Used: MVC, AngularJs, SQL Server Description: This project is about the Transport Management System. This project is used to keeps all the record of the Vehicle, Customer, Employee. Reduce costs with centralized planning and execution of logistics activities. Vehicle owner can add his vehicle for rent of the specific day into the application from their location. Admin can easily access the data of Vehicle, Customer & Employee. Responsibilities: Used 3-tier architecture for presentation layer, the Business and Data Access Layers and were coded using C# as per user Requirements. Make changes in the project with discussing the group for new requirement. Work on Customer and Vehicle model. 2.Project Name: CRM Role: Dot Net Developer Platform Used: MVC, SQL Server Description: It's kind of CRM Application where a training institute can easily track their student data. where we have different user store or access and utilise to manage this data with application. Any user can easily fill the information of the leads comes in that institute also who joined or Convert that leads as a student in that institute. All information can store or easily manage this application also the good leads or the student who didn't join but their records are store in this application so this application help institute to fetch all the contacts information or those leads or student who didn't join that time. We can later contact to those leads in future. Also with the application we get to know each and every leads or student who joined Responsibilities: Used 3-tier architecture for presentation layer, the Business and Data Access Layers and were coded using C# as per user Requirements. Make changes in the project with discussing the group for new requirement. Work on Enquiry model. Key Strength: â¢ Adaptability. â¢ Hard Worker. â¢ Self Motivated. â¢ Positive Attitude.Education Details 
January 2008 HSC   Maharashtra Board
January 2006 SSC   Maharashtra Board
Dot Net Developer 

Dot Net Developer - Glyphisoft Technology
Skill Details 
ASP- Exprience - 14 months
DOT- Exprience - 14 months
MODEL VIEW CONTROLLER- Exprience - 14 months
MODEL-VIEW-CONTROLLER- Exprience - 14 months
MVC- Exprience - 14 monthsCompany Details 
company - Glyphisoft Technology
description - Having around 1.1+ Years of experience in development in Asp.net MVC
â¢   Currently associated with Glyphisoft Technology Solution as .net Developer.","Interviewer: Tell me about your background.
Candidate: Technical Skills â¢ Languages: C#, ASP .NET MVC, HTML, CSS, JavaScript, AngularJs â¢ Primary Skill: Entity Framework. â¢ Tools Used: SQL Server 14,... Yes, I have experience in these areas.
Interviewer: Great."
REAL-1020,"CORE COMPETENCIES â¢ Maintain processes to ensure project management documentation, reports and plans are relevant, accurate and complete â¢ Report automation, Dashboard preparation and sharing feedbacks basis on performance of Project Manager â¢ Forecasting data regarding future risks, Project changes and updating the delivery team on timely basis â¢ Good understanding of project management lifecycle â¢ Proven excellence in Risk Management and control â¢ Good understanding of Software Development Lifecycle (SDLC) â¢ Ability to synthesize qualitative and quantitative data quickly and draw meaningful insights â¢ Knowledge of Programme/Project Management methodologies with full project reporting and governance â¢ Ability to work with different cross-functional stakeholders to establish and ensure a reliable and productive working relationship â¢ Strong time management and organizational skills â¢ Multitasking skills and ability to meet deadlines COMPUTER SKILLS AND CERTIFICATION â¢ Advance knowledge in MS office 2013 and Macros. SKILLS â¢ Strategic thinking and decision making ability â¢ Sound Analytical skills â¢ Multi-tasking skills in fast paced environment. â¢ Leadership and Inter Personal Skills. â¢ Strong information management ability, particularly MS excel extraction, formulae, pivots and graphs. Education Details 
January 2005 Bachelor of Business Administration Business Administration Pune, Maharashtra Modern College
 HSC  Pune, Maharashtra S.S.P.M.S College
 SSC  Pune, Maharashtra Saints High School
PMO 

Having an exp of 6 years experience in Project Management in IT. Expertise in PMO, Team handling, Quality Analyst. Proficient in Data Analyzing tools and techniques.
Skill Details 
DOCUMENTATION- Exprience - 47 months
GOVERNANCE- Exprience - 19 months
EXCEL- Exprience - 6 months
FORECASTING- Exprience - 6 months
MS EXCEL- Exprience - 6 monthsCompany Details 
company - Capita India Pvt ltd
description - Pune

Key Result Areas
Responsible for successful transition of knowledge, system and operating capabilities for Prudential, Multiclient, Pheonix & Royal London.
 â¢ Travelled Onsite (Glasgow) and being part with UK team to understand the transition PMO work process and execute successfully at Offshore.
â¢ Successfully transitioned Work order Management, Governance and Reporting from UK.
â¢ Lead a team of 6 members and follow up on the development of new Ways of Working & documentation processes.
â¢ Manage internal and external stakeholder engagement, collaboration of teams, and global PMOs network â¢ Helps achieve robust operations with all the resources and infrastructure to execute steady state operations.
company - Saviant Technologies
description - for Multiple Projects 
â¢ Established a PMO from scratch and provided seasoned leadership to the technical operations staff â¢ Defined and implemented work priority management and resource management processes â¢ Established a supportive environment that allowed employees to grow and provide imaginative solutions to complex client need â¢ Track and monitor financial performance of the program. Report financials for actual to budgeted comparison for labor hours and dollars, operating costs and capital costs. Secure funding approvals for changes in scope â¢ Monitor program risks through an on-going process of identifying, assessing, tracking, developing and executing risk mitigation strategies â¢ Reviewed project documentation and document lessons learned and provide recommendations to mitigate them in future projects.
â¢ risk identification, mitigation strategy, issue escalation, client communication, project timeline, and resource management
company - Infosys
description - Pune

Key Result Areas
Responsible for:- â¢ Resource management, Budgeting, Billing.
â¢ Responsible for preparing and sharing different reports with Delivery Managers, Project Managers, Quality team â¢ Automation of reports for entire unit â¢ Interpret data, analyze results using statistical techniques and provide ongoing reports.
â¢ Preparing case diagrams & activity diagrams for various scenarios.
â¢ Collate data, study patterns and Conduct brainstorming sessions to identify outliers.
â¢ Review and approve project documentation.
â¢ Assist in identification of risks in the project and setting up of mitigation plan of the risk by reviewing dashboards and   reports.
â¢ Customer feedback information and analysis.
â¢ Reviews and validate the inputs from Project Mangers regarding Dashboards and PPT's â¢ Supporting TL by training people on process/domain as a part of the growth plan SLA compliance.
company - Capita India Pvt ltd
description - Pune

Key Result Areas
Audits â¢ Reviews and validate the inputs from Managers regarding Dashboards and PPT's â¢ Auditing work done by onshore agents and simultaneously auditing work done for my old team and their reporting part as well.
â¢ Assisting reporting manager in business transformation leadership skills with proven ability to influence and collaborate across all levels of the organization.
â¢ Helping line managers to solve specific audit problems, either on a one-to-one basis or in groups.

Reporting â¢ Preparing weekly / monthly / quarterly / yearly MIS -Variance report, Performance report, Feedback analysis, Task activities report, publish relevant business Dashboards, Projects audit report.","Interviewer: Tell me about your background.
Candidate: CORE COMPETENCIES â¢ Maintain processes to ensure project management documentation, reports and plans are relevant, accurate and complete â¢ Report ... Yes, I have experience in these areas.
Interviewer: Great."
REAL-1021,"Education Details 
August 2018 to January 2021 Entermediate Maths Mumbai, Maharashtra Sunbeam academy , samne ghat , varanasi
Martial arts (fitness job) 


Skill Details 
Company Details 
company - Sports Authority
description - I am 2nd dan black belt in karate (martial arts)
I am in a searching of personal trainer job for fitness.
I won 3 gold medals in national karate championship.
I won 7 gold medals in state karate championship.
3 times best player of the year of uttar pradesh award ..
Represented india and Selected for world karate championship held at Croatia , Europe.
â¢","Interviewer: Tell me about your background.
Candidate: Education Details 
August 2018 to January 2021 Entermediate Maths Mumbai, Maharashtra Sunbeam academy , samne ghat , varanasi
Martial arts (fitness ... Yes, I have experience in these areas.
Interviewer: Great."
REAL-1022,"Education Details 
January 2015 Bachelor of Engineering EXTC Mumbai, Maharashtra Mumbai University
January 2012 Diploma Industrial Electronics Vashi, MAHARASHTRA, IN Fr. Agnel Polytechnic
ETL Developer 

ETL Developer
Skill Details 
informatica- Exprience - 36 monthsCompany Details 
company - Blue Shield of California
description - Duration: (Mar 2016 - Sept 2017)

Description:
Blue Shield of California (BSC) is health plan provider. The intent of this project is to process feeds coming in and going out of BSC system related to eligibility, enrollment, and claims subject areas. All these feeds comes in different formats and are processed using Informatica 9.6.1, Oracle 11g, Facets 5.0 &Tidal.

Technical environment: ETL tool (Informatica power Center 9.6.1), Oracle 11g (SQL, PL-SQL), UNIX, Facets, Tidal, JIRA, Putty.

Role: ETL Developer
Responsibilities: â¢ Responsible for analyzing the business requirement document â¢ Involved in development of Informatica mappings using different transformations like source qualifier, expression, filter, router, joiner, union, aggregator, normalizer, sorter, lookup and its corresponding sessions and workflows.
â¢ Extensively used Informatica Debugger to figure out the problems in mapping and involved in troubleshooting the existing bugs.
â¢ Writing Unix Scripts & SQL's as per the business requirement.
â¢ Impact analysis of change requests & their development.
â¢ Data fabrication using Facets screens as well as SQL statements in membership domain.
â¢ Unit testing & trouble shooting using Informatica debugger, SQL query & preparation of Unit Test Cases.
â¢ Prepare documents for design, unit testing and impact analysis.

Awards & Achievements â¢ Received Kudos Award at Syntel for contribution in error free work, commitment towards learning, client appreciation and outstanding display of Syntel values Received appreciation from Management for outstanding performance in complete tenure.
â¢ Received spot recognition for automation done in project.","Interviewer: Tell me about your background.
Candidate: Education Details 
January 2015 Bachelor of Engineering EXTC Mumbai, Maharashtra Mumbai University
January 2012 Diploma Industrial Electronics Vashi... Yes, I have experience in these areas.
Interviewer: Great."
REAL-1023,"PERSONAL SKILLS â¢ Quick learner, â¢ Eagerness to learn new things, â¢ Competitive attitude, â¢ Good leadership qualities, â¢ Ability to deal with people diplomatically. PERSONAL DOSSIER Fathers Name: Dhanraj WaghEducation Details 
January 2012 to January 2016 Bachelors of Engineering Engineering Pune, Maharashtra Pune University
January 2012 Higher Secondary Certificate  Nashik, Maharashtra SND College of Engineering and Research Center
January 2010 Secondary School Certificate  Yeola, Maharashtra Swami Muktanand Jr. College
 HSC   Maharashtra State Board
 SSC   Maharashtra State Bard
 BE  Rajapur, Uttar Pradesh Madhyamik Vidya Mandir Rajapur
Testing and Quality Control Engineer 

Testing and Quality Control Engineer - M/S Rakesh Transformer Industries Pvt. Ltd
Skill Details 
Company Details 
company - M/S Rakesh Transformer Industries Pvt. Ltd
description - Responsibilities:
â¢     To conduct Routine test, Type Test (Temperature Rise Test), Special Test on Transformers as per IS & IEC up

to - 10 MVA / 33 KV Class & preparing of its test reports.

â¢     Routine tests, Type tests and Special tests as per IS 2026, IS 1180, IS 11171/IEC-60076- test

Manual/inspection plans of Power Transformers, Distribution Transformers, Inverter Duty, Converter Duty,

Motor Duty Transformer, Furnace Transformer, Auto Transformers, Dry Type (VPI & CRT) LT Transformers,

Special Transformers
â¢     Testing Remote Tap Changer Cubicle (RTCC) Panel with OLTC and its operation ( CTR, Esun MR.)

â¢     Functional Testing of Transformer Accessories ( BR, PRV, MOG, WTI, OTI and its Setting)

â¢     In case any failure in testing analyses the root cause and submit the CAPA

â¢     Assist the customer or their representative at the time of inspection.

â¢     In process testing of winding, core assembly and core coil assembly.

â¢     Handling 3rd party and Government Body's Inspection.

â¢     Preparation of Daily Internal Testing Reports and send to concern.

â¢     Support Certification Audits (ISO & BIS)

â¢     Calibration/validation of tools, instruments, Measuring equipment's

â¢     Suggest the client about proper maintenance of transformer
â¢     Doing all documentation and Maintain Records and Analyze the Test Results and Maintain Testing Ledger

â¢     In process Quality Inspection of Winding, Core assembly, Core Coil assembly as per Standard and as per

organizational Norms.

â¢     Pre Dispatch Quality Inspection of Complete Product.

â¢     Implementation of, WHY-WHY analysis.
company - M/S Silverline Electricals Pvt. Ltd
description - Routine tests, Type tests (Temperature Rise Test) and Special tests as per IS 2026, IS 1180/ test

Manual/inspection plans of Distribution Transformer, Power Transformer

â¢     Successfully handled Responsibilities of ERDA's testing.

â¢     On site commissioning of Transformer.

â¢     Assist the customer or their representative at the time of inspection.

â¢     In process testing of winding, core assembly and core coil assembly.

â¢     Successfully handling 3rd party and Government Body's Inspection

â¢     Preparation of Daily Internal Testing Reports and send to concern.

â¢     Suggest the client about proper maintenance of transformer","Interviewer: Tell me about your background.
Candidate: PERSONAL SKILLS â¢ Quick learner, â¢ Eagerness to learn new things, â¢ Competitive attitude, â¢ Good leadership qualities, â¢ Ability to deal wit... Yes, I have experience in these areas.
Interviewer: Great."
REAL-1024,"Computer Skills: â¢ Proficient in MS office (Word, Basic Excel, Power point) Strength: â¢ Hard working, Loyalty & Creativity â¢ Self-motivated, Responsible & Initiative â¢ Good people management skill & positive attitude. â¢ knowledge of windows, Internet.Education Details 
 Bachelor of Electrical Engineering Electrical Engineering Nashik, Maharashtra Guru Gobind Singh College of Engineering and Research Centre
 Diploma Electrical Engineering Nashik, Maharashtra S. M. E. S. Polytechnic College
Testing Engineer 


Skill Details 
EXCEL- Exprience - 6 months
MS OFFICE- Exprience - 6 months
WORD- Exprience - 6 monthsCompany Details 
company - 
description - Department: Testing

Responsibilities: â¢ To check ACB and VCB of  Circuit Breaker.
â¢ Following test conducted of Circuit Breaker as per drawing.
1. To check breaker timing.
2. To check contact resistance using contact resistance meter (CRM) 3. To check breaker insulation resistance (IR) 4. To check breaker rack out and rack in properly or not.
5. To check closing and tripping operation work properly or not.
â¢ To check and following test conducted in MCC & PCC panel.
1. Insulation Resistance (IR) test.
2. Contact Resistance (CRM) test.
3. To check connection on mcc & pcc panel as per drawing.
â¢ To check and following test conducted in transformer.
1.  Insulation Resistance (IR) test.
2.  Transformer Ratio test.
3. Transformer Vector Group test.
4. Magnetic Balance test.
5. Magnetic Current test.
6. To check the transformer tapping remotely as well as manually 7. To check the all alarm and tripping protection command work properly
Or not as per circuit diagram.
 â¢ To check and test conducted in HV cables.
1. Hi-Pot test.
2. Insulation resistance (IR) test.
â¢ To check the LV cables using megger (IR Test) â¢ To check the relay connections as per circuit diagram.
Create the defects list which arising during the testing and try to find the solution to minimize the problem.
company - TRANS POWER SOLUTIONS
description - Lake-Site CO-Op.Soc. Adi Shankaracharya Marg,
Opp. IIT Main Gate, Powai 400076.","Interviewer: Tell me about your background.
Candidate: Computer Skills: â¢ Proficient in MS office (Word, Basic Excel, Power point) Strength: â¢ Hard working, Loyalty & Creativity â¢ Self-motivated, Res... Yes, I have experience in these areas.
Interviewer: Great."
REAL-1025,"Skills â¢ R â¢ Python â¢ SAP HANA â¢ Tableau â¢ SAP HANA SQL â¢ SAP HANA PAL â¢ MS SQL â¢ SAP Lumira â¢ C# â¢ Linear Programming â¢ Data Modelling â¢ Advance Analytics â¢ SCM Analytics â¢ Retail Analytics â¢Social Media Analytics â¢ NLP Education Details 
January 2017 to January 2018 PGDM Business Analytics  Great Lakes Institute of Management & Illinois Institute of Technology
January 2013 Bachelor of Engineering Electronics and Communication Bengaluru, Karnataka New Horizon College of Engineering, Bangalore Visvesvaraya Technological University
Data Science Consultant 

Consultant - Deloitte USI
Skill Details 
LINEAR PROGRAMMING- Exprience - 6 months
RETAIL- Exprience - 6 months
RETAIL MARKETING- Exprience - 6 months
SCM- Exprience - 6 months
SQL- Exprience - Less than 1 year months
Deep Learning- Exprience - Less than 1 year months
Machine learning- Exprience - Less than 1 year months
Python- Exprience - Less than 1 year months
R- Exprience - Less than 1 year monthsCompany Details 
company - Deloitte USI
description - The project involved analysing historic deals and coming with insights to optimize future deals.
Role: Was given raw data, carried out end to end analysis and presented insights to client.
Key Responsibilities:
â¢ Extract data from client systems across geographies.
â¢ Understand and build reports in tableau. Infer meaningful insights to optimize prices and find out process blockades.
Technical Environment: R, Tableau.

Industry: Cross Industry
Service Area: Cross Industry - Products
Project Name: Handwriting recognition
Consultant: 3 months.
The project involved taking handwritten images and converting them to digital text images by object detection and sentence creation.
Role: I was developing sentence correction functionality.
Key Responsibilities:
â¢ Gather data large enough to capture all English words
â¢ Train LSTM models on words.
Technical Environment: Python.

Industry: Finance
Service Area: Financial Services - BI development Project Name: SWIFT
Consultant: 8 months.
The project was to develop an analytics infrastructure on top of SAP S/4, it would user to view
financial reports to respective departments. Reporting also included forecasting expenses.
Role: I was leading the offshore team.
Key Responsibilities:
â¢ Design & Develop data models for reporting.
â¢ Develop ETL for data flow
â¢ Validate various reports.
Technical Environment: SAP HANA, Tableau, SAP AO.

Industry: Healthcare Analytics
Service Area: Life Sciences - Product development Project Name: Clinical Healthcare System
Consultant: 2 months.
The project was to develop an analytics infrastructure on top of Argus, it would allow users to query faster and provide advance analytics capabilities.
Role: I was involved from design to deploy phase, performed a lot of data restructuring and built
models for insights.
Key Responsibilities:
â¢ Design & Develop data models for reporting.
â¢ Develop and deploy analytical models.
â¢ Validate various reports.
Technical Environment: Data Modelling, SAP HANA, Tableau, NLP.

Industry: FMCG
Service Area: Trade & Promotion
Project Name: Consumption Based Planning for Flowers Foods Consultant; 8 months.
The project involved setting up of CRM and CBP modules.
Role: I was involved in key data decomposition activities and setting up the base for future year
forecast. Over the course of the project I developed various models and carried out key
performance improvements.
Key Responsibilities:
â¢ Design & Develop HANA models for decomposition.
â¢ Develop data flow for forecast.
â¢ Developed various views for reporting of Customer/Sales/Funds.
â¢ Validate various reports in BOBJ.
Technical Environment: Data Modelling, SAP HANA, BOBJ, Time Series Forecasting.

Internal Initiative Industry: FMCG
Customer Segmentation and RFM analysis Consultant; 3 months.
The initiative involved setting up of HANA-Python interface and advance analytics on Python. Over the course I had successfully segmented data into five core segments using K-means and carried out RFM analysis in Python. Also developed algorithm to categorize any new customer under the defined buckets.
Technical Environment: Anaconda3, Python3.6, HANA SPS12

Industry: Telecom Invoice state detection Consultant; 1 months.
The initiative was to reduce the manual effort in verifying closed and open invoices manually, it
involved development to a decision tree to classify open/closed invoices. This enabled effort
reduction by 60%.
Technical Environment: R, SAP PAL, SAP HANA SPS12

Accenture Experience
Industry: Analytics - Cross Industry
In Process Analytics for SAP Senior Developer; 19 months.
Accenture Solutions Pvt. Ltd., India
The project involved development of SAP analytics tool - In Process Analytics (IPA) . My role was to develop database objects and data models to provide operational insights to clients.
Role: I have developed various Finance related KPIs and spearheaded various deployments.
Introduced SAP Predictive analytics to reduce development time and reuse functionalities for KPIs and prepared production planning reports.
Key Responsibilities:
â¢ Involved in information gather phase.
â¢ Designed and implemented SAP HANA data modelling using Attribute View, Analytic View, and
Calculation View.
â¢ Developed various KPI's individually using complex SQL scripts in Calculation views.
â¢ Created procedures in HANA Database.
â¢ Took ownership and developed Dashboard functionality.
â¢ Involved in building data processing algorithms to be executed in R server for cluster analysis.
Technical Environment: R, SAP HANA, T-SQL.
Industry: Cross Industry
Accenture Testing Accelerator for SAP Database Developer; 21 months.
Accenture Solutions Pvt. Ltd., India
Role: I have taken care of all development activities for the ATAS tool and have also completed
various deployments of the product.
Apart from these activities I was also actively involved in maintenance of the database servers
(Production & Quality)
Key Responsibilities:
â¢ Analyzing business requirements, understanding the scope, getting requirements clarified
interacting with business and further transform all requirements to generate attribute
mapping documents and reviewing mapping specification documentation
â¢ Create / Update database objects like tables, views, stored procedures, function, and packages
â¢ Monitored SQL Server Error Logs and Application Logs through SQL Server Agent
â¢ Prepared Data Flow Diagrams, Entity Relationship Diagrams using UML
â¢ Responsible for Designing, developing and Normalization of database tables
â¢ Experience in performance tuning using SQL profiler.
â¢ Involved in QA, UAT, knowledge transfer and support activities
Technical Environment: SQL Server 2008/2014, Visual Studio 2010, Windows Server, Performance
Monitor, SQL Server Profiler, C#, PL-SQL, T-SQL.","Interviewer: Tell me about your background.
Candidate: Skills â¢ R â¢ Python â¢ SAP HANA â¢ Tableau â¢ SAP HANA SQL â¢ SAP HANA PAL â¢ MS SQL â¢ SAP Lumira â¢ C# â¢ Linear Programming â¢ Data Mo... Yes, I have experience in these areas.
Interviewer: Great."
REAL-1026,"SKILLS 1. MS-Office 2. Good Communication skills and Convincing Power 3. Knowledge of sales and marketing 4. Customer sales management 5. Talent management 6. Direct sales management STRENGTHS 1. Dedication and dependability 2. Flexibility: able to work in taxing and demanding conditions on reasonably stretchable time slots 3. Team work: able to work cooperatively in a team and lead the team to success Education Details 

Sales manager 


Skill Details 
AND MARKETING- Exprience - 6 months
DIRECT SALES- Exprience - 36 months
MARKETING- Exprience - 6 months
OF SALES- Exprience - 36 months
SALES- Exprience - 36 monthsCompany Details 
company - Bajaj finance
description - 
company - Bajaj finance
description - SBI BANK AS A OFFICE ASSISTENCE FOR 1 YEAR
K G N SHOPE AS A OFFICE ASSISTENCE 6 MONTH
VODAFONE AS A TELLE CALLER 1 YEAR
Bajaj Finserv Ltd AS An Assistant Sales Manager 11 MONTH
Square Capital AS A Sales Manager 5 MONTH
At present working in Bajaj Housing Finance Ltd AS An Assistant Sales Manager","Interviewer: Tell me about your background.
Candidate: SKILLS 1. MS-Office 2. Good Communication skills and Convincing Power 3. Knowledge of sales and marketing 4. Customer sales management 5. Talent manag... Yes, I have experience in these areas.
Interviewer: Great."
REAL-1027,"Skill Sets: â¢ Multi-tasking â¢ Collaborative â¢ Optimistic Thinking â¢ Effective teamleader/team trainer â¢ Visualizing the work which is to be done â¢ Good Grip on Communication â¢ Various Languages Known â¢ Value loyalty and is loyal towards my responsibility â¢ Compatible working with MS officeEducation Details 
January 2017 MBA Marketing & Sales  Amity University
January 2015 Bsc. Hotel Management  P.S.G College of arts and sciences
    Institution/University/Board
Sales Manager 

Sales and Marketing Management
Skill Details 
MS office- Exprience - 4 monthsCompany Details 
company - Cohesive Technologies
description - I am responsible for Managing company's business in Mumbai area,along with branch Manager,I follow up leads given to me by my corporate office, I meet them personally give them the best solutions and product suitable for their business, I even generate leads by myself by calling up the clients through cold call,My job is like an entrepreneur here, which basically involves managing a small business.","Interviewer: Tell me about your background.
Candidate: Skill Sets: â¢ Multi-tasking â¢ Collaborative â¢ Optimistic Thinking â¢ Effective teamleader/team trainer â¢ Visualizing the work which is to be ... Yes, I have experience in these areas.
Interviewer: Great."
REAL-1028,"Technical Skills Summary I have completed ""CORPORATE TRAINING in Manual and Automation Testing"" at Source-Code Technology, Pune. â Manual and Automation Testing â¢ SELENIUM IDE, TestNG, SELENIUM Grid, JENKINS, Apache POI. â¢ Good knowledge in SDLC. â¢ Excellent understanding of White Box Testing and Black Box Testing. â¢ Good knowledge in Functional Testing, Integration Testing and System Testing. â¢ Good Exposure in writing Functional and Integration Scenarios. â¢ Good understanding of writing of test cases including test case design technique. â¢ Good understanding Build and release. â¢ Good knowledge on Ad hoc and smoke testing. â¢ Excellent understanding of usability, reliability and exploratory testing. â¢ Excellent knowledge of Globalization and Compatibility Testing. â¢ Excellent Understand of STLC. â¢ Good knowledge of regression and retesting. â¢ Excellent knowledge on Defect tracking and Defect Life Cycle. â¢ Good Knowledge on Test plan and Traceability Matrix. Internship Project Project Name: Resume Extractor Duration: 6 months Role: Manual And Automation Testing Environment: Jdbc, Servlets, Jsp, Technologies: Web based Application, MS Access2007 The project involved development of a web application. Resume extractor provides the technology to analyze mass volume of data to detect resume in data covered which company have into valuable information. This project is company site's based on recruitment process. Strengths â¢ Able to work in a team â¢ System and Operational Analysis â¢ Good Communication Skills â¢ Active learning and critical thinking â¢ Good interpersonal skills, willing to take challenges and more responsibilities. â¢ Ability to learn new technologies with minimal time period. Education Details 
January 2015  BCS Computer Science  MGM's College
 MCA  Pune, Maharashtra Computer Science fromJSPM College
 HSC  Nanded, Maharashtra Maharashtra state board
 SSC  Nanded, Maharashtra Maharashtra State Board
Software testing 

Software testing
Skill Details 
APACHE- Exprience - 6 months
BLACK BOX- Exprience - 6 months
BLACK BOX TESTING- Exprience - 6 months
FUNCTIONAL TESTING- Exprience - 6 months
INTEGRATION- Exprience - 6 monthsCompany Details 
company - Tech Mahindra
description - Software testing in manual and Automation
company - 
description - software Test engineer","Interviewer: Tell me about your background.
Candidate: Technical Skills Summary I have completed ""CORPORATE TRAINING in Manual and Automation Testing"" at Source-Code Technology, Pune. â Manual and Automa... Yes, I have experience in these areas.
Interviewer: Great."
REAL-1029,"Training in Special Education (Certificate Course) Education Details 
July 2016 to October 2018 M.Sc Psychology with specialization in Organizational Behaviour Malappuram, Kerala Calicut University
July 2013 to March 2016 BSc Psychology Thrissur Prajyoti Niketan College
HR 


Skill Details 
Company Details 
company - 
description - I have done a 30 days internship in the HR department of Foster Hot Breads, KINFRA, Malappuram, Kerala and I have also done a 60 days internship at Santhwana Institute of Counselling and Psychotherapy, Cochin, Kerala as Counsellor","Interviewer: Tell me about your background.
Candidate: Training in Special Education (Certificate Course) Education Details 
July 2016 to October 2018 M.Sc Psychology with specialization in Organizational... Yes, I have experience in these areas.
Interviewer: Great."
REAL-1030,"Education Details 
 BCA   Vinayaka Missions University
Operations Manager 

Operations Manager
Skill Details 
Operations Management- Exprience - Less than 1 year monthsCompany Details 
company - BNY Mellon International Operations (India) Pvt. Ltd
description - Organization: BNY Mellon International Operations (India) Pvt. Ltd.: Sept 2009- till date
BNY Mellon provides a broad range of products and services in the areas of Investment Management, Investment Services and Treasury Services. Our customers are institutions, corporations, and high-net-worth individuals, as well as consultants and advisors who work with them.

Line of Business (LOB): Revenue &Billing Services (R&BS)
Revenue and Billing Services is a Global Center of Excellence that generates invoices and collects fee revenue from Investment Services clients. 218 staff across five locations (Brooklyn, Pittsburgh, Syracuse, Pune, and UK) . Various Businesses supported are Asset Servicing, Corporate Trust, Treasury Services, Broker Dealer Services and Global Collateral Management.
Support U.S., EMEA, and APAC. Regions.

Job Profile: Operations Manager - BNY Mellon International Operations (India) Pvt. Ltd.

Responsible for daily operations of the Billing Department providing services to institutional clients globally. Led a team of professionals responsible for accurate and timely Account setups and Invoice Production on the Billing platforms like Advantage (Fiserv.) & FiRRe (SunGard) . Tasked with improving service, quality and reducing the overall unbilled revenue.
Provide guidance to staff in their professional development plans by facilitating appropriate coaching and feedback.
Other responsibilities include but not limited to audit, business resumption planning, evaluating emerging technologies, fee contract reviews and negotiations with vendors, human resources, hiring, performance management, employee personal development, rewards &recognition programs, and defining the strategic direction of the business unit.

Operations / Service Delivery Management
â¢ Monitor Client KYC's and Compliance monitoring for Institutional clients.
â¢ Manage support and train the team in the drafting and reviewing of standard operating procedures to ensure compliance with US and Global regulations for Billing.
â¢ Assist clients with contract reviews and negotiations.
â¢ Monitor, analyze and draft metrics reports on a weekly/monthly basis to track progress of compliance efforts to senior management.
â¢ Coordinate with internal stake holders and draft responses to escalated enquiries and client requests.
â¢ Participate in the Risk and Control Self Assessments (RCSA) concurrence meetings for the LOB.
â¢ Form the first Line of Defense as Operations and take accountability for any Operational Risk Events (ORE's)
â¢ Perform root cause analysis of issues and document them accordingly for incident reporting.
â¢ Ensure service delivery standards are always met. (Green- SLA/TAT)
â¢ Monitor employee productivity/efficiency and performance management.
â¢ Initiate the goal setting exercise for the operations team in the LOB.
â¢  Provide direction to employees according to established policies and management guidance.
â¢ Consistently meet the onshore and offshore stake holders to provide real time updates.
â¢ Organize meetings with functional peer groups to discuss monthly MIS.
â¢ Actively involved in hiring and resource management for all levels within the department.
â¢ Oversee the Employee Assistance Program (EAP) for the underperforming employees.
â¢ End to end Performance management of staff during semiannual and annual appraisals.
â¢ Established Training and Development as one of the top priority goal for the department and secured senior management funding.
â¢ Cut new-hire to on- the- job competency from three months to two, by introducing e-learning modules and Brainshark presentations.
â¢ Encourage the team to understand and communicate the company vision and competitive strategy for driving business. (PLAN TO WIN &PLAY TO WIN)
â¢ Initiate quarterly Risk and control self-assessments (RCSA) concurrence reviews with all the process stake holders.

Project Management/Transitions Management -PMO
Worked as a project manager in BNY Mellon PMO to manage the Transitions of Billing Operations.

The responsibilities included but were not limited to:

â¢ Understanding expectations, technology, documentation, assessing capacity & skillset
â¢ Executing transition plan (process timelines, SLAs, Escalation Matrix etc.)
â¢ Ensuring smooth go live and regular review meetings post transition.
â¢ Conducted analysis on projects to determine ROI and viability of project undertaking before presenting it to the Senior Operations Directors.
â¢ Conceptualized and implemented strategy for capturing Project and Program metrics and funneling that information to easy-to understand dashboards.
â¢ Direct Management oversight for a team of 11 employees, 8 of which were direct reports.
â¢ Work directly with the Information Technology Architecture team to identify strategic project breakdowns within the program.
â¢ Ensure complete adherence to project management and Toll gate framework.
â¢ Ensure users of the Operations team get the required application accesses.
â¢ Determined lessons learned through post-project reviews and integrated findings into program plan.

Talent Management (team & function)
â¢ Re-structured Organization design to differentiate roles, develop career paths, easy work rotation
â¢ Performed skill-gap analysis to identify Training and Development opportunities. Ensured participation and also tracked effectiveness of Training Programs
â¢ Developed and implemented Function-wide Rewards and Recognitions (R&R) programs.

Previous Job Profiles in BNY MELLON during overall tenure: Assistant Manager and Team Leader

Line of Business (LOB): Global Corporate Trust Billing (Enterprise Billing Unit) ; Alternate Investment Services (AIS), Broker Dealer Services (BDS) &Sub Custodian Fee Billing.

The Trustee services that are provided e.g. Admin Services, Paying agent services, Registrar by BNY Mellon to the Corporate Trust Clients are being billed and Invoiced for generating revenue.

Worked in the capacity of Assistant Manager and Team Leader during the overall tenure managing multiple teams for different sub functions within billing department.

Other responsibilities included:

â¢ Assign the Daily work to the team from the respective Mailboxes.
â¢ Ensure equal distribution of all sub activities among the team depending on the volumes and ensure timely completion.
â¢ Monitor the log spreadsheets for all the activities and sub activities which are saved in designated Shared Drive.
â¢ Quality Check of the Transactions processed.
â¢ Work on Efficiency projects.
â¢ Monitor the Onshore and RM emails and respond within the same day after getting them actioned.
â¢ Attend the Daily Handoff call to discuss processed work and updates with onshore counterparts.
â¢ Work on Efficiency /six sigma/Quality projects.
â¢ Conduct monthly one on ones with the team members and schedule team meetings.
â¢ Mentoring the new and old hires in the team, discuss process updates regularly.
â¢ Managing Performance appraisals of employees in the team.
â¢ To be actively involved in the hiring process.
â¢ Participate in Internal and External audits.
â¢ Attend concurrence meetings for Risk and Control self-assessment (RCSA)

WORK EXPERIENCE
company - Wipro Technologies
description - CLIENT: Microsoft

Wipro Ltd. is an Indian Information Technology services corporation; it's a leading global information technology, consulting and business process services company.

Job Profile: Worked as an ""Application Support Engineer Tier II''

â¢ Provided Technical support to Siebel CRM users across the globe from Microsoft Corp.
â¢ Communicated with the users to obtain an understanding of their environment and challenges to troubleshoot the issue and provide solutions.
â¢  Utilized existing structure to translate ticket categories & group names to the system structure.
â¢ Identified and escalated issues to the TierIII production support teams as required to ensure they were addressed and resolved.
â¢ Ensured all Siebel CRM user sites were up and running by utilizing proactive monitoring tools, which increased customer up time to 95%.
â¢ Trained new engineers in providing proactive support to users.
â¢ Compiled data and department metrics into reports for Management examination of processes. (MIS Reporting)
â¢ Coordinated development team with business users for system deployment and modifications.
â¢ Actively participated in the STB&QTP testing's during the application version releases.
â¢ Perform periodic Application health checks.
â¢ Tested, implemented, and supported database replication including SQL Server Replication types in an editing environment.
â¢ Perform Role flip of servers at the backend to reduce application downtime.
â¢ Maintained a consistent ETA of 85% month on month for help desk tickets within a 24-48 hour time span.
â¢ Ensured the Knowledge base article's repository is updated regularly, to enable the new Engineers to go through them for troubleshooting issues.

WORK EXPERIENCE
company - Dell Global Financial Services
description - for  Dell  Computer  Corporation, Aug 29th' 2005 till  Feb '2007.

DELL Inc. is one of the world's leading computer systems company. Dell designs, builds and customizes products and services to satisfy a range of customer requirements from the server storage and professional services needs of the largest global corporations, to those of customers at home across 85 countries of the world. Dell does business directly with the customers to meet unique needs.
Job Profile: Worked as an ""Account Receivables Senior Associate"" for DELL Inc.
â¢ Handling a portfolio of about 500 U.S corporate customers.
â¢ Handling a team of 8 senior credit controllers.
â¢ Walking the floor (Coaching and guiding the controllers)
â¢ Minimizing credit losses by managing the team to collect delinquent accounts.
â¢ Handling Escalations (through Emails and over the phone)
â¢ Identify late stage delinquent accounts and resolve with appropriate verbal and written correspondence or notices.
â¢ Performing Ledger/ Accounts review
â¢ Discussing Interim and Annual Appraisals with the team members and to ensure their closure in the stipulated time.
â¢ Research and resolve problem transactions identified on a daily basis Maintain records concerning changes in accounts as a result of negotiations on the collection of customer's outstanding accounts, refunds, tax credits, etc.
â¢ Release Orders with Credit Task Codes from Assigned Queues.
â¢ Intervening & communicating with Supporting Departments such as Sales, Order Processing etc. when there is delayed/no response from the same.
â¢ Mentor New hires and assists team members in improving performance as required.
â¢ Setting up and Leading the conference calls with customers and other internal departments to discuss the issues on the accounts and deriving measures to resolve them.
â¢ Taking team hurdles and driving team results. Attending weekly and monthly review calls with the Management to discuss process related issues and ways to improvise them.
â¢ Work through real time cases made up of potential order errors or situations where specific customer requirements are not met.
â¢ Makes decisions on how to resolve issues in most expeditious manner.
â¢ Makes recommendations on ""Business Rules"" additions designed to capture commonly occurring order errors.
â¢ To keep the motivation level high among the team members by organizing Fun at work activities. Also have been nominated as the HR and Transport SPOC for the COE.

WORK EXPERIENCE
GE CAPITAL INTERNATIONAL SERVICES. (GECIS)
GE Capital is the financial services unit of the American multinational conglomerate General Electric. It provides commercial lending and leasing, as well as a range of financial services for commercial aviation, energy and support for GE's Industrial business units.
company - 
description - Made outbound calls and sent emails informing Institutional clients about their delinquent payments as per Standard operating procedures.
â¢ Developed One Point Lessons for key customers and shared with the team
â¢ Maintained 95%+ accuracy rate throughout the year.
â¢ To generate a daily report on the team's performance, this included ways and means of improvement in COE revenue.
â¢ Had gained credibility among the team members and first level of escalation for any issues in the absence of the manager. Been single point of contact (SPOC) for any HR issues in team.","Interviewer: Tell me about your background.
Candidate: Education Details 
 BCA   Vinayaka Missions University
Operations Manager 

Operations Manager
Skill Details 
Operations Management- Exprience -... Yes, I have experience in these areas.
Interviewer: Great."
REAL-1031,"Education Details 
January 2017    Rachana Sansad School of Interior Deign
January 2013    Holy Family High School
 Master of Commerce Marketing Mumbai, Maharashtra University of Mumbai
Drawing & Arts & Craft Teacher 

Drawing & Arts & Craft Teacher - Ghatkopar YMCA
Skill Details 
Company Details 
company - Ghatkopar YMCA
description - for 3 Years.
â Worked in Jungle Cubs Gym as a Co-ordinator for 1 Year.","Interviewer: Tell me about your background.
Candidate: Education Details 
January 2017    Rachana Sansad School of Interior Deign
January 2013    Holy Family High School
 Master of Commerce Marketing Mu... Yes, I have experience in these areas.
Interviewer: Great."
REAL-1032,"CORE COMPETENCIES ~ Ant ~ Maven ~ GIT ~ Bitbucket ~ Jenkins ~ Linux ~ Ansible ~ Shell Scripting ~Requirement Gathering ~Continuous Integration and Continuous Deployment ~ Software Development Life Cycle ~ Software Testing Life Cycle ~ Documentation & Reporting ~ Test Reports IT SKILLS â¢ Primary Skills: Dev-ops methodologies â¢ Programming Languages: C, Core Java â¢ Version Controls: GIT, Bitbucket â¢ Build Tools: ANT, Maven â¢ CI/CD Tools: Jenkins â¢ Configuration management: Ansible â¢ Scripting: Shell Script â¢ Application Servers: Apache Tomcat serverEducation Details 
June 2015 to June 2017 Masters of science information technology Hyderabad, Telangana JNTU
Devops Engineer 

Devops Engineer - Nendrasys Technologies Pvt Ltd
Skill Details 
DEPLOYMENT- Exprience - 27 months
Git- Exprience - 27 months
DOCUMENTATION- Exprience - 26 months
CHANGE MANAGEMENT- Exprience - 10 months
CONFIGURATION MANAGEMENT- Exprience - 10 monthsCompany Details 
company - Nendrasys Technologies Pvt Ltd
description - Date

Project Description:
The Scope of the project is to design & develop e-commerce product features for sloan project. It's a basically B2B project where customer can buy all fixers, sinks related product. It focuses on the company, the stakeholders and applications, which allow for online sales, distribution and marketing of product.

Responsibilities:
o Detailed technical Knowledge and hands-on experience on DevOps, Automation, Build Engineering and Configura -
tion Management.
o Creating fully automated CI build and deployment infrastructure and processes for multiple projects.
o Developing scripts for build, deployment, maintenance and related tasks using Jenkins.
o Installing, configuring and maintaining Continuous Integration, Automation and Configuration Management tools.
o Developing Ant, Maven and Shell scripts to automatically compile, package, deploy WAR, EAR and JAR files of mul- tiple applications to various platforms.
o Creating Repositories, branches, managing the permissions of users and maintaining GIT, Bitbucket
o Deploying and maintaining the code and application respectively and configuring the components which increase the re-usability.
o Working closely with Architecture, Development, Test, Security and IT Services teams.
o Supporting Business Analysts in getting used to the newly created jobs and Release activities.
o Communicating daily with On-Site Team
o Analyzing the requirements and identifying gaps & tracking logs, issues.

PROJECT 2

Nendrasys Technologies Pvt Ltd.,
Project Name: Bangkok Bank Limited (BBL) Thaitrade (Commercial, E-commerce & Payment portal)
company - Nendrasys Technologies Pvt Ltd
description - Role: Devops Engineer
â¢ Devops Engineer for a team that involved different development teams and multiple simultaneous software re- leases
â¢ Participated in weekly release meetings with different teams to identify and mitigate potential risks associated with the releases.
â¢ Responsible for Creating Repositories, branches, managing the permissions of users and maintaining GIT.
â¢ Creating fully automated CI build and deployment infrastructure and processes for multiple projects.
â¢ Analyze and resolve conflicts related to merging of source code for GIT
â¢ Responsible for creating Ant and Maven scripts for build automation.
â¢ Implemented the setup for Master slave architecture to improve the Performance of Jenkins.
â¢ Handled end-to-end deployments and code propagation's across different environments, DEV to PROD.
â¢ Handled the tasks of developing and maintaining the Change Tasks.
â¢ Closely working with Developers, QA, Performance, UAT testers, IT Team.
â¢ Created and maintained documentation of build and release processes and application configuration
â¢ Coordinated with developers, Business Analyst and Mangers to make sure that code is deployed in the Production
environment.

PROJECT 1
Nendrasys Technologies Pvt Ltd.,
Project Name: Sloan Global Holdings (Sloan) (E-commerce)
company - Nendrasys Technologies Pvt Ltd
description - Project Description:
BBL is development of an e-commerce payment portal System. As such BBL require a system which can support multiple
merchants B2B/B2C e-commerce portal with various payment options via both online and offline. To achieve this BBL had
made an agreement with Thai Trade, Thai Trade is one of the leading e-commerce website recognized by Thai
government. In present Thai trade has a good base of users and sellers in several categories .The scope of the project is to design and develop e-commerce product features for BBLWTP project. It focuses on the company, the stakeholders and
applications, which allow for online sales, distribution and marketing of electronics.

Responsibilities:
o Plan and track activities involved for build and deployment.
o Resolving build issues
o Developing scripts for build, deployment, maintenance and related tasks using Jenkins.
o Collaboration with Development, QA, Product managements on build plans & schedules
o Send daily and weekly reports to the team.
o Involved in creating repositories, branches, merging activities, backup and restore activities in subversion
servers.
o Maintenance of Maven, shell scripts for safe builds and deploys.","Interviewer: Tell me about your background.
Candidate: CORE COMPETENCIES ~ Ant ~ Maven ~ GIT ~ Bitbucket ~ Jenkins ~ Linux ~ Ansible ~ Shell Scripting ~Requirement Gathering ~Continuous Integration and Con... Yes, I have experience in these areas.
Interviewer: Great."
REAL-1033,"Technical Skills Web Technologies: Angular JS, HTML5, CSS3, SASS, Bootstrap, Jquery, Javascript. Software: Brackets, Visual Studio, Photoshop, Visual Studio Code Education Details 
January 2015 B.E CSE Nagpur, Maharashtra G.H.Raisoni College of Engineering
October 2009  Photography Competition Click Nagpur, Maharashtra Maharashtra State Board
    College Magazine OCEAN
Web Designer 

Web Designer - Trust Systems and Software
Skill Details 
PHOTOSHOP- Exprience - 28 months
BOOTSTRAP- Exprience - 6 months
HTML5- Exprience - 6 months
JAVASCRIPT- Exprience - 6 months
CSS3- Exprience - Less than 1 year months
Angular 4- Exprience - Less than 1 year monthsCompany Details 
company - Trust Systems and Software
description - Projects worked on:
1. TrustBank-CBS
Project Description: TrustBank-CBS is a core banking solution by Trust Systems.
Roles and Responsibility:
â Renovated complete UI to make it more modern, user-friendly, maintainable and optimised for bank use.
â Shared the UI structure and guidelines to be incorporated, with development team of around 50
members.
â Achieved the target of project completion in given time frame.
â Made required graphics for the project in photoshop

2. Loan Bazar (Loan Appraisal)
Project Description: Loan Bazar is a MVC-based application dedicated to creating and managing
loan applications. The goal of this application is to streamline the process of loan application and integrate with existing CBS.
Roles and Responsibility
â Designed and developed modern and responsive UI of entire application and achieved the target in given time frame.
â Made required graphics for the project in photoshop
3. Capital Security Bond Application
Project Description: Capital Security Bond Application is a MVC based application which provided an online platform to purchase gold bond
Roles and Responsibility:
â Designed and developed modern and responsive UI of entire application and achieved the target in given time frame.
â Made required graphics for the project in photoshop

4. SoftGST
Project Description: SoftGST (Web Based Application) is an ASP application to every tax
payers and its vendors for generating the GSTR returns on the basis of sales / purchase
data, additionally the application can do the reconciliation of GSTR 2 A with purchase register.
Roles and Responsibility:
â Designed and developed the UI of Dashboard.

5. Trust Analytica:
Project Description: Trust Analytika is the mobile web app that shows bank asset, liability,
income, expenses.
Roles and Responsibility:
â Designed and developed the landing page of the application.
â Supported the developers in UI implementation

6. Website's:
Project Name:
1. TSR Technology Services - http://tsrtechnologyservices.com
2. Vidarbha Merchants Urban Co-Op Bank - http://vmcbank.com
3. GISSS - http://gisss.co.in
4. Softtrust USA - http://softtrustusa.com
Roles and Responsibility
â Communicated with clients to understand their requirement
â Made mocks for the website
â Designed and developed complete website and hosted them in stipulated time.
company - www.jalloshband.com
description - Project Name:
1. Jallosh Band - www.jalloshband.com
2. An Endeavor Foundation
Roles and Responsibility:
â Communicated with clients to understand their requirement
â Made mocks for the website
â Designed and developed complete website and hosted them in stipulated time.
company - 10MagicalFingers
description - National and international client interaction.
â Management of digital data","Interviewer: Tell me about your background.
Candidate: Technical Skills Web Technologies: Angular JS, HTML5, CSS3, SASS, Bootstrap, Jquery, Javascript. Software: Brackets, Visual Studio, Photoshop, Visual ... Yes, I have experience in these areas.
Interviewer: Great."
REAL-1034,"Education Details 
July 2016 to May 2019 BE Electrical And Electronics Engineering Bhopal, Madhya Pradesh RGPV
July 2012 to May 2015 Diploma in Electrical Electrical Engineering Bhopal, Madhya Pradesh Rgpv university Bhopal
 Matric   GHS BHULI
Electrical Engineering 


Skill Details 
Basic Computer, Electrical Machine, Electrical wiring, Solar power Plant, Distribution Substation- Exprience - Less than 1 year monthsCompany Details 
company - Enigma Business Advisor
description - Solar Energy 
1. Solar power plant Installation
2. Maintenance 

Transmission and Distribution Line 
1.  Installation","Interviewer: Tell me about your background.
Candidate: Education Details 
July 2016 to May 2019 BE Electrical And Electronics Engineering Bhopal, Madhya Pradesh RGPV
July 2012 to May 2015 Diploma in Elec... Yes, I have experience in these areas.
Interviewer: Great."
REAL-1035,"COMPUTER SKILLS & SOFTWARE KNOWLEDGE MS-Power Point, MS - Office, C, Protius (PCB Design), Multisim, Micro wind, Matlab, Keil, Latex, Basic I nternet Fundamentals, Software and Hardware Knowledge PROJECT DETAILS Diploma Project: Speed Control of DC Motor Using Heart Beats. Mini Project: Water Gardening System Using Solar Panel. Final Year BE Project: Iris Recognition system.Education Details 
January 2016 BE EDUCATION Pune, Maharashtra PUNE University
January 2010 SSC   Maharashtra Board
Quality Engineer 

Quality Engineer - Matrix Technologies
Skill Details 
MATLAB- Exprience - 6 months
PCB- Exprience - 6 months
PCB DESIGN- Exprience - 6 monthsCompany Details 
company - Matrix Technologies
description - 
company - RB Electronics
description - ","Interviewer: Tell me about your background.
Candidate: COMPUTER SKILLS & SOFTWARE KNOWLEDGE MS-Power Point, MS - Office, C, Protius (PCB Design), Multisim, Micro wind, Matlab, Keil, Latex, Basic I nternet ... Yes, I have experience in these areas.
Interviewer: Great."
REAL-1036,"TECHNICAL SKILLS â¢ SQL â¢ Oracle v10, v11, v12 â¢ R programming, Python, linear regression, machine learning and statistical modelling techniques(obtained certification through Edvancer Eduventures training institute) KEY SKILLS â¢ Multitasking, working to meet client SLA in high pressure scenarios, handling sensitive clients along with improved skills at being a team player. â¢ Excellent communication skills and quick learner. â¢ Leadership qualities, team networking and courage to take up the problems proactively.Education Details 
June 2012    Sadvidya Pre-University College
Application Database Administrator-DBMS (Oracle) 

Application Database Administrator-DBMS (Oracle) - IBM India Pvt Ltd
Skill Details 
CLIENTS- Exprience - 30 months
MACHINE LEARNING- Exprience - 30 months
ORACLE- Exprience - 30 months
SQL- Exprience - 30 months
EXCELLENT COMMUNICATION SKILLS- Exprience - 6 monthsCompany Details 
company - IBM India Pvt Ltd
description - Client: Blue Cross Blue Shield MA: Massachusetts Health Insurance
â¢   Used Oracle SQL to store and organize data. This includes capacity planning, installation, configuration, database
design, migration, security, troubleshooting, backup and data recovery.
â¢   Worked with client databases installed on Oracle v10, v11, v12 on a Linux platform.

â¢   Proficient communication with clients across locations facilitating data elicitation.

â¢   Handling numerous business requests and solving them diligently within the given time frame and responding quickly and effectively to production issues within SLA.

â¢   Leading a team in co ordination with business to conduct weekly checkouts of the database servers and systems

IBM Certifications
Statistics 101, Applied Data Science with R, Big Data Foundations, Data Science Foundations

Business Analytics Certification (Pune)
Worked on Retail and Banking projects, to design a predictive business model using machine learning techniques in
R programming for an efficient business and marketing strategy.","Interviewer: Tell me about your background.
Candidate: TECHNICAL SKILLS â¢ SQL â¢ Oracle v10, v11, v12 â¢ R programming, Python, linear regression, machine learning and statistical modelling techniques(... Yes, I have experience in these areas.
Interviewer: Great."
REAL-1037,"Training in Special Education (Certificate Course) Education Details 
July 2016 to October 2018 M.Sc Psychology with specialization in Organizational Behaviour Malappuram, Kerala Calicut University
July 2013 to March 2016 BSc Psychology Thrissur Prajyoti Niketan College
HR 


Skill Details 
Company Details 
company - 
description - I have done a 30 days internship in the HR department of Foster Hot Breads, KINFRA, Malappuram, Kerala and I have also done a 60 days internship at Santhwana Institute of Counselling and Psychotherapy, Cochin, Kerala as Counsellor","Interviewer: Tell me about your background.
Candidate: Training in Special Education (Certificate Course) Education Details 
July 2016 to October 2018 M.Sc Psychology with specialization in Organizational... Yes, I have experience in these areas.
Interviewer: Great."
REAL-1038,"Education Details 
January 2016 B.Sc. Information Technology Mumbai, Maharashtra University of Mumbai
January 2012 HSC  Allahabad, Uttar Pradesh Allahabad university
January 2010 SSC dot Net Allahabad, Uttar Pradesh Allahabad university
Web designer and Developer Trainer 

Web designer and Developer
Skill Details 
Web design- Exprience - 12 months
Php- Exprience - 12 monthsCompany Details 
company - NetTech India
description - Working. ( salary - 12k)
PERSONAL INTEREST

Listening to Music, Surfing net, Watching Movie, Playing Cricket.
company - EPI Center Academy
description - Working.  ( Salary Contract based)
company - Aptech Charni Road
description - Salary Contract based)","Interviewer: Tell me about your background.
Candidate: Education Details 
January 2016 B.Sc. Information Technology Mumbai, Maharashtra University of Mumbai
January 2012 HSC  Allahabad, Uttar Pradesh All... Yes, I have experience in these areas.
Interviewer: Great."
REAL-1039,"CORE COMPETENCIES ~ Ant ~ Maven ~ GIT ~ Bitbucket ~ Jenkins ~ Linux ~ Ansible ~ Shell Scripting ~Requirement Gathering ~Continuous Integration and Continuous Deployment ~ Software Development Life Cycle ~ Software Testing Life Cycle ~ Documentation & Reporting ~ Test Reports IT SKILLS â¢ Primary Skills: Dev-ops methodologies â¢ Programming Languages: C, Core Java â¢ Version Controls: GIT, Bitbucket â¢ Build Tools: ANT, Maven â¢ CI/CD Tools: Jenkins â¢ Configuration management: Ansible â¢ Scripting: Shell Script â¢ Application Servers: Apache Tomcat serverEducation Details 
June 2015 to June 2017 Masters of science information technology Hyderabad, Telangana JNTU
Devops Engineer 

Devops Engineer - Nendrasys Technologies Pvt Ltd
Skill Details 
DEPLOYMENT- Exprience - 27 months
Git- Exprience - 27 months
DOCUMENTATION- Exprience - 26 months
CHANGE MANAGEMENT- Exprience - 10 months
CONFIGURATION MANAGEMENT- Exprience - 10 monthsCompany Details 
company - Nendrasys Technologies Pvt Ltd
description - Date

Project Description:
The Scope of the project is to design & develop e-commerce product features for sloan project. It's a basically B2B project where customer can buy all fixers, sinks related product. It focuses on the company, the stakeholders and applications, which allow for online sales, distribution and marketing of product.

Responsibilities:
o Detailed technical Knowledge and hands-on experience on DevOps, Automation, Build Engineering and Configura -
tion Management.
o Creating fully automated CI build and deployment infrastructure and processes for multiple projects.
o Developing scripts for build, deployment, maintenance and related tasks using Jenkins.
o Installing, configuring and maintaining Continuous Integration, Automation and Configuration Management tools.
o Developing Ant, Maven and Shell scripts to automatically compile, package, deploy WAR, EAR and JAR files of mul- tiple applications to various platforms.
o Creating Repositories, branches, managing the permissions of users and maintaining GIT, Bitbucket
o Deploying and maintaining the code and application respectively and configuring the components which increase the re-usability.
o Working closely with Architecture, Development, Test, Security and IT Services teams.
o Supporting Business Analysts in getting used to the newly created jobs and Release activities.
o Communicating daily with On-Site Team
o Analyzing the requirements and identifying gaps & tracking logs, issues.

PROJECT 2

Nendrasys Technologies Pvt Ltd.,
Project Name: Bangkok Bank Limited (BBL) Thaitrade (Commercial, E-commerce & Payment portal)
company - Nendrasys Technologies Pvt Ltd
description - Role: Devops Engineer
â¢ Devops Engineer for a team that involved different development teams and multiple simultaneous software re- leases
â¢ Participated in weekly release meetings with different teams to identify and mitigate potential risks associated with the releases.
â¢ Responsible for Creating Repositories, branches, managing the permissions of users and maintaining GIT.
â¢ Creating fully automated CI build and deployment infrastructure and processes for multiple projects.
â¢ Analyze and resolve conflicts related to merging of source code for GIT
â¢ Responsible for creating Ant and Maven scripts for build automation.
â¢ Implemented the setup for Master slave architecture to improve the Performance of Jenkins.
â¢ Handled end-to-end deployments and code propagation's across different environments, DEV to PROD.
â¢ Handled the tasks of developing and maintaining the Change Tasks.
â¢ Closely working with Developers, QA, Performance, UAT testers, IT Team.
â¢ Created and maintained documentation of build and release processes and application configuration
â¢ Coordinated with developers, Business Analyst and Mangers to make sure that code is deployed in the Production
environment.

PROJECT 1
Nendrasys Technologies Pvt Ltd.,
Project Name: Sloan Global Holdings (Sloan) (E-commerce)
company - Nendrasys Technologies Pvt Ltd
description - Project Description:
BBL is development of an e-commerce payment portal System. As such BBL require a system which can support multiple
merchants B2B/B2C e-commerce portal with various payment options via both online and offline. To achieve this BBL had
made an agreement with Thai Trade, Thai Trade is one of the leading e-commerce website recognized by Thai
government. In present Thai trade has a good base of users and sellers in several categories .The scope of the project is to design and develop e-commerce product features for BBLWTP project. It focuses on the company, the stakeholders and
applications, which allow for online sales, distribution and marketing of electronics.

Responsibilities:
o Plan and track activities involved for build and deployment.
o Resolving build issues
o Developing scripts for build, deployment, maintenance and related tasks using Jenkins.
o Collaboration with Development, QA, Product managements on build plans & schedules
o Send daily and weekly reports to the team.
o Involved in creating repositories, branches, merging activities, backup and restore activities in subversion
servers.
o Maintenance of Maven, shell scripts for safe builds and deploys.","Interviewer: Tell me about your background.
Candidate: CORE COMPETENCIES ~ Ant ~ Maven ~ GIT ~ Bitbucket ~ Jenkins ~ Linux ~ Ansible ~ Shell Scripting ~Requirement Gathering ~Continuous Integration and Con... Yes, I have experience in these areas.
Interviewer: Great."
REAL-1040,"Education Details 
August 2000 B.E Electronics Pune, Maharashtra Pune University
Operations Manager 

Operations Manager - Delta Controls, Dubai FZCO
Skill Details 
Company Details 
company - Delta Controls, Dubai FZCO
description - Heading Pune Branch [M/s Deltannex Integrators Pvt. Ltd.]                        From Aug '17 till date
Designation - Operations Manager [1st Employee] 
1. Reporting to the GM-Operations 2. Review of SOW, RFQ, Assist the proposal Team on the Engineering man hours, Project Schedule, Organization
Chart and Meeting the client for pre-sales support 3. Review of SOW, RFQ, Client's Purchase Order or contract terms & conditions 4. Project Execution Plans after through discussion with client & consultants 5. Kick of meeting & Ad-hoc meetings with client 6. Project evaluation in terms of outlays & profits 7. Ensuring an appropriate project management framework 8. Management of all contractual and commercial issues related to the project 9. Monitoring, reviewing & reporting of the project progress 10. Coordinating and fostering teamwork & prioritization of team activities 11. Monitor the project budget 12. Apply quality management system and processes 13. Liaison with and reporting to client.
14. Monitoring & complying with invoicing schedules.
15. Compilation and submission of Change Orders / Waivers / Concessions. Responsible for Variation claims with support of proposal team 16. Approving the MRN & follow up with procurement team 17. Planning & Co-ordination of site activities 18. Receive final payment & project official closeout 19. Give a Constant Feedback to proposal based on the lessons learnt to correct the earlier mistakes in the future Proposal 20. Preparation of Project Management Reports in terms of Planned vs Actual based on EV Analysis and Scheduled Variances on biweekly / Monthly basis 21. Exception/ Alert reporting to GM on critical issues 22. Maintains contact with all clients in the market area to ensure high levels of client satisfaction 23. Adheres to all company policies, procedures and business ethics codes and ensures that they are communicated and implemented within the team.
24. Transfer the project to the Project Team with proper internal kick-off and provide all the information including e-mail communication.
25. Clarification e-mail/ phone to customer if any and responses from Customer 26. Site visit for Sales & technical discussions 27. Co-ordinates with Accounts for Tender Bond if any 28. Submission of offers/Tenders 29. Attending TQs/ Revisions / changes from customer 30. Managing revision of offers and costing and submittal if any
company - HONEYWELL AUTOMATION INDIA LTD
description - since May 2015 to June 2016 at HONEYWELL, Seoul, South Korea]

Roles and Responsibilities: 1. Discuss with Honeywell Korea LE / PM and Engineering Manager, understand the work forecast and communicate it to GES stake holders.
2. Understanding Project / Work pack scope and collect required design inputs from Honeywell Korea PM and LE.
3. Communicating Project / Work pack scope and sending required design inputs to GES stake holders (OM / EM) 4. Helping GES office in preparing estimation for GES scope of activities.
5. Discuss GES estimation with Honeywell Korea PM / LE.
6. Coordinate between GES and Honeywell Korea PM / LE so that estimation is agreed by both parties.
7. Helping GES in preparing JAs.
8. Coordinate with Honeywell Korea PM / PC to get purchase orders as per JA.
9. Coordinate with GES and Honeywell Korea for following activities during project execution: a. Understanding GES queries and getting them resolved by discussing with Honeywell Korea LE.
b. Communicating Honeywell Korea requirements / schedules / revised design inputs / revised scope / Concerns / issues / Honeywell Korea comments / customer comments to GES.
c. Understanding GES Change orders and discussing with Honeywell Korea LE / PM.
d. Finalizing change orders.
e. Ensure good quality of GES deliverables by doing spot quality checks.
f. Ensuring that all the procedures standards are being followed at both sides.
g. Ensuring smooth project execution as per agreed project schedules.
h. Ensuring that Deliverables are being sent as per agreed deliverables schedule.
i. Identifying possible issues in project and suggesting corrective actions to both GES & Honeywell Korea.
j. Scheduling Project review meetings whenever required.
k. Attending Proto type tests / demo / Design Review meetings / Pre-Inspection Meetings / Pre KOM / KOM whenever required.
l. Ensuring engineer's travel for Pre-FAT / FAT / attending important meetings like KOM, Proto type tests, etc. as mutually agreed for the project.
m. Arranging invitation letters / CCVI / Work permits, etc. for visa processing of GES engineers.
n. Ensuring that progress reports are being sent regularly by GES EM.
o. Ensuring that Pre-FAT / FAT is progressing smoothly.
10. Preparing and sending Monthly Progress reports to all the stake holders.
11. Arranging monthly teleconference with Honeywell Korea PAS Business Leader, Engineering Manager and GES Operations Manager to understand the progress and issues.
12. Attending Project review meetings with PM / LE / EPC whenever required.
13. Helping Honeywell Korea Sales / Proposal team in understanding GES capabilities and providing required information to them.
14. Reviewing customer RFQs and ensure that all requirements are captured in proposals or informing the requirements / comments to proposal team / Project Manager.
15. Attending estimation review meetings, TBEs, Technical clarification meetings whenever required.

Projects Completed at HONEYWELL, India:

Project (HONEYWELL)   Role   Project Highlights
FGP/WPMP
Client: TCO
MAC: MUSTANG/HONEYWELL

Team Lead
System: EPKS DCS + SIS + FGS
Job:- â¢ HARDWARE Configuration â¢ C-300 Application Development â¢ Timely delivery of the deliverable after ensuring quality check.
â¢ Attending weekly project review meetings (telephonic) with client.

THE PROJECT IS STILL IN STARTING PHASE SO SCOPE OF WORK IS NOT VERY CLEAR.

Grain LNG RTLF
Client: CBI / National Grid, UK

Team Lead
Process: LNG Tanker Loading
System: EPKS DCS + SIS + FGS
C-300 Controller = 1 No.
Job:- â¢ Planning and Monitoring the below mentioned engineering activities- â¢ Design and development of all HARDWARE part as below:- â¦ System Cabinet -01 No â¦ Marshalling Cabinet - 01 No.
â¦ Network Cabinet 01 No.
â¦ System Architecture â¦ Heat and Load Calculation â¦ BOM â¦ Network and Miscellaneous cord schedule â¦ Wiring Schedule â¢ C-300 Application development monitoring â¢ HMI C&E Graphics development monitoring â¢ Testing of simple and complex loops using standard methodology along with HMI (Integrated Testing + Test Reports) â¢ Focal point for communication with client â¢ Timely delivery of the deliverable after ensuring quality check.
â¢ Attending weekly project review meetings (telephonic) with client
This was a FAST track project completed successfully
Got Appreciations from client.

AMC TO HPM Migration-MX8800
Client: Thai Oil Public Co. Ltd.

Team Lead
Process: Furnace
System: TPS
HPM Controller = 1 No.
Job:- â¢ Planning and Monitoring the below mentioned engineering activities- â¢ Loop drawing design using Microsoft VISIO â¢ Logic Point building using HPM builder â¢ PU Calculation and IO Allocation â¢ HPM Database preparation â¢ Downloading of points on HPM test system â¢ Testing of simple and complex loops using standard methodology â¢ Focal point for communication with client â¢ Timely delivery of the deliverable after ensuring quality check.
â¢ Attending weekly project review meetings (telephonic) with client

AMC TO HPM Migration-CCR1
Client: Thai Oil Public Co. Ltd.

Team Lead
Process: Furnace
System: TPS
HPM Controller = 1 No.
Job:- â¢ Planning and Monitoring the below mentioned engineering activities- â¢ Loop drawing design using Microsoft VISIO â¢ Logic Point building using HPM builder â¢ PU Calculation and IO Allocation â¢ HPM Database preparation â¢ Downloading of points on HPM test system â¢ Testing of simple and complex loops using standard methodology â¢ Focal point for communication with client â¢ Timely delivery of the deliverable after ensuring quality check.
â¢ Attending weekly project review meetings (telephonic) with client

Utilities and Offsites
Client: ENPPI
End Client: ETHYDCO, EGYPT

Team Lead
Process: Utilities for ETHYLENE plant.

System: Experion R410.2,
Redundant Controllers = 2Nos.
System Cabinets = 4 Nos.
Marshalling Cabinets = 10 Nos.
Redundant Servers = 1 Pair
Experion Backup Restore = 01 No
Process History Database = 01 No.
FDM Server = 01 No.
Engineering Station - DCS = 01 No.
Operating Stations - DCS = 05 No.
Job:- â¢ Planning the activities like Hardware Engineering, Software Engineering and HMI development..
â¢ Responsible for Hardware Engineering for System, Marshalling, Network, Power Distribution Cabinets etc.
â¢ Preparation of BOM â¢ Answering the queries or doubts from Client â¢ Attending weekly project status meetings with client through video/audio conference.
â¢ FAT completed, at Abu Dhabi, successfully.

Control Plant-3/ Control Plant6
Client: JBK Controls
End Client: Qatar Foundation
Qatar.

Team Lead
Process: HVAC
System: ML200 R (PLC) + Experion
R410.2 (For SCADA only)
Redundant Controllers = 26 Nos.
System/ Marshalling Cabinets = 60 Nos.
Redundant Servers = 2 Pair
FDM Server = 01 No.
Engineering Station - DCS = 02 No.
Operating Stations - DCS = 10 Nos.
Job:- â¢ Monitored the Wiring schematic preparation activity for all 30 PLC control panels (UPS + SYSTEM + MARSHALLING) â¢ Monitored the control panel manufacturing activity for all 30 PLC panels.
â¢ Monitored the internal testing activity of all 30 PLC panels.
â¢ Monitored the FDS document development activity.
â¢ Monitored the FAT document development activity.
â¢ Performed the 2nd level Quality Checks for Wiring Schematics, FDS and FAT document.
â¢ Delivered all the deliverables as mentioned above on time.
â¢ Successfully completed the Pre-FAT and FAT, in presence of client from QATAR.

NORTH SIDE UTILITY TUNNEL HVAC System.
Client: JBK Controls
End Client: Qatar Foundation
Qatar.

Team Lead â¢ Monitored the Wiring schematic preparation activity for all 28 PLC control panels (UPS + SYSTEM + MARSHALLING) â¢ Monitored the control panel manufacturing activity for all 28 PLC panels.
â¢ Monitored the internal testing activity of all 28 PLC panels.
â¢ Monitored the FDS document development activity.
â¢ Monitored the FAT document development activity.
â¢ Performed the 2nd level Quality Checks for Wiring Schematics, FDS and FAT document.
â¢ Delivered all the deliverables as mentioned above on time.
â¢  Successfully completed the Pre-FAT and FAT, in presence of client from QATAR.

TRUCK MARSHALLING AREA HVAC System.
Client: JBK Controls
End Client: Qatar Foundation
Qatar.

Team Lead â¢ Monitored the Wiring schematic preparation activity for all 6 PLC control panels (UPS + SYSTEM + MARSHALLING) â¢ Monitored the control panel manufacturing activity for all 6 PLC panels.
â¢ Monitored the internal testing activity of all 6 PLC panels.
â¢ Monitored the FDS document development activity.
â¢ Monitored the FAT document development activity.
â¢ Performed the 2nd level Quality Checks for Wiring Schematics, FDS and FAT document.
â¢ Delivered all the deliverables as mentioned above on time.
â¢  Successfully completed the Pre-FAT and FAT, in presence of client from QATAR.

Graphics Development
Client: Chevron Oronite.
Singapore.

Team Lead â¢ Prepared the estimation for GRAPHICS DEVELOPMENT job using EPKS HMIWEB Display Builder.
â¢ Completed the development activity within schedule with a very proficient team of 3 engineers.
â¢ Performed the 2nd Level Quality Check for all 66 graphics.
â¢ Delivered the developed graphics as per the delivery schedule.
â¢ Very few defects / comments noticed by clients. (which were accepted and implemented)

TGI Modernization
Client: KH Engineering B.V.
End User: Shell Nederland Raffinaderji B.V.
Amsterdam

Team Lead â¢ Application engineering for Highway Gateway (HG) to EPKS migration based on CMPI database â¢ Application development for Furnace COIL BALANCING loop â¢ Flow Compensation logic development â¢ HMI testing and converting old system HMI scripts to ACE Control Modules â¢ Performed Quality Check activities by extracting logic parameters 
â¢ Trainings Completed: -
company - FOX CONTROLS
description - â¢ Strategically planning and analyzing the basic requirements while setting up the technical infrastructure of the project and reviewing all the project proposals.
â¢ Accountable for PLC and SCADA based application development.
â¢ Perform engineering and commissioning of Process Plants using PLC, DRIVES and SCADA.
â¢ Carrying out thorough Documentation of Engineering details related to the project.
â¢ Organizing and managing resources while creating estimates for the project, Work Breakdown Structure, Project Plan, Contingency Plan & Schedules, preventive maintenance related to instrumentation, PLC, identifying risks within defined scope, quality, time and cost constraints â¢ Interacted with the customers\clients on their projects for providing technical advises & feedbacks, creating high-level requirements.
â¢ Schedule tracking in coordination with site to ensure timely delivery of the Project as planned.
â¢ Proficient in various documentation processes.
â¢ Expert in ensuring the effective utilization of resources; human, material, and facility. Plans and project schedules, tests etc â¢ Adopt at maintaining perfect coordination with the work team & all internal/external parties to freeze the technical parameters/ work scope to iron out any ambiguities; carrying out work measurements and providing technical validation for jobs.
 *Please see Annexure for project details
company - Fox Controls, Dubai
description - Worked as a foundation member for this startup of business by contacting local customers and providing services as per their requirements.

ADDITIONAL RESPONSIBILITY: â¢ Worked as Management Representative for maintaining the ISO 9001:2008 QUALITY SYSTEM.
â¢ Carried out the INTERNAL AUDITS for all the departments in the company for the year 2011.
company - ENERCON (INDIA) LIMITED
description - â¢ Completed 7 projects of capacity ranging from 1.2 MW to 8.4 MW as a Commissioning Leader.
â¢ Got hands on experience with Inverter-Converter system, various power devices like IGBTs, thyristors etc.
â¢ Handled SAP system","Interviewer: Tell me about your background.
Candidate: Education Details 
August 2000 B.E Electronics Pune, Maharashtra Pune University
Operations Manager 

Operations Manager - Delta Controls, Dubai F... Yes, I have experience in these areas.
Interviewer: Great."
REAL-1041,"Expertise â Data and Quantitative Analysis â Decision Analytics â Predictive Modeling â Data-Driven Personalization â KPI Dashboards â Big Data Queries and Interpretation â Data Mining and Visualization Tools â Machine Learning Algorithms â Business Intelligence (BI) â Research, Reports and Forecasts Education Details 
 PGP in Data Science  Mumbai, Maharashtra Aegis School of data science & Business
 B.E. in Electronics & Communication Electronics & Communication Indore, Madhya Pradesh IES IPS Academy
Data Scientist 

Data Scientist with PR Canada
Skill Details 
Algorithms- Exprience - 6 months
BI- Exprience - 6 months
Business Intelligence- Exprience - 6 months
Machine Learning- Exprience - 24 months
Visualization- Exprience - 24 months
spark- Exprience - 24 months
python- Exprience - 36 months
tableau- Exprience - 36 months
Data Analysis- Exprience - 24 monthsCompany Details 
company - Aegis school of Data Science & Business
description - Mostly working on industry project for providing solution along with Teaching Appointments: Teach undergraduate and graduate-level courses in Spark and Machine Learning as an adjunct faculty member at Aegis School of Data Science, Mumbai (2017 to Present)
company - Aegis school of Data & Business
description - Data Science Intern, Nov 2015 to Jan 2016

Furnish executive leadership team with insights, analytics, reports and recommendations enabling effective strategic planning across all business units, distribution channels and product lines.

â Chat Bot using AWS LEX and Tensor flow  Python
The goal of project creates a chat bot for an academic institution or university to handle queries related courses offered by that institute. The objective of this task is to reduce human efforts as well as reduce man made errors. Even by this companies handle their client 24x7. In this case companies are academic institutions and clients are participants or students.
â Web scraping using Selenium web driver   Python
The task is to scrap the data from the online messaging portal in a text format and have to find the pattern form it.
â Data Visualization and Data insights   Hadoop Eco System, Hive, PySpark, QlikSense
The goal of this project is to build a Business Solutions to a Internet Service Provider Company, like handling data which is generated per day basis, for that we have to visualize that data and find the usage pattern form it and have a generate a reports.
â Image Based Fraud Detection   Microsoft Face API, PySpark, Open CV
The main goal of project is Recognize similarity for a face to given Database images. Face recognition is the recognizing a special face from set of different faces. Face is extracted and then compared with the database Image if that Image recognized then the person already applied for loan from somewhere else and now hiding his or her identity, this is how we are going to prevent the frauds in the initial stage itself.
â Churn Analysis for Internet Service Provider   R, Python, Machine Learning, Hadoop
The objective is to identify the customer who is likely to churn in a given period of time; we have to pretend the customer giving incentive offers.
â Sentiment Analysis   Python, NLP, Apache Spark service in IBM Bluemix.
This project is highly emphasis on tweets from Twitter data were taken for mobile networks service provider to do a sentiment analysis and analyze whether the expressed opinion was positive, negative or neutral, capture the emotions of the tweets and comparative analysis.

Quantifiable Results:
â Mentored 7-12 Data Science Enthusiast each year that have all since gone on to graduate school in Data Science and Business Analytics.
â Reviewed and evaluated 20-40 Research Papers on Data Science for one of the largest Data Science Conference called Data Science Congress by Aegis School of Business Mumbai.
â Heading a solution providing organization called Data Science Delivered into Aegis school of Data Science Mumbai and managed 4-5 live projects using Data Science techniques.
â Working for some social cause with the help of Data Science for Social Goods Committee, where our team developed a product called ""Let's find a missing Child"" for helping society.
company - IBM India pvt ltd
description - Mostly worked on blumix and IBM Watson for Data science.","Interviewer: Tell me about your background.
Candidate: Expertise â Data and Quantitative Analysis â Decision Analytics â Predictive Modeling â Data-Driven Personalization â KPI Dashboards â Big... Yes, I have experience in these areas.
Interviewer: Great."
REAL-1042,"Software Proficiency: â¢ Languages: Basics of C, SQL, PL/SQL,JAVA,JAVAEE,Javascript,HTML,CSS,jquery,mysql,Spring ,Hibernate. â¢ Software Tools: Xillinx, Modelsim, Matlab, Multisim. â¢ Operating Systems: Windows XP, Vista, 07, 08, Ubuntu. Project Profile: B.E. Project FPGA Implementation of Team Size: 4. Role: Programmer. AES Algorithm AES is Advanced Encryption Standard which is used in cryptography by which we can protect our data. It encrypted by a Secret Key. T.E. project Sorting Robot. Team Size: 3. Role: Mechanism designer. The TCS 230 sensor sorts the RGB color balls according to their color. Diploma Project RFID Based Student Team Size: 4. Role: Interface. Attendance System Using GSM. In this student show RFID card of his own and then message send via GSM to their parent that his ward is present.Education Details 
May 2016 B.E. Savitribai Phule Pune, Maharashtra Pune University
March 2010 S.S.C   Maharashtra Board
DevOps Engineer 


Skill Details 
C- Exprience - 6 months
C++- Exprience - 6 months
Sql- Exprience - 6 months
Pl/Sql- Exprience - 6 months
Core Java- Exprience - 6 months
Javascript- Exprience - Less than 1 year months
HTML- Exprience - Less than 1 year months
CSS- Exprience - Less than 1 year months
Jquery- Exprience - Less than 1 year months
JavaEE- Exprience - Less than 1 year months
Mysql- Exprience - Less than 1 year months
Python- Exprience - 6 monthsCompany Details 
company - Parkar Consulting and Labs
description - I'm working on the DevOps team in Parkar Consulting and Labs. I have hands on the AWS as well as Python","Interviewer: Tell me about your background.
Candidate: Software Proficiency: â¢ Languages: Basics of C, SQL, PL/SQL,JAVA,JAVAEE,Javascript,HTML,CSS,jquery,mysql,Spring ,Hibernate. â¢ Software Tools: Xill... Yes, I have experience in these areas.
Interviewer: Great."
REAL-1043,"Skills Exceptional communication and networking skills Successful working in a team environment, as well as independently Ability to work under pressure and multi-task Strategies & Campaigns Corporate Communications MIS Reporting & Documentation Training & Development Sales Support & Back Office Operations New Process Development & Launch Handling customer escalationsEducation Details 
 BACHELOR OF BUSINESS ADMINISTRATION BUSINESS ADMINISTRATION  ICFAI Business School
    Integrated Institute Of Management &Technology
    HIGHER SECONDARY SCHOOL, B.I.S.S School
   Delhi, Delhi SENIOR SECONDARY SCHOOL, Delhi Public School
Senior Manager - PMO 


Skill Details 
TRAINING- Exprience - 30 months
DOCUMENTATION- Exprience - 16 months
OPERATIONS- Exprience - 16 months
SALES- Exprience - 8 months
CORPORATE COMMUNICATIONS- Exprience - 6 monthsCompany Details 
company - 
description - Review and understand existing business processes to identify functional requirements to eliminate
waste, improve controllership and deliver flexibility
Identify processes for re-design, prototype potential solutions, calculate trade-offs, costs, and suggest a
recommended course of action by identifying modifications to the new/existing process
Project Management of new requirements and opportunities for applying efficient and effective solutions
Responsible for delivering process reengineering projects across processes by closely working with the relevant businesses and operations units.
Responsible for documentation to train all stakeholders on any changes
company - 
description - Responsible for defining scope of project in accordance with the stakeholders, internal teams and senior
management team.
Prepare project charter with defined timelines for project related activities.
Preparation of Business Requirement Document (BRD), closing Understanding Document (UD) with development team, UAT completion and deployment.
Preparation of training documents, SLAs, SOPs etc. as required.
Conduct training for impacted teams to ensure smooth transition.
company - TELEPERFORMANCE INDIA
description - Driving sales through call center and achieve target with overall responsibility of exploring selling opportunities by understanding customer preferences and requirements.
Conceptualizing and implementing sales promotional activities as a part of pilot batch for new company launch.
Training new joiners through the process of call barging.
Interaction with client to understand requirements and expectations.
Handling call quality sessions with the client.
Handling adhoc requirements from client as well as senior management and delivering timely resolution for the same.
MASTER OF BUSINESS ADMINISTRATION","Interviewer: Tell me about your background.
Candidate: Skills Exceptional communication and networking skills Successful working in a team environment, as well as independently Ability to work under pressu... Yes, I have experience in these areas.
Interviewer: Great."
REAL-1044,"Education Details 
January 2016 B.Sc. Information Technology Mumbai, Maharashtra University of Mumbai
January 2012 HSC  Allahabad, Uttar Pradesh Allahabad university
January 2010 SSC dot Net Allahabad, Uttar Pradesh Allahabad university
Web designer and Developer Trainer 

Web designer and Developer
Skill Details 
Web design- Exprience - 12 months
Php- Exprience - 12 monthsCompany Details 
company - NetTech India
description - Working. ( salary - 12k)
PERSONAL INTEREST

Listening to Music, Surfing net, Watching Movie, Playing Cricket.
company - EPI Center Academy
description - Working.  ( Salary Contract based)
company - Aptech Charni Road
description - Salary Contract based)","Interviewer: Tell me about your background.
Candidate: Education Details 
January 2016 B.Sc. Information Technology Mumbai, Maharashtra University of Mumbai
January 2012 HSC  Allahabad, Uttar Pradesh All... Yes, I have experience in these areas.
Interviewer: Great."
REAL-1045,"Skill Set OS Windows XP/7/8/8.1/10 Database MYSQL, sql server 2005, 2008 & 2012 Languages Core Java Web Technology HTML, CSS Testing Manual Testing, Database Testing Other Bug tracking and reporting, End user handling.Education Details 
January 2016 MCS  Pune, Maharashtra P.V.P College Pravaranagar
January 2011 HSC   A.K.Junior College
January 2009 SSC   A.K.Mahavidyalya
JR TESTING ENGINEER 

JR TESTING ENGINEER - M-Tech Innovations Ltd
Skill Details 
TESTING- Exprience - 24 months
WINDOWS XP- Exprience - 24 months
CSS- Exprience - 6 months
DATABASE- Exprience - 6 months
DATABASE TESTING- Exprience - 6 monthsCompany Details 
company - M-Tech Innovations Ltd
description - Responsibilities â¢     Analyzing the Testing Requirements â¢     Preparing Test Plans, Test Scenarios â¢     Preparing Test Cases â¢     Executing the test cases â¢     Tracking bugs â¢     Coordinating developers in order to fix it â¢     Preparing test summary reports â¢     Reporting quality manager â¢     Attending meeting

Projects
Project Name   1.Web Based Time Attendance Application
Environment    Windows-7, Vista, Windows XP, Windows 8, Windows 10
Clients        MCCIA, Sapphire Park, Bramha Suncity, Wanless hospital
Role           Software Testing
Duration       6 months

Project Name   Android 1.Time Attendance Application   2.Vehicle Tracking System   3.Vistor Management System
Environment    Android Mobile, Android Tablet.
Clients        Vankan Security
Role           Application Testing
Duration       6 months

Project Name   1.Web Based Factory Automation Process   2.Web Based Annual Maintenance Charges
Environment    Windows-7, Vista, Windows XP, Windows 8, Windows 10
Role           Software Testing
Duration       6 months

Project Name   Web Based Library Management System
Environment    Windows-7, Vista, Windows XP, Windows 8, Windows 10
Role           Software Testing
Duration       6 months","Interviewer: Tell me about your background.
Candidate: Skill Set OS Windows XP/7/8/8.1/10 Database MYSQL, sql server 2005, 2008 & 2012 Languages Core Java Web Technology HTML, CSS Testing Manual Testing, D... Yes, I have experience in these areas.
Interviewer: Great."
REAL-1046,"Education Details 
January 2016 Bachelor Of Engineering LEAN PROJECTS Mumbai, Maharashtra Mumbai University
January 2013 Diploma Computer Engineering Ratnagiri, Maharashtra Maharashtra State Board of Technical Education
SAP CONSULTANT 

SAP CONSULTANT - Quick Learner
Skill Details 
Company Details 
company - Quick Learner
description - Groomed skills with Microsoft Excel.
Job Responsibilities:
Working on Centralized SAP Security project which includes User            â¢ VBA programming for automation.
Level authorizations including Role creation and changes. and
Compliance policy maintenance for SAP systems.
â¢ Confidence and Positive Attitude.
Assisting users in troubleshooting and identifying authorization
issues using SU53 and trace analysis.
Willingness to learn & work in team.
Working on GRC 10.X Access Control application and all its
component.
â¢ Strong analytical thinking, documentation and design skills
Assisting in defining the scope of a project/opportunities,
estimating efforts and project timelines.
Hands on experience in SAP Market Place for creating User /                â¢ Adaptable to new environment, with ability to get along with
OSS Ids/Developer Keys.		people.","Interviewer: Tell me about your background.
Candidate: Education Details 
January 2016 Bachelor Of Engineering LEAN PROJECTS Mumbai, Maharashtra Mumbai University
January 2013 Diploma Computer Engineerin... Yes, I have experience in these areas.
Interviewer: Great."
REAL-1047,"Additional qualifications April 2000, Web Designing Course with above average computer skillsEducation Details 
January 2000 to January 2001 Bachelor of Arts Sociology Mumbai, Maharashtra The Mumbai University
January 1998 to January 2000 Bachelor of Arts Sociology  Sophia College
January 1997 to January 1998 H.S.C.   Sophia College
January 1995 to January 1996 S.S.C.   St. Teresa's Convent High School
Head business development, arts 

Head business development, arts
Skill Details 
Company Details 
company - British Council
description - Responsibilities
Ã± Strategic oversight responsibility for programmes in the performing arts (music, theatre and dance) and other cultural sectors.
Ã± lead on the conception and oversight of specific large-scale programmes within the overall Arts
programme,
Ã± Represent the British Council at external events in India and act as deputy to the Director, Arts when required.
Ã± Oversee and manage resources to deliver compelling communications for applicants that convey
British Council's grants like Charles Wallace India trust, Young Creative Entrepreneurs and
Chevening Clore scholarship programs on time and with excellence
Ã± Shortlisting and Interviewing potential applicants for existing relevant grants or fellowships.
Ã± Oversee a diverse range of proposals, progress reports and related projects
Ã± Ensuring effective and timely identification and communication of program progress
Ã± Lead a team of six project managers across the country and manage the performance of the team
responsible for executing arts projects with partnerships built into their work, expertise within their
geographic region to ensure arts insight and knowledge is available as and when required.
Ã± Managing relations with existing partners, and developing relationships with targeted new partners and key government officials and ensuring that market insight into business development
opportunities is built into the planning of new programmes
Ã± Primary strategic responsibility for the marketing of the Arts program in India, to ensure that the program builds a reputation that will be attractive to potential partners, in partnership with the
Marketing and Communications team.
company - British Council
description - is a cultural relations organization creating international opportunities for the people of the UK and other countries by building trust between them worldwide. They have offices in six continents and over 100 countries bringing international opportunity to life, every day. Each year they work with millions of people, connecting them with the United Kingdom, sharing their cultures and the UK's most attractive
assets: English, the Arts, and Education. They have 80 years' experience of doing this
company - British Council
description - Responsibilities
Ã± Leading the strategic development of British Council's work in the music sector in India/ Sri Lanka
region and building and maintaining strong international partnerships across sectors in India/ Sri
Lanka and the UK
Ã± Developing strong external partnerships that lead to significant external investment in BC activities and enabling the delivery of an ambitious programme of music sector activities and events thus
strengthening cultural relationships between India/ Sri Lanka and the UK
Ã±    Leading the implementation of the music programme within India and Sri Lanka along with detailed
project plans in liaison with colleagues from India/ Sri Lanka and the UK
Ã±    Proactive management of budgets and timelines for all projects
Ã±    Ensuring systematic evaluation of projects, including developing effective systems and processes for capturing both quantitative and qualitative information about effectiveness of projects and longer
term impact
Ã±    Management of a team across India and Sri Lanka, contributing to recruitment and development/
mentoring of staff
company - British Council
description - Responsibilities
Ã± Planning and organizing logistics related to events, buildings, performers/artists and other
personnel
Ã± Marketing a performance or event through social media, direct mail, advertising, use of a website,
producing posters or publicity leaflets and attracting media coverage
Ã± Planning and managing budgets
Ã± Programming and booking performances and events, including arrangements for tours in India
Ã± Development of new projects and initiatives in consultation with arts professionals and key
stakeholders (e.g. local authorities, local government and communities, venue directors and regional partners)
Ã± Taking responsibility for operational and office management issues such as venue accessibility,
health and safety issues
Ã± Implementing and maintaining office and information systems
Ã± Providing administration support to managers and the director
Ã± Ensuring corporate and legal requirements are complied with, and reporting to the head of the unit
company - British Council
description - Responsibilities
Ã± Developing of new specific new projects and initiatives in the music, film and visual art sector in consultation with the Council and key stakeholders
Ã± Planning and managing budgets
Ã± Supporting the marketing a performance or event through social media, direct mail, advertising, use of a website, producing posters or publicity leaflets and attracting media coverage
Ã± Programming the outreach and workshops for the respective programmes.
company - AirCheck India
description - The company intended to launch stations in both these metros on August 29, 2001.
For its Mumbai FM station, WIN had the basic infrastructure that includes a studio and production facilities.
The transmission tower for the station is located in central Mumbai.

Responsibilities
Ã± Generating and researching ideas for programmes and pitching for commissions
Ã± Sourcing potential contributors and interviewees
Ã± Selecting music appropriate to the programme, the audience and the station
Ã± Producing pre-production briefings for presenters, reporters, technical staff and other contributors
Ã± Managing the logistics of getting people, resources and equipment together to the right place at the right time
Ã± undertaking editing, interviewing and reporting duties as necessary
Ã± Presenting programmes or managing presenters for both pre-recorded and recorded output
Ã± Checking that copyrights are cleared and understanding media law
Ã± Using editing and mixing software's like 'Sonic Foundry Vegas', 'Sonic Foundry Sound Forge',
'Acid', and 'Midi'.
company - Rave Magazine
description - Rave Magazine was the definitive voice of music emerging from the Indian sub-continent and the lifestyle
that surrounds it. Through exclusive reporting, a unique sensibility, and with an editorial team with over 20
years of experience in publishing, RAVE Magazine covers every genre of music emerging from the region and provides new perspectives on International music.

Responsibilities
Ã± Maintain production schedules and report on the progress
Ã± Overview the staff, manage and supervise photographers and freelance writers and generally
provide administrative support for the editor
Ã± Participated in production meetings and brain storming sessions to decide on the direction, future
trends and contents of the publication
company - Xs Events
description - Xs Events is an event management company primarily dealing with corporate clients who used different
events to increase an audience's exposure with a brand.

Responsibilities
Ã± Development, production and delivery of projects from proposal right up to delivery.
Ã± Delivering events on time, within budget
Ã± Maintaining timelines and priorities on every project
Ã± Managing supplier relationships
Ã±    Managing operational and administrative         functions to ensure specific projects are delivered
efficiently
company - Banyan Tree Communications
description - Responsibilities
Ã± Sourcing potential contributors and interviewees
Ã± Selecting music appropriate to the programme, the audience and the station
Ã± undertaking editing, interviewing and reporting duties as necessary
Ã± Checking that copyrights are cleared and understanding media law
company - French Embassy
description - on a part time basis.
company - British Council
description - Mumbai
Advice students on various academic opportunities in the United Kingdom and assisted with various
exhibitions by the British Council.","Interviewer: Tell me about your background.
Candidate: Additional qualifications April 2000, Web Designing Course with above average computer skillsEducation Details 
January 2000 to January 2001 Bachelor... Yes, I have experience in these areas.
Interviewer: Great."
REAL-1048,"TECHNICAL SKILLS Skills: Java, SQL, PL/SQL, C, C++, BootStrap, JSP, Ext JS Operating Systems: Windows Tools: Toad, Eclipse, SoapBox, Postman Databases: Oracle, MS-SQL, MS-Access, MS-ExcelEducation Details 
January 2017 B.E. Computer Technology Gondia, MAHARASHTRA, IN Manoharbhai Patel Institute of Engineering and Technology
 HSC  Gondia, MAHARASHTRA, IN S.M.P. Science College
Java Developer 

Java Developer - Xoriant Solutions Pvt Ltd
Skill Details 
Company Details 
company - Xoriant Solutions Pvt Ltd
description - Pune
Period                Sept' 2017 to till date
Role                  Java Developer
Description           ResRent is a team responsible for the development of various
modules for Hertz. They are responsible for the development of screens in the portfolios they look after, and act as a
primary control function; developing webservices to ensure it can
be hit by XML and JSON. We build various modules which are
inbuilt in Hertz to provide interfaces for end users in their tasks.
Tools                 Eclipse, TOAD, SoapBox, Postman
Responsibilities      - Develop module from Backend to Middleware to Frontend.
- Bugs fixing and proactive developing of enhancements
- Resolve Application incidents within defined UCs & creating
different Task ticket as well.
- Debug and provide solution for workflow.
- Resolving DB issues and providing technical support to BAs.
- Keeping track of deployments and effect of same on ongoing
jobs
- Contribution towards automation of daily activities and process
based organization
- On-time, within-budget delivery meeting customers' quality
expectations.
- Maintain knowledge base of domain, known defects and issues,
processes and development techniques.
company - Xoriant Solutions Pvt Ltd
description - Strong communication, collaboration & team building skills with proficiency at grasping
new technical concepts quickly and utilize the same in a productive manner.
â Experience in development in Web application.
â Resolve project related issues in minimal time.
â Able to communicate effectively with multifunctional teams, programmers and technical staff at all levels.
â Good knowledge of Java, Sql, Ext JS, JSP, XML, Web services.
â Good interpersonal & analytical skills with proven abilities in resolving the complex
software issue.","Interviewer: Tell me about your background.
Candidate: TECHNICAL SKILLS Skills: Java, SQL, PL/SQL, C, C++, BootStrap, JSP, Ext JS Operating Systems: Windows Tools: Toad, Eclipse, SoapBox, Postman Databases... Yes, I have experience in these areas.
Interviewer: Great."
REAL-1049,"IT Skills: Area Exposure Modeling Tool: Bizagi, MS Visio Prototyping Tool: Indigo Studio. Documentation: MS Office (MS Word, MS Excel, MS Power Point) Testing Proficiency: Smoke, Sanity, Integration, Functional, Acceptance and UI Methodology implemented: Waterfall, Agile (Scrum) Database: SQL Testing Tool: HPQC Business Exposure Education Details 
 Bachelor Of Computer Engineering Computer Engineering Mumbai, Maharashtra Thadomal Shahani Engineering college
 Diploma Computer Engineering Ulhasnagar, Maharashtra Institute of Technology
 Secondary School Certificate  Ulhasnagar, Maharashtra New English High School
Senior Business Analyst - RPA 

Senior Business Analyst - RPA - Hexaware Technologies
Skill Details 
DOCUMENTATION- Exprience - 47 months
TESTING- Exprience - 29 months
INTEGRATION- Exprience - 25 months
INTEGRATOR- Exprience - 25 months
PROTOTYPE- Exprience - 13 monthsCompany Details 
company - Hexaware Technologies
description - Working as a RPA Business Analyst
company - BBH- Brown Brothers Harriman & Co
description - is a private bank that provides commercial banking, investment management, brokerage, and trust services to private companies and individuals. It also performs merger advisory, foreign exchange, custody services, commercial banking, and corporate financing services.

Responsibilities: â¢ Performed Automation Assessment of various Processes and identified processes which can be candidates of RPA.
â¢ Conducting Assessment that involves an initial Understanding of the Existing System, their technology, processes, Usage of the tools, Feasibility of tool with automation tool along with automation ROI analysis.
â¢ Preparing the Automation Potential Sheet which describes the steps in the process, the volume and frequency of the transaction, the AHT taken by SME to perform the process and depending on the steps that could be automated, Automation potential and the manual efforts that will be saved are calculated.
Calculating the complexity of the Process which is considered for automation and depending on all these factors Number of Bots and Number of Automation tool Licenses are determined.
â¢ Implementing a Proof of Concept (POC) to Validate Feasibility by executing the selected critical use cases for conducting a POC which will helps to identify financial and operational benefits and provide recommendations regarding the actual need for complete automation.
â¢ Gathering business requirements by conducting detailed interviews with business users, stakeholders, and Subject Matter Experts (SME's) â¢ Preparing Business Requirement Document and then converted Business requirements into Functional Requirements Specification.
 â¢ Constructing prototype early toward a design acceptable to the customer and feasible.
â¢ Assisting in designing test plans, test scenarios and test cases for integration, regression, and user acceptance testing (UAT) to improve the overall quality of the Automation.
â¢ Participating regularly in Walkthroughs and Review meetings with Project Manager, QA Engineers, and Development team.
â¢ Regularly interacting with offshore and onshore development teams.
company - FADV - First Advantage
description - is a criminal background check company that delivers global solutions ranging from employment screenings to background checks.
The following are the processes which were covered:
Email Process, Research Process, Review Process.

Responsibilities: â¢ Requirement Gathering through conducting Interviews & Brainstorming sessions with stakeholders â¢ To develop decision models and execute those rules as per the use case specifications.
â¢ To Test/validate the decision models against document test data.
â¢ To maintain and enhance the decision models for changes in regulations as per use case specifications.
â¢ Responsible for performing the business research that will make a business growth.
â¢ Developing a clear understanding of existing business functions and processes.
â¢ Effectively communicate with the onsite clients for the queries, suggestions, and update.
â¢ Giving suggestions to enhance the current processes.
â¢ Identifying areas for process improvement.
â¢ Flagging up potential problems at an early stage.
â¢ Preparing PowerPoint presentations and documents for business meetings.
â¢ Using any information gathered to write up detailed reports.
â¢ Highlighting risks and issues that could impact project delivery.
â¢ Able to work accurately.
â¢ To develop and maintain documentation for internal team training and client end user operations.
â¢ To work efficiently with team members and across teams.
â¢ To mentor and train junior team members.
company - Clinical Testing, Lab Work and Diagnostic Testing
description - IQVIA provides services to its customers this includes: Clinical Testing, Lab Work and Diagnostic Testing under clinical trial. These customers need to pay to IQVIA and aging details and invoices are generated for the same.
The following are the processes which were covered:

Tracking Payments, Automated Real Time Metrics Reporting (Dashboard), Past Due Notifications, AR Statements, Credit/Rebill.
Responsibilities: â¢ Conducting meetings with clients and key stakeholders to gather requirements, analyze, finalize and have formal sign-offs from approvers Gather and perform analysis of the business requirements â¢ Translating the business requirements into the Business Requirement Document [BRD], Functional Requirement Document [FRD].
â¢ Facilitating meetings with the appropriate subject matter experts in both business and technology teams â¢ Coordinating with business user community for the execution of user acceptance test as well as tracking issues â¢ Working, collaborating and coordinating with Offshore and Onsite team members to fulfill the BA responsibilities from project initiation to Post-Implementation â¢ Reviewing the test scripts with business users as well as technology team. Execute test scripts with expected results for the System Integration Test (SIT) and User Acceptance Test (UAT) â¢ Coordinating and conducting the Production Acceptance Testing (PAT) with the business users â¢ Creating flow diagrams, structure charts, and other types of system or process representations â¢ Managing changes to requirements and baseline through a change control process â¢ Utilizing standard methods, design and testing tools throughout project development life cycle â¢ Work closely with the operational functional teams, operations management, and personnel, and various technology teams to facilitate a shared understanding of requirements and priorities across all areas
company - Eduavenir IT Solution
description - Project: M.B.M.S

M.B.M.S. - is an Inventory management application that allows user to manage inventory details of different warehouses, having different products located at various locations and help extract what goods have been procured, sold or returned by customers. It generates automated invoicesalong withcustomized reports. It also managescustomer complaint and resolution system implementation along with automated MIS on monthly basis.Sales and forecastingis also developed on MIS System and the streamlining of process of warehousing and dispatch along with online proof of delivery management system (POD documentation) is generated.

Responsibilities: â¢ Participate in requirement gathering discussion with client to understand the flow of business processes â¢ Analyze the requirements and determine the core processes, develop Process Documentation and ensure to stay up-to-date in conjunction with on-going changes â¢ Participate in process flow analysis and preparing BRD, SRS.
â¢ Coordinating with developers, designers & operations teams for various nuances of the project, communicate the stakeholder requirements from requirement /enhancement to implementation and finally deliver the same within estimated timeframe.
â¢ Support UAT by reviewing test cases, manage version control of documents, software builds.
â¢ Coordinate with the stakeholders for UAT sign off and coordinate internally for production movement till Golive stage of the application.
â¢ Provide demo and training to internal and end user using PowerPoint presentation.
â¢ Resolving project functional &technical issues during UAT.
â¢ Prioritizing the Production bugs and resolving the same within the estimated timeframe.
â¢ Preparing Project Status Report and Production Bugs Status to all the stakeholders.
â¢ Promoting and Networking for online trading platform.
â¢ Designing query sheet for obtaining and comparison of quotes from various vendors.
â¢ Development of product codes / material codes for inventory management (Master Data Management)
company - CAPGEMINI Head Office
description - Type: Mobile and Device Testing.       Duration: January 2014 - August 2014

Follet - An application which takes an electronic request from the user for the books he requires from a particular follet store. This detailed information about books that will include the name of the book, its price, the date of the transaction and the parties involved which will then be sent to follet stores. User then create request for one or more books for a given date. This request is then processed further and user gets a mail of the date when he will be provided with that book.

Responsibilities: â¢ Understanding the needs and business requirements.
â¢ Preparing BRD, SRS by eliciting all the requirements from the client and SMEs â¢ Understanding the dependency of the modules in the system â¢ Preparation of test plan for Unit level and Integration level.
â¢ Preparation and execution of test cases.
â¢ Defect tracking, Issue Resolution, Risk Monitoring, Status Tracking, Reporting and Follow-up.
â¢ Preparation of Test Completion report.
company - CAPGEMINI Head Office
description - 
company - CAPGEMINI Head Office
description - Humana is a health care insurance project of U.S. which deals with supplying various medicines to citizens as per the doctor's reference and patient's insurance policy. This application keeps track of all the medicines user has consumed in the past and generates a patient history. A citizen is given a drug only after the doctor's reference so the doctor's information is also linked with the patient's history.

Responsibilities: â¢ Understanding the requirements and getting clarifications from client.
â¢ Involved in writing test cases based on test scenarios and execute them.
â¢ Ensuring Test Coverage using Requirement Traceability Matrix (RTM) â¢ Preparation of Test Completion report.
company - CAPGEMINI Head Office
description - Testing Trends WQR (World Quality Report) is an application which allows the users to take a survey on different methods and technologies used for testing. Users can choose to answer any type of questions under three different categories. Users have a facility to search, view and export the data to excel. Also, users get daily and weekly reports through email about the new trends in testing implemented around the globe. Testing Trends WQR app is available on Android and IOS platforms.

Responsibilities: â¢ Understanding the requirements and getting clarifications from client.
â¢ Writing test cases based on test scenarios and executed them.
â¢ Performing different types of testing such as Functional, Integration, System, and UAT.
â¢ Defect resolution and maintenance of the application.","Interviewer: Tell me about your background.
Candidate: IT Skills: Area Exposure Modeling Tool: Bizagi, MS Visio Prototyping Tool: Indigo Studio. Documentation: MS Office (MS Word, MS Excel, MS Power Point)... Yes, I have experience in these areas.
Interviewer: Great."
